Handle,Title,Body (HTML),Vendor,Type,Tags,Published,Option1 Name,Option1 Value,Variant SKU,Variant Grams,Variant Inventory Tracker,Variant Inventory Qty,Variant Inventory Policy,Variant Fulfillment Service,Variant Price,Variant Requires Shipping,Variant Taxable,Image Src,Image Position,Image Alt Text,Gift Card,Status
novitec-hydraulic-adjustment-suspension-springs-with-fiorano-package-sf90,Hydraulic Adjustment System with Suspension Springs - Ferrari SF90 Stradale & Spider - F5 090 30/ 40 - Novitec,"<h2>Description</h2> <p>The <strong>NOVITEC Hydraulic Adjustment System with Suspension Springs</strong> for the <strong>Ferrari SF90 Stradale and SF90 Spider</strong> combines performance lowering with practical front axle lift functionality. The system includes a specially developed <strong>suspension spring set</strong> designed to lower the vehicle in combination with the original suspension while maintaining factory damper control.</p> <p>At the front axle, a <strong>40mm hydraulic lift adjustment</strong> can be activated at the push of a button, allowing additional ground clearance when needed (e.g., speed bumps or ramps). The integrated <strong>CAN control unit</strong> ensures seamless electronic integration, while the original damper adjustment system remains fully functional.</p> <p>Two versions are available depending on whether the vehicle is equipped with the <strong>Fiorano package</strong>.</p> <h2>Compatibility</h2> <p>Ferrari <strong>SF90 Stradale</strong><br>Ferrari <strong>SF90 Spider</strong></p> <p>Available Versions:</p> <ul> <li> <p>For vehicles <strong>with Fiorano package</strong><br><strong>Part Number:</strong> F5 090 30</p> </li> <li> <p>For vehicles <strong>without Fiorano package</strong><br><strong>Part Number:</strong> F5 090 40</p> </li> </ul> <h2>Key Features</h2> <ul> <li> <p>Hydraulic front axle lift system (approx. 40mm adjustment)</p> </li> <li> <p>Includes suspension spring set for performance lowering</p> </li> <li> <p>Maintains original factory damper adjustment</p> </li> <li> <p>CAN-controlled electronic integration</p> </li> <li> <p>Activated at the push of a button</p> </li> <li> <p>Improves stance while maintaining everyday usability</p> </li> </ul> <h2>Included Components</h2> <ul> <li> <p>Suspension spring set</p> </li> <li> <p>Hydraulic front axle lift system (40mm)</p> </li> <li> <p>CAN control unit</p> </li> <li> <p>Required mounting and installation components (as supplied by NOVITEC)</p> </li> </ul> <h2>Technical Details</h2> <ul> <li> <p>Manufacturer: NOVITEC</p> </li> <li> <p>Product Type: Hydraulic Suspension Adjustment System</p> </li> <li> <p>Front Lift Adjustment: Approx. 40mm</p> </li> <li> <p>Integration: CAN bus controlled</p> </li> <li> <p>Compatibility: With or without Fiorano package (depending on version)</p> </li> </ul> <h2>Installation</h2> <p>Professional installation is strongly recommended to ensure correct integration with the suspension and electronic systems. Wheel alignment is required after installation.</p> <h2>Special Order</h2> <p>Lead time approximately <strong>4–6 weeks</strong></p>",Novitec,Suspension,"brand_novitec, car_ferrari, category_suspension, condition_new, install_available, model_sf90, pricing_buy_now",TRUE,Variant,With Fiorano Package,F5 090 30,0,shopify,1,deny,manual,31900.00,TRUE,TRUE,https://cdn.shopify.com/s/files/1/0701/4472/0949/files/Screenshot2026-02-06at12.22.55.png,1,Hydraulic Adjustment System with Suspension Springs - Ferrari SF90 Stradale & Spider - F5 090 30/ 40 - Novitec,FALSE,active
novitec-hydraulic-adjustment-suspension-springs-with-fiorano-package-sf90,,,,,,,,Without Fiorano Package,F5 090 40,0,shopify,4,deny,manual,31900.00,TRUE,TRUE,,,,,
novitec-nf11-wheel-tyre-set-21-21j-solid-colors-incl-central-cover,NF11 Forged Aluminium Wheel Set with Central Lock - Ferrari SF90 Stradale & Spider - F4 090 69/ 38/91 - Novitec,"<h2>Description</h2> <p>The <strong>NOVITEC Forged Aluminium Wheel Set NF11 Central Lock Look</strong> for the <strong>Ferrari SF90 Stradale and SF90 Spider</strong> combines ultra-lightweight forged engineering with a bold motorsport-inspired <strong>central lock appearance</strong>. Designed to replicate the look of a single center locking system while retaining compatibility with the factory multi-bolt hub setup, the NF11 delivers an authentic racing aesthetic without structural modification.</p> <p>Each set includes a <strong>central cover available in black, red, or silver</strong>, allowing customization to perfectly match the vehicle’s styling theme.</p> <p>Manufactured from high-grade forged aluminium, the NF11 wheels reduce unsprung mass while maintaining exceptional strength, improving steering precision, cornering stability, and overall driving performance.</p> <h2>Compatibility</h2> <p>Ferrari <strong>SF90 Stradale</strong><br>Ferrari <strong>SF90 Spider</strong></p> <h2>Available Versions</h2> <h3>With Tyres</h3> <p>Complete wheel and tyre package:</p> <ul> <li> <p>Front Axle: <strong>9.5J x 21</strong> with <strong>255/30 R21</strong></p> </li> <li> <p>Rear Axle: <strong>12.0J x 21</strong> with <strong>325/25 R21</strong></p> </li> </ul> <p><strong>Product Number:</strong> F4 090 69</p> <h3>Without Tyres</h3> <p>Wheel set only:</p> <ul> <li> <p>Front Axle: <strong>9.5J x 21</strong></p> </li> <li> <p>Rear Axle: <strong>12.0J x 21</strong></p> </li> </ul> <p><strong>Product Number:</strong> F4 090 38 / F4 090 91</p> <h2>Key Features</h2> <ul> <li> <p>Forged aluminium wheel construction</p> </li> <li> <p>Central Lock Look design</p> </li> <li> <p>Includes central cover in black, red, or silver</p> </li> <li> <p>Lightweight and high-strength construction</p> </li> <li> <p>Enhances handling precision and driving stability</p> </li> <li> <p>Motorsport-inspired styling</p> </li> <li> <p>OEM-level fitment and integration</p> </li> <li> <p>Available with or without tyres</p> </li> </ul> <h2>Included Components</h2> <p>Depending on selected version:</p> <ul> <li> <p>4x NOVITEC NF11 forged wheels</p> </li> <li> <p>Central covers (black, red, or silver – selectable)</p> </li> <li> <p>Performance tyres (if ordered with tyre package)</p> </li> <li> <p>Mounting hardware (as supplied by NOVITEC)</p> </li> </ul> <h2>Technical Details</h2> <ul> <li> <p>Manufacturer: NOVITEC</p> </li> <li> <p>Wheel Type: NF11 Central Lock Look</p> </li> <li> <p>Material: Forged Aluminium</p> </li> <li> <p>Front Size: 9.5J x 21</p> </li> <li> <p>Rear Size: 12.0J x 21</p> </li> <li> <p>Tyre Sizes (if applicable): 255/30 R21 (Front), 325/25 R21 (Rear)</p> </li> </ul> <h2>Installation</h2> <p>Professional installation and wheel alignment are strongly recommended to ensure proper fitment and optimal performance.</p> <h2>Special Order</h2> <p>Lead time approximately <strong>4–6 weeks</strong></p>",Novitec,Wheels,"brand_novitec, car_ferrari, category_wheels, condition_new, install_available, model_sf90, pricing_buy_now",TRUE,Variant,With Tyres,F4 090 69,0,shopify,1,deny,manual,69900.00,TRUE,TRUE,https://cdn.shopify.com/s/files/1/0701/4472/0949/files/Screenshot2026-01-04at06.43.09.png,1,NF11 Forged Aluminium Wheel Set with Central Lock - Ferrari SF90 Stradale & Spider - F4 090 69/ 38/91 - Novitec,FALSE,active
novitec-nf11-wheel-tyre-set-21-21j-solid-colors-incl-central-cover,,,,,,,,Without Tyres,F4 090 38/91,0,shopify,4,deny,manual,59900.00,TRUE,TRUE,,,,,
novitec-nf11-wheel-tyre-set-21-21j-solid-colors-incl-central-cover,,,,,,,,,,,,,,,,,,https://cdn.shopify.com/s/files/1/0701/4472/0949/files/Screenshot_2026-02-15_at_11.55.46.png,2,NF11 Forged Aluminium Wheel Set with Central Lock - Ferrari SF90 Stradale & Spider - F4 090 69/ 38/91 - Novitec,,
novitec-nf10-wheel-tyre-set-21-21j-solid-colors-incl-central-cover,NF10 Forged Aluminium Wheel Set with Central Lock - Ferrari SF90 Stradale & Spider - F4 090 63/ 33/90 - Novitec,"<h2>Description</h2> <p>The <strong>NOVITEC Forged Aluminium Wheel Set NF10 Central Lock Look</strong> for the <strong>Ferrari SF90 Stradale and SF90 Spider</strong> combines advanced forged construction with an aggressive motorsport-inspired <strong>central lock appearance</strong>. Designed to replicate the look of a single central locking system while retaining standard mounting compatibility, the NF10 delivers a bold racing aesthetic without modifying the factory hub setup.</p> <p>Each wheel set includes a <strong>central cover available in black, red, or silver</strong>, allowing customization to match the vehicle’s styling.</p> <p>Manufactured from premium forged aluminium, the NF10 wheels reduce unsprung mass while maintaining maximum strength and structural rigidity, enhancing steering precision, stability, and overall driving dynamics.</p> <h2>Compatibility</h2> <p>Ferrari <strong>SF90 Stradale</strong><br>Ferrari <strong>SF90 Spider</strong></p> <h2>Available Versions</h2> <h3>With Tyres</h3> <p>Complete wheel and tyre package:</p> <ul> <li> <p>Front Axle: <strong>9.5J x 21</strong> with <strong>255/30 R21</strong></p> </li> <li> <p>Rear Axle: <strong>12.0J x 21</strong> with <strong>325/25 R21</strong></p> </li> </ul> <p><strong>Product Number:</strong> F4 090 63</p> <h3>Without Tyres</h3> <p>Wheel set only:</p> <ul> <li> <p>Front Axle: <strong>9.5J x 21</strong></p> </li> <li> <p>Rear Axle: <strong>12.0J x 21</strong></p> </li> </ul> <p><strong>Product Number:</strong> F4 090 33 / F4 090 90</p> <h2>Key Features</h2> <ul> <li> <p>Forged aluminium wheel construction</p> </li> <li> <p>Central Lock Look design</p> </li> <li> <p>Includes central cover in black, red, or silver</p> </li> <li> <p>Lightweight and high-strength construction</p> </li> <li> <p>Enhances handling precision and driving stability</p> </li> <li> <p>OEM-level fitment and integration</p> </li> <li> <p>Available with or without tyres</p> </li> </ul> <h2>Included Components</h2> <p>Depending on selected version:</p> <ul> <li> <p>4x NOVITEC NF10 forged wheels</p> </li> <li> <p>Central covers (black, red, or silver – selectable)</p> </li> <li> <p>Performance tyres (if ordered with tyre package)</p> </li> <li> <p>Mounting hardware (as supplied by NOVITEC)</p> </li> </ul> <h2>Technical Details</h2> <ul> <li> <p>Manufacturer: NOVITEC</p> </li> <li> <p>Wheel Type: NF10 Central Lock Look</p> </li> <li> <p>Material: Forged Aluminium</p> </li> <li> <p>Front Size: 9.5J x 21</p> </li> <li> <p>Rear Size: 12.0J x 21</p> </li> <li> <p>Tyre Sizes (if applicable): 255/30 R21 (Front), 325/25 R21 (Rear)</p> </li> </ul> <h2>Installation</h2> <p>Professional installation and wheel alignment are strongly recommended to ensure correct fitment and optimal performance.</p> <h2>Special Order</h2> <p>Lead time approximately <strong>4–6 weeks</strong></p>",Novitec,Wheels,"brand_novitec, car_ferrari, category_wheels, condition_new, install_available, model_sf90, pricing_buy_now",TRUE,Variant,With Tyres,F4 090 63,0,shopify,2,deny,manual,69900.00,TRUE,TRUE,https://cdn.shopify.com/s/files/1/0701/4472/0949/files/Screenshot2026-01-04at06.45.04_f9247a42-2b0e-4748-a75f-811b78907b5f.png,1,NF10 Forged Aluminium Wheel Set with Central Lock - Ferrari SF90 Stradale & Spider - F4 090 63/ 33/90 - Novitec,FALSE,active
novitec-nf10-wheel-tyre-set-21-21j-solid-colors-incl-central-cover,,,,,,,,Without Tyres,F4 090 33/90,0,shopify,6,deny,manual,59900.00,TRUE,TRUE,,,,,
novitec-nf10-wheel-tyre-set-21-21j-solid-colors-incl-central-cover,,,,,,,,,,,,,,,,,,https://cdn.shopify.com/s/files/1/0701/4472/0949/files/Screenshot_2026-02-15_at_11.42.44.png,2,NF10 Forged Aluminium Wheel Set with Central Lock - Ferrari SF90 Stradale & Spider - F4 090 63/ 33/90 - Novitec,,
novitec-nf9-wheel-tyre-set-20-21j-solid-colors-255-35-r20-325-25-r21,NF9 Forged Aluminium Wheel Set - Ferrari SF90 Stradale & Spider - F4 090 37/ 07/80 - Novitec,"<h2>Description</h2> <p>The <strong>NOVITEC Forged Aluminium Wheel Set NF9</strong> for the <strong>Ferrari SF90 Stradale and SF90 Spider</strong> combines lightweight forged construction with a bold and modern multi-spoke design. Engineered to reduce unsprung mass while maintaining maximum strength, the NF9 wheels enhance steering response, cornering stability, and overall driving precision.</p> <p>Manufactured from high-grade forged aluminium, the NF9 wheel set ensures durability, performance, and precise OEM-level fitment. The wheels are available either <strong>with high-performance tyres mounted</strong> or <strong>without tyres</strong>, depending on the selected configuration.</p> <h2>Compatibility</h2> <p>Ferrari <strong>SF90 Stradale</strong><br>Ferrari <strong>SF90 Spider</strong></p> <h2>Available Versions</h2> <h3>With Tyres</h3> <p>Complete wheel and tyre package:</p> <ul> <li> <p>Front Axle: <strong>9.5J x 21</strong> with <strong>255/30 R21</strong></p> </li> <li> <p>Rear Axle: <strong>12.0J x 21</strong> with <strong>325/25 R21</strong></p> </li> </ul> <p><strong>Product Number:</strong> F4 090 37</p> <h3>Without Tyres</h3> <p>Wheel set only:</p> <ul> <li> <p>Front Axle: <strong>9.5J x 21</strong></p> </li> <li> <p>Rear Axle: <strong>12.0J x 21</strong></p> </li> </ul> <p><strong>Product Number:</strong> F4 090 07 / F4 090 80</p> <h2>Key Features</h2> <ul> <li> <p>Forged aluminium wheel construction</p> </li> <li> <p>Lightweight and high-strength design</p> </li> <li> <p>Enhances handling precision and stability</p> </li> <li> <p>Distinctive NF9 styling</p> </li> <li> <p>OEM-level integration and precise fitment</p> </li> <li> <p>Available with or without tyres</p> </li> </ul> <h2>Included Components</h2> <p>Depending on selected version:</p> <ul> <li> <p>4x NOVITEC NF9 forged wheels</p> </li> <li> <p>Performance tyres (if ordered with tyre package)</p> </li> <li> <p>Mounting hardware (as supplied by NOVITEC)</p> </li> </ul> <h2>Technical Details</h2> <ul> <li> <p>Manufacturer: NOVITEC</p> </li> <li> <p>Wheel Type: NF9 Forged</p> </li> <li> <p>Material: Forged Aluminium</p> </li> <li> <p>Front Size: 9.5J x 21</p> </li> <li> <p>Rear Size: 12.0J x 21</p> </li> <li> <p>Tyre Sizes (if applicable): 255/30 R21 (Front), 325/25 R21 (Rear)</p> </li> </ul> <h2>Installation</h2> <p>Professional installation and wheel alignment are strongly recommended to ensure proper fitment and optimal performance.</p> <h2>Special Order</h2> <p>Lead time approximately <strong>4–6 weeks</strong></p>",Novitec,Wheels,"brand_novitec, car_ferrari, category_wheels, condition_new, install_available, model_sf90, pricing_buy_now",TRUE,Variant,With Tyres,F4 090 37,0,shopify,1,deny,manual,69900.00,TRUE,TRUE,https://cdn.shopify.com/s/files/1/0701/4472/0949/files/Screenshot2026-01-04at06.42.26_2c8dfa50-df5a-46d8-8e05-471be1a4abab.png,1,NF9 Forged Aluminium Wheel Set - Ferrari SF90 Stradale & Spider - F4 090 37/ 07/80 - Novitec,FALSE,active
novitec-nf9-wheel-tyre-set-20-21j-solid-colors-255-35-r20-325-25-r21,,,,,,,,Without Tyres,F4 090 07/80,0,shopify,2,deny,manual,59900.00,TRUE,TRUE,,,,,
novitec-nf9-wheel-tyre-set-20-21j-solid-colors-255-35-r20-325-25-r21,,,,,,,,,,,,,,,,,,https://cdn.shopify.com/s/files/1/0701/4472/0949/files/Screenshot_2026-02-14_at_15.47.43.png,2,NF9 Forged Aluminium Wheel Set - Ferrari SF90 Stradale & Spider - F4 090 37/ 07/80 - Novitec,,
novitec-nf8-directional-forged-wheel-9-5j-x-20j-front-solid-colors,NF8 Forged Aluminium Wheel Set - Ferrari SF90 Stradale & Spider - F4 090 25/ 11/70 - Novitec,"<h2>Description</h2> <p>The <strong>NOVITEC Aluminium Wheel Type NF8 Directional Forged</strong> for the <strong>Ferrari SF90 Stradale and SF90 Spider</strong>combines advanced forging technology with a distinctive directional design for maximum performance and visual impact. Engineered to reduce unsprung mass while maintaining exceptional structural strength, the NF8 wheels enhance steering precision, stability, and overall driving dynamics.</p> <p>Manufactured from premium forged aluminium, the NF8 directional wheel set ensures precise OEM-level fitment and is available either <strong>with high-performance tyres mounted</strong> or <strong>without tyres</strong>, depending on configuration preference.</p> <h2>Compatibility</h2> <p>Ferrari <strong>SF90 Stradale</strong><br>Ferrari <strong>SF90 Spider</strong></p> <h2>Available Versions</h2> <h3>With Tyres</h3> <p>Complete wheel and tyre package:</p> <ul> <li> <p>Front Axle: <strong>9.5J x 21</strong> with <strong>255/30 R21</strong></p> </li> <li> <p>Rear Axle: <strong>12.0J x 21</strong> with <strong>325/25 R21</strong></p> </li> </ul> <p><strong>Product Number:</strong> F4 090 25</p> <h3>Without Tyres</h3> <p>Wheel set only:</p> <ul> <li> <p>Front Axle: <strong>9.5J x 21</strong></p> </li> <li> <p>Rear Axle: <strong>12.0J x 21</strong></p> </li> </ul> <p><strong>Product Number:</strong> F4 090 11 / F4 090 70</p> <h2>Key Features</h2> <ul> <li> <p>Directional forged aluminium wheel construction</p> </li> <li> <p>Lightweight and high-strength design</p> </li> <li> <p>Enhanced handling and driving stability</p> </li> <li> <p>Distinctive NF8 directional styling</p> </li> <li> <p>OEM-level integration and precise fitment</p> </li> <li> <p>Available with or without tyres</p> </li> </ul> <h2>Included Components</h2> <p>Depending on selected version:</p> <ul> <li> <p>4x NOVITEC NF8 forged wheels</p> </li> <li> <p>Performance tyres (if ordered with tyre package)</p> </li> <li> <p>Mounting hardware (as supplied by NOVITEC)</p> </li> </ul> <h2>Technical Details</h2> <ul> <li> <p>Manufacturer: NOVITEC</p> </li> <li> <p>Wheel Type: NF8 Directional Forged</p> </li> <li> <p>Material: Forged Aluminium</p> </li> <li> <p>Front Size: 9.5J x 21</p> </li> <li> <p>Rear Size: 12.0J x 21</p> </li> <li> <p>Tyre Sizes (if applicable): 255/30 R21 (Front), 325/25 R21 (Rear)</p> </li> </ul> <h2>Installation</h2> <p>Professional installation and wheel alignment are strongly recommended to ensure proper fitment and optimal performance.</p> <h2>Special Order</h2> <p>Lead time approximately <strong>4–6 weeks</strong></p>",Novitec,Wheels,"brand_novitec, car_ferrari, category_wheels, condition_new, install_available, model_sf90, pricing_buy_now",TRUE,Variant,Without Tyres,F4 090 11/70,0,shopify,1,deny,manual,59900.00,TRUE,TRUE,https://cdn.shopify.com/s/files/1/0701/4472/0949/files/Screenshot2026-02-07at13.01.48.png,1,NF8 Forged Aluminium Wheel Set - Ferrari SF90 Stradale & Spider - F4 090 25/ 11/70 - Novitec,FALSE,active
novitec-nf8-directional-forged-wheel-9-5j-x-20j-front-solid-colors,,,,,,,,With Tyres,F4 090 25,0,shopify,5,deny,manual,69900.00,TRUE,TRUE,,,,,
novitec-nf8-directional-forged-wheel-9-5j-x-20j-front-solid-colors,,,,,,,,,,,,,,,,,,https://cdn.shopify.com/s/files/1/0701/4472/0949/files/Screenshot_2026-02-26_at_17.09.21.png,2,NF8 Forged Aluminium Wheel Set - Ferrari SF90 Stradale & Spider - F4 090 25/ 11/70 - Novitec,,
novitec-switchtronic-with-novitec-exhaust-tectronic-sf90,SWITCHTRONIC Module - Ferrari SF90 Stradale & Spider - F1 090 90 - Novitec,"<h2>Description</h2> <p>The <strong>NOVITEC SWITCHTRONIC</strong> for the <strong>Ferrari SF90 Stradale and SF90 Spider</strong> allows manual control of exhaust systems equipped with <strong>flap regulation</strong>, enabling the driver to open and close the exhaust valves directly from the cockpit via radio remote.</p> <p>Designed specifically for <strong>NOVITEC exhaust systems with flap regulation</strong>, SWITCHTRONIC provides full control over the vehicle’s exhaust sound characteristics — from a refined driving tone to an aggressive motorsport-inspired sound at the push of a button.</p> <p>The system must be purchased <strong>in combination with a NOVITEC exhaust system and NOVITEC TECTRONIC module</strong>, ensuring proper electronic integration and error-free operation.</p> <h2>Compatibility</h2> <p>Ferrari <strong>SF90 Stradale</strong><br>Ferrari <strong>SF90 Spider</strong></p> <p>For use with:</p> <ul> <li> <p>NOVITEC exhaust systems with flap-regulation</p> </li> </ul> <p>Purchase Requirement:</p> <ul> <li> <p>Only in combination with <strong>NOVITEC exhaust system</strong></p> </li> <li> <p>Only in combination with <strong>NOVITEC TECTRONIC module</strong></p> </li> </ul> <h2>Key Features</h2> <ul> <li> <p>Remote-controlled exhaust flap operation</p> </li> <li> <p>Open and close exhaust valves on demand</p> </li> <li> <p>Compatible with NOVITEC flap-regulated exhaust systems</p> </li> <li> <p>Independent control from factory drive modes</p> </li> <li> <p>Seamless OEM-level electronic integration</p> </li> <li> <p>Designed to work with NOVITEC TECTRONIC</p> </li> </ul> <h2>Included Components</h2> <ul> <li> <p>NOVITEC SWITCHTRONIC control module</p> </li> <li> <p>Radio remote control</p> </li> <li> <p>Required wiring / installation components (as supplied by NOVITEC)</p> </li> </ul> <h2>Technical Details</h2> <ul> <li> <p>Manufacturer: NOVITEC</p> </li> <li> <p>Product Type: Exhaust Valve Control Module</p> </li> <li> <p>Function: Remote flap regulation</p> </li> <li> <p>Compatibility: NOVITEC exhaust systems with flap-regulation</p> </li> </ul> <h2>Installation</h2> <p>Professional installation is strongly recommended to ensure correct integration with the vehicle’s exhaust valve system and electronic control modules. Must be installed together with NOVITEC exhaust and TECTRONIC.</p> <h2>Part Number</h2> <ul> <li> <p><strong>F1 090 90</strong></p> </li> </ul> <h2>Special Order</h2> <p>Lead time approximately <strong>4–6 weeks</strong></p>",Novitec,Exhaust,"brand_novitec, car_ferrari, category_exhaust, condition_new, install_available, model_sf90, pricing_buy_now",TRUE,Title,Default Title,F1 090 90,0,shopify,2,deny,manual,3900.00,TRUE,TRUE,https://cdn.shopify.com/s/files/1/0701/4472/0949/files/Screenshot_2026-02-14_at_14.30.40.png,1,SWITCHTRONIC Module - Ferrari SF90 Stradale & Spider - F1 090 90 - Novitec,FALSE,active
novitec-gtronic-gpf-error-avoidance-with-novitec-exhaust-systems-sf90,GTRONIC Module - Ferrari SF90 Stradale & Spider - F1 090 88 - Novitec,"<h2>Description</h2> <p>The <strong>NOVITEC GTRONIC Module</strong> for the <strong>Ferrari SF90 Stradale and SF90 Spider</strong> is designed to prevent error indications related to the <strong>Gasoline Particulate Filter (GPF)</strong> when installing NOVITEC exhaust systems. This advanced electronic module ensures correct communication with the vehicle’s onboard diagnostic system, avoiding warning messages triggered by modified exhaust components.</p> <p>The GTRONIC module is engineered for seamless OEM-level integration and must be installed <strong>only in combination with a NOVITEC exhaust system</strong>.</p> <h2>Compatibility</h2> <p>Ferrari <strong>SF90 Stradale</strong><br>Ferrari <strong>SF90 Spider</strong></p> <p>For use with:</p> <ul> <li> <p>NOVITEC exhaust systems</p> </li> </ul> <p>Installation Requirement:</p> <ul> <li> <p>Only in combination with <strong>NOVITEC exhaust systems</strong></p> </li> </ul> <h2>Key Features</h2> <ul> <li> <p>Prevents GPF-related error indications</p> </li> <li> <p>Designed specifically for NOVITEC exhaust systems</p> </li> <li> <p>Ensures proper communication with vehicle electronics</p> </li> <li> <p>Maintains OEM-level diagnostic functionality</p> </li> <li> <p>Seamless electronic integration</p> </li> </ul> <h2>Included Components</h2> <ul> <li> <p>NOVITEC GTRONIC module</p> </li> <li> <p>Required wiring / installation components (as supplied by NOVITEC)</p> </li> </ul> <h2>Technical Details</h2> <ul> <li> <p>Manufacturer: NOVITEC</p> </li> <li> <p>Product Type: Electronic Control Module</p> </li> <li> <p>Application: GPF error prevention</p> </li> <li> <p>Compatibility: NOVITEC exhaust systems</p> </li> </ul> <h2>Installation</h2> <p>Professional installation is strongly recommended to ensure correct integration with the vehicle’s electronic systems. Must be installed in combination with a NOVITEC exhaust system.</p> <h2>Part Number</h2> <ul> <li> <p><strong>F1 090 88</strong></p> </li> </ul> <h2>Special Order</h2> <p>Lead time approximately <strong>4–6 weeks</strong></p>",Novitec,Exhaust,"brand_novitec, car_ferrari, category_exhaust, condition_new, install_available, model_sf90, pricing_buy_now",TRUE,Title,Default Title,F1 090 88,0,shopify,6,deny,manual,4900.00,TRUE,TRUE,https://cdn.shopify.com/s/files/1/0701/4472/0949/files/Screenshot2026-02-06at12.19.07.png,1,GTRONIC Module - Ferrari SF90 Stradale & Spider - F1 090 88 - Novitec,FALSE,active
novitronic-module-for-exhaust-flap-regulation-sf90,NOVITRONIC Module - Ferrari SF90 Stradale & Spider - F1 090 85 - Novitec,"<h2>Description</h2> <p>The <strong>NOVITEC NOVITRONIC Module</strong> for the <strong>Ferrari SF90 Stradale and SF90 Spider</strong> is designed to prevent diagnostic error messages when installing exhaust systems <strong>without flap-regulation</strong>. This module ensures proper communication with the vehicle’s onboard electronics, avoiding fault codes related to the factory exhaust valve control system.</p> <p>Engineered for seamless OEM-level integration, the NOVITRONIC module maintains full system functionality while allowing the installation of NOVITEC exhaust systems that do not include flap regulation.</p> <h2>Compatibility</h2> <p>Ferrari <strong>SF90 Stradale</strong><br>Ferrari <strong>SF90 Spider</strong></p> <p>For use with:</p> <ul> <li> <p>Exhaust systems <strong>without flap-regulation</strong></p> </li> </ul> <h2>Key Features</h2> <ul> <li> <p>Prevents diagnostic errors related to exhaust flap control</p> </li> <li> <p>Designed for vehicles fitted with exhaust systems without flap-regulation</p> </li> <li> <p>Ensures proper communication with factory electronics</p> </li> <li> <p>Maintains OEM-level system functionality</p> </li> <li> <p>Seamless integration with NOVITEC exhaust setups</p> </li> </ul> <h2>Included Components</h2> <ul> <li> <p>NOVITEC NOVITRONIC module</p> </li> <li> <p>Required wiring / installation components (as supplied by NOVITEC)</p> </li> </ul> <h2>Technical Details</h2> <ul> <li> <p>Manufacturer: NOVITEC</p> </li> <li> <p>Product Type: Electronic Control Module</p> </li> <li> <p>Function: Exhaust flap diagnostic error prevention</p> </li> <li> <p>Vehicle Application: SF90 Stradale / SF90 Spider</p> </li> </ul> <h2>Installation</h2> <p>Professional installation is strongly recommended to ensure correct integration with the vehicle’s electronic systems and proper functionality.</p> <h2>Part Number</h2> <ul> <li> <p><strong>F1 090 85</strong></p> </li> </ul> <h2>Special Order</h2> <p>Lead time approximately <strong>4–6 weeks</strong></p>",Novitec,Exhaust,"brand_novitec, car_ferrari, category_exhaust, condition_new, install_available, model_sf90, pricing_buy_now",TRUE,Title,Default Title,F1 090 85,0,shopify,2,deny,manual,2900.00,TRUE,TRUE,https://cdn.shopify.com/s/files/1/0701/4472/0949/files/Screenshot2026-02-06at12.29.53.png,1,NOVITRONIC Module - Ferrari SF90 Stradale & Spider - F1 090 85 - Novitec,FALSE,active
novitec-tectronic-with-novitec-exhaust-purchase-sf90,TECTRONIC Module - Ferrari SF90 Stradale & Spider - F1 090 80 - Novitec,"<h2>Description</h2> <p>The <strong>NOVITEC TECTRONIC Module</strong> for the <strong>Ferrari SF90 Stradale and SF90 Spider</strong> is designed to prevent error indications from the vehicle’s diagnostic system when installing a <strong>NOVITEC exhaust system</strong> in combination with <strong>NOVITEC sport metal catalysts</strong> or modifications involving <strong>OPF / GPF systems</strong>.</p> <p>This electronic control module ensures proper communication with the vehicle’s onboard systems, preventing warning messages related to catalyst efficiency or particulate filter monitoring. The TECTRONIC module maintains seamless OEM-level integration while allowing the full performance potential of NOVITEC exhaust upgrades.</p> <p>The module must be purchased <strong>in combination with a NOVITEC exhaust system</strong>.</p> <h2>Compatibility</h2> <p>Ferrari <strong>SF90 Stradale</strong><br>Ferrari <strong>SF90 Spider</strong></p> <p>Required when using:</p> <ul> <li> <p>NOVITEC exhaust systems</p> </li> <li> <p>NOVITEC sport metal catalysts</p> </li> <li> <p>Applications affecting OPF / GPF systems</p> </li> </ul> <p>Purchase Requirement:</p> <ul> <li> <p>Only available in combination with a <strong>NOVITEC exhaust system</strong></p> </li> </ul> <h2>Key Features</h2> <ul> <li> <p>Prevents catalyst and OPF / GPF related error indications</p> </li> <li> <p>Designed for use with NOVITEC exhaust and sport catalysts</p> </li> <li> <p>Ensures proper communication with vehicle electronics</p> </li> <li> <p>Maintains OEM-level system functionality</p> </li> <li> <p>Seamless integration with factory control systems</p> </li> </ul> <h2>Included Components</h2> <ul> <li> <p>NOVITEC TECTRONIC module</p> </li> <li> <p>Required wiring / installation components (as supplied by NOVITEC)</p> </li> </ul> <h2>Technical Details</h2> <ul> <li> <p>Manufacturer: NOVITEC</p> </li> <li> <p>Product Type: Electronic Control Module</p> </li> <li> <p>Application: Exhaust system and catalyst error prevention</p> </li> <li> <p>Compatibility: NOVITEC exhaust systems and sport catalysts</p> </li> </ul> <h2>Installation</h2> <p>Professional installation is strongly recommended to ensure correct integration with the vehicle’s electronic systems. Must be purchased and installed in combination with a NOVITEC exhaust system.</p> <h2>Part Number</h2> <ul> <li> <p><strong>F1 090 80</strong></p> </li> </ul> <h2>Special Order</h2> <p>Lead time approximately <strong>4–6 weeks</strong></p>",Novitec,Exhaust,"brand_novitec, car_ferrari, category_exhaust, condition_new, install_available, model_sf90, pricing_buy_now",TRUE,Title,Default Title,F1 090 80,0,shopify,2,deny,manual,4900.00,TRUE,TRUE,https://cdn.shopify.com/s/files/1/0701/4472/0949/files/tempImageSC1Wyu.jpg,1,TECTRONIC Module - Ferrari SF90 Stradale & Spider - F1 090 80 - Novitec,FALSE,active
novitec-carbon-stainless-steel-tailpipes-2-pcs-black-carbon-cover-gloss-sf90,Tailpipes Carbon-Stainless Steel (2-Piece Set) - Ferrari SF90 Stradale & Spider - F1 090 50/ 55/ 51/ 56/ 52/ 57 - Novitec,"<h2>Description</h2> <p>The <strong>NOVITEC Carbon-Stainless Steel Tailpipes (2-Piece Set)</strong> for the <strong>Ferrari SF90 Stradale and SF90 Spider</strong>enhance the rear appearance with a refined and aggressive performance finish. Designed for compatibility with both the <strong>NOVITEC exhaust system</strong> and the <strong>original factory exhaust</strong>, these tailpipes provide seamless OEM-level integration.</p> <p>Manufactured from premium stainless steel and available with carbon fiber covers or exclusive <strong>999 fine gold plating</strong>, the tailpipes combine durability, heat resistance, and striking visual presence. Multiple finish options allow full customization to match the vehicle’s styling.</p> <h2>Compatibility</h2> <p>Ferrari <strong>SF90 Stradale</strong><br>Ferrari <strong>SF90 Spider</strong></p> <p>Compatible with:</p> <ul> <li> <p>NOVITEC exhaust system</p> </li> <li> <p>Original factory exhaust system</p> </li> </ul> <h2>Available Versions</h2> <h3>Black Tailpipes with Carbon Cover (Gloss)</h3> <p><strong>Part Number:</strong> F1 090 50</p> <h3>Gold-Plated (999 Fine Gold) with Carbon Cover (Gloss)</h3> <p><strong>Part Number:</strong> F1 090 55</p> <h3>Black Tailpipes with Carbon Cover (Matte)</h3> <p><strong>Part Number:</strong> F1 090 51</p> <h3>Gold-Plated (999 Fine Gold) with Carbon Cover (Matte)</h3> <p><strong>Part Number:</strong> F1 090 56</p> <h3>Black Tailpipes (Without Carbon Cover)</h3> <p><strong>Part Number:</strong> F1 090 52</p> <h3>Stainless Steel – Gold-Plated (999 Fine Gold)</h3> <p><strong>Part Number:</strong> F1 090 57</p> <h2>Key Features</h2> <ul> <li> <p>Carbon-stainless steel tailpipes – 2-piece set</p> </li> <li> <p>Compatible with NOVITEC and OEM exhaust systems</p> </li> <li> <p>Available in gloss or matte carbon cover finishes</p> </li> <li> <p>Optional 999 fine gold-plated versions</p> </li> <li> <p>Heat-resistant and corrosion-resistant construction</p> </li> <li> <p>Enhances rear styling with a premium motorsport look</p> </li> <li> <p>OEM-level integration and precise fitment</p> </li> </ul> <h2>Included Components</h2> <ul> <li> <p>Tailpipes – 2 pieces (selected version)</p> </li> <li> <p>Required mounting / installation components (as supplied by NOVITEC)</p> </li> </ul> <h2>Technical Details</h2> <ul> <li> <p>Manufacturer: NOVITEC</p> </li> <li> <p>Product Type: Tailpipes</p> </li> <li> <p>Quantity: 2 Pieces</p> </li> <li> <p>Material: Stainless Steel / Carbon Fiber Cover (depending on version)</p> </li> <li> <p>Finish Options: Black / Gold-Plated / Carbon Gloss / Carbon Matte</p> </li> <li> <p>Compatibility: NOVITEC &amp; OEM Exhaust</p> </li> </ul> <h2>Installation</h2> <p>Professional installation is strongly recommended to ensure proper alignment and secure mounting.</p> <h2>Special Order</h2> <p>Lead time approximately <strong>4–6 weeks</strong></p>",Novitec,Exhaust,"brand_novitec, car_ferrari, category_exhaust, condition_new, install_available, model_sf90, pricing_buy_now",TRUE,Variant,Carbon Gloss,F1 090 50,0,shopify,6,deny,manual,7900.00,TRUE,TRUE,https://cdn.shopify.com/s/files/1/0701/4472/0949/files/Screenshot2026-02-06at12.30.44.png,1,Tailpipes Carbon-Stainless Steel (2-Piece Set) - Ferrari SF90 Stradale & Spider - F1 090 50/ 55/ 51/ 56/ 52/ 57 - Novitec,FALSE,active
novitec-carbon-stainless-steel-tailpipes-2-pcs-black-carbon-cover-gloss-sf90,,,,,,,,Carbon Gloss with 999 Gold,F1 090 55,0,shopify,1,deny,manual,10900.00,TRUE,TRUE,,,,,
novitec-carbon-stainless-steel-tailpipes-2-pcs-black-carbon-cover-gloss-sf90,,,,,,,,Carbon Matt,F1 090 51,0,shopify,6,deny,manual,7900.00,TRUE,TRUE,,,,,
novitec-carbon-stainless-steel-tailpipes-2-pcs-black-carbon-cover-gloss-sf90,,,,,,,,Carbon Matt with 999 Gold,F1 090 56,0,shopify,1,deny,manual,10900.00,TRUE,TRUE,,,,,
novitec-carbon-stainless-steel-tailpipes-2-pcs-black-carbon-cover-gloss-sf90,,,,,,,,Black,F1 090 52,0,shopify,2,deny,manual,6900.00,TRUE,TRUE,,,,,
novitec-carbon-stainless-steel-tailpipes-2-pcs-black-carbon-cover-gloss-sf90,,,,,,,,Gold Plated 999,F1 090 57,0,shopify,2,deny,manual,9900.00,TRUE,TRUE,,,,,
novitec-carbon-stainless-steel-tailpipes-2-pcs-black-carbon-cover-gloss-sf90,,,,,,,,,,,,,,,,,,https://cdn.shopify.com/s/files/1/0701/4472/0949/files/Screenshot_2026-02-07_at_12.43.20.png,2,Tailpipes Carbon-Stainless Steel (2-Piece Set) - Ferrari SF90 Stradale & Spider - F1 090 50/ 55/ 51/ 56/ 52/ 57 - Novitec,,
novitec-sport-metal-catalysts-set-heat-protected-sf90,Sport Metal Catalysts - Ferrari SF90 Stradale & Spider - F1 090 45/ 79 - Novitec,"<h2>Description</h2> <p>The <strong>NOVITEC Sport Metal Catalysts (Set – Complete Heat Protected)</strong> for the <strong>Ferrari SF90 Stradale and SF90 Spider</strong> are engineered to optimize exhaust efficiency while maintaining catalytic functionality. Designed to reduce exhaust back pressure, these high-performance sport metal catalysts improve throttle response and enhance the overall exhaust sound profile.</p> <p>Each set is supplied <strong>complete with heat protection</strong> to ensure optimal thermal management under demanding performance conditions. An exclusive version is also available with additional high-temperature heat protection and <strong>999 fine gold plating</strong> for superior heat reflection and an exceptional visual finish.</p> <p>Compatible with both the <strong>NOVITEC exhaust system</strong> and the <strong>original factory exhaust system</strong>, these sport catalysts are designed for precise OEM-level integration.</p> <h2>Compatibility</h2> <p>Ferrari <strong>SF90 Stradale</strong><br>Ferrari <strong>SF90 Spider</strong></p> <p>Compatible with:</p> <ul> <li> <p>NOVITEC exhaust system</p> </li> <li> <p>Original factory exhaust system</p> </li> </ul> <h2>Available Versions</h2> <h3>Complete Heat Protected</h3> <p>High-performance sport metal catalysts with full heat protection.<br><strong>Part Number:</strong> F1 090 45</p> <h3>Gold-Plated (999 Fine Gold)</h3> <p>Covered with high-temperature heat protection and finished with <strong>999 fine gold plating</strong> for maximum thermal reflection and exclusivity.<br><strong>Part Number:</strong> F1 090 79</p> <h2>Key Features</h2> <ul> <li> <p>Sport metal catalysts – set</p> </li> <li> <p>Reduced exhaust back pressure for improved performance</p> </li> <li> <p>Enhanced throttle response and exhaust acoustics</p> </li> <li> <p>Complete heat-protected construction</p> </li> <li> <p>Optional 999 fine gold-plated version</p> </li> <li> <p>Compatible with NOVITEC and OEM exhaust systems</p> </li> <li> <p>OEM-level integration and precise fitment</p> </li> </ul> <h2>Included Components</h2> <ul> <li> <p>Sport metal catalysts – set</p> </li> <li> <p>Integrated heat protection</p> </li> <li> <p>Required mounting / installation components (as supplied by NOVITEC)</p> </li> </ul> <h2>Technical Details</h2> <ul> <li> <p>Manufacturer: NOVITEC</p> </li> <li> <p>Product Type: Sport Metal Catalysts</p> </li> <li> <p>Heat Protection: Complete</p> </li> <li> <p>Finish Options: Standard Heat-Protected / 999 Fine Gold-Plated</p> </li> <li> <p>Compatibility: NOVITEC &amp; OEM Exhaust</p> </li> </ul> <h2>Installation</h2> <p>Professional installation is strongly recommended. Please note that sport catalysts may not comply with emissions regulations in certain markets and may be intended for motorsport or export use only where applicable laws permit.</p> <h2>Special Order</h2> <p>Lead time approximately <strong>4–6 weeks</strong></p>",Novitec,Exhaust,"brand_novitec, car_ferrari, category_exhaust, condition_new, install_available, model_sf90, pricing_buy_now",TRUE,Variant,Regular,F1 090 45,0,shopify,5,deny,manual,30900.00,TRUE,TRUE,https://cdn.shopify.com/s/files/1/0701/4472/0949/files/Screenshot2026-02-06at12.37.33.png,1,Sport Metal Catalysts - Ferrari SF90 Stradale & Spider - F1 090 45/ 79 - Novitec,FALSE,active
novitec-sport-metal-catalysts-set-heat-protected-sf90,,,,,,,,Gold plated 999,F1 090 79,0,shopify,6,deny,manual,37900.00,TRUE,TRUE,,,,,
novitec-sport-metal-catalysts-set-heat-protected-sf90,,,,,,,,,,,,,,,,,,https://cdn.shopify.com/s/files/1/0701/4472/0949/files/Screenshot2026-02-06at12.37.58.png,2,Sport Metal Catalysts - Ferrari SF90 Stradale & Spider - F1 090 45/ 79 - Novitec,,
novitec-exhaust-system-with-flap-regulation-stainless-steel-heat-protected-sf90,Power Optimized Exhaust System with Flap Regulation - Ferrari SF90 Stradale & Spider - F1 090 11/ 26/ 76 - Novitec,"<h2>Description</h2> <p>The <strong>NOVITEC Power Optimized Exhaust System (With Flap Regulation – Complete Heat Protected)</strong> for the <strong>Ferrari SF90 Stradale and SF90 Spider</strong> is engineered to enhance performance, throttle response, and exhaust acoustics while maintaining everyday drivability. By optimizing exhaust flow and reducing back pressure, this system delivers a dynamic and powerful sound profile with improved engine efficiency.</p> <p>Equipped with <strong>flap regulation</strong>, the system allows active control of the exhaust valves, enabling a refined tone in comfort mode and a fully aggressive motorsport sound when desired.</p> <p>Each version is supplied <strong>complete with heat protection</strong>, ensuring optimal thermal management under high-performance conditions. The system is available in multiple material options to meet different performance and exclusivity requirements.</p> <h2>Compatibility</h2> <p>Ferrari <strong>SF90 Stradale</strong><br>Ferrari <strong>SF90 Spider</strong></p> <h2>Available Versions</h2> <h3>Stainless Steel – Complete Heat Protected</h3> <p>High-quality stainless-steel construction with full heat protection.<br><strong>Part Number:</strong> F1 090 11</p> <h3>INCONEL – Complete Heat Protected</h3> <p>Ultra-lightweight INCONEL construction for maximum performance and reduced weight, fully heat protected.<br><strong>Part Number:</strong> F1 090 26</p> <h3>INCONEL – Gold-Plated (999 Fine Gold)</h3> <p>INCONEL version covered with high-temperature heat protection and finished with <strong>999 fine gold plating</strong> for superior thermal reflection and exclusive appearance.<br><strong>Part Number:</strong> F1 090 76</p> <h2>Key Features</h2> <ul> <li> <p>Power optimized exhaust system with flap regulation</p> </li> <li> <p>Active exhaust valve control for adjustable sound</p> </li> <li> <p>Reduced back pressure for enhanced performance</p> </li> <li> <p>Complete heat-protected construction</p> </li> <li> <p>Available in stainless steel or ultra-lightweight INCONEL</p> </li> <li> <p>Optional 999 fine gold-plated INCONEL version</p> </li> <li> <p>OEM-level integration and precise fitment</p> </li> </ul> <h2>Included Components</h2> <ul> <li> <p>Power optimized exhaust system (selected version)</p> </li> <li> <p>Integrated flap-regulation system</p> </li> <li> <p>Complete heat protection</p> </li> <li> <p>Required mounting / installation components (as supplied by NOVITEC)</p> </li> </ul> <h2>Technical Details</h2> <ul> <li> <p>Manufacturer: NOVITEC</p> </li> <li> <p>Product Type: Performance Exhaust System</p> </li> <li> <p>Flap Regulation: Yes</p> </li> <li> <p>Heat Protection: Complete</p> </li> <li> <p>Material Options: Stainless Steel / INCONEL / INCONEL Gold-Plated</p> </li> </ul> <h2>Installation</h2> <p>Professional installation is strongly recommended to ensure correct alignment, proper integration of the flap-regulation system, and optimal thermal management.</p> <h2>Special Order</h2> <p>Lead time approximately <strong>4–6 weeks</strong></p>",Novitec,Exhaust,"brand_novitec, car_ferrari, category_exhaust, condition_new, install_available, model_sf90, pricing_buy_now",TRUE,Variant,Stainless steel,F1 090 11,0,shopify,4,deny,manual,35900.00,TRUE,TRUE,https://cdn.shopify.com/s/files/1/0701/4472/0949/files/Screenshot2026-02-06at12.31.05.png,1,Power Optimized Exhaust System with Flap Regulation - Ferrari SF90 Stradale & Spider - F1 090 11/ 26/ 76 - Novitec,FALSE,active
novitec-exhaust-system-with-flap-regulation-stainless-steel-heat-protected-sf90,,,,,,,,Inconel,F1 090 26,0,shopify,5,deny,manual,42900.00,TRUE,TRUE,,,,,
novitec-exhaust-system-with-flap-regulation-stainless-steel-heat-protected-sf90,,,,,,,,Inconel Gold 999,F1 090 76,0,shopify,4,deny,manual,54900.00,TRUE,TRUE,,,,,
novitec-exhaust-system-with-flap-regulation-stainless-steel-heat-protected-sf90,,,,,,,,,,,,,,,,,,https://cdn.shopify.com/s/files/1/0701/4472/0949/files/Screenshot_2026-03-03_at_13.22.51.png,2,Power Optimized Exhaust System with Flap Regulation - Ferrari SF90 Stradale & Spider - F1 090 11/ 26/ 76 - Novitec,,
novitec-exhaust-system-race-no-flap-regulation-stainless-steel-heat-protected-sf90,Power Optimized Exhaust System RACE without Flap Regulation - Ferrari SF90 Stradale & Spider - F1 090 10/ 25/ 75 - Novitec,"<h2>Description</h2> <p>The <strong>NOVITEC Power Optimized Exhaust System RACE (Without Flap Regulation – Complete Heat Protected)</strong>for the <strong>Ferrari SF90 Stradale and SF90 Spider</strong> is engineered for maximum performance and an uncompromising motorsport sound experience. Designed to significantly reduce back pressure and optimize exhaust flow, the RACE system delivers enhanced throttle response and a distinctly aggressive exhaust note.</p> <p>This version is supplied <strong>without flap regulation</strong> and features <strong>complete heat protection</strong> to ensure optimal thermal management under extreme driving conditions. The system is available in multiple material options to suit performance and weight requirements.</p> <h2>Compatibility</h2> <p>Ferrari <strong>SF90 Stradale</strong><br>Ferrari <strong>SF90 Spider</strong></p> <h2>Available Versions</h2> <h3>Stainless Steel – Complete Heat Protected</h3> <p>Durable and corrosion-resistant stainless-steel construction with full heat protection.<br><strong>Part Number:</strong> F1 090 10</p> <h3>INCONEL – Complete Heat Protected</h3> <p>Ultra-lightweight INCONEL construction for maximum performance and weight reduction, fully heat protected.<br><strong>Part Number:</strong> F1 090 25</p> <h3>INCONEL – Gold-Plated (999 Fine Gold)</h3> <p>INCONEL version covered with high-temperature heat protection and finished with <strong>999 fine gold plating</strong> for ultimate thermal reflection and exclusive appearance.<br><strong>Part Number:</strong> F1 090 75</p> <h2>Key Features</h2> <ul> <li> <p>RACE version power optimized exhaust system</p> </li> <li> <p>Without flap regulation</p> </li> <li> <p>Reduced back pressure for enhanced performance</p> </li> <li> <p>Aggressive motorsport-inspired exhaust tone</p> </li> <li> <p>Complete heat-protected construction</p> </li> <li> <p>Available in stainless steel or ultra-lightweight INCONEL</p> </li> <li> <p>OEM-level integration and precise fitment</p> </li> </ul> <h2>Included Components</h2> <ul> <li> <p>Power optimized exhaust system RACE (selected version)</p> </li> <li> <p>Complete heat protection</p> </li> <li> <p>Required mounting / installation components (as supplied by NOVITEC)</p> </li> </ul> <h2>Technical Details</h2> <ul> <li> <p>Manufacturer: NOVITEC</p> </li> <li> <p>Product Type: Performance Exhaust System</p> </li> <li> <p>Version: RACE (Without Flap Regulation)</p> </li> <li> <p>Heat Protection: Complete</p> </li> <li> <p>Material Options: Stainless Steel / INCONEL / INCONEL Gold-Plated</p> </li> </ul> <h2>Installation</h2> <p>Professional installation is strongly recommended to ensure correct alignment, proper heat shielding, and optimal performance.</p> <h2>Special Order</h2> <p>Lead time approximately <strong>4–6 weeks</strong></p>",Novitec,Exhaust,"brand_novitec, car_ferrari, category_exhaust, condition_new, install_available, model_sf90, pricing_buy_now",TRUE,Variant,Stainless steel,F1 090 10,0,shopify,2,deny,manual,25900.00,TRUE,TRUE,https://cdn.shopify.com/s/files/1/0701/4472/0949/files/Screenshot2026-02-06at12.29.28.png,1,Power Optimized Exhaust System RACE without Flap Regulation - Ferrari SF90 Stradale & Spider - F1 090 10/ 25/ 75 - Novitec,FALSE,active
novitec-exhaust-system-race-no-flap-regulation-stainless-steel-heat-protected-sf90,,,,,,,,Inconel,F1 090 25,0,shopify,5,deny,manual,31900.00,TRUE,TRUE,,,,,
novitec-exhaust-system-race-no-flap-regulation-stainless-steel-heat-protected-sf90,,,,,,,,Inconel Gold 999,F1 090 75,0,shopify,1,deny,manual,42900.00,TRUE,TRUE,,,,,
novitec-exhaust-system-race-no-flap-regulation-stainless-steel-heat-protected-sf90,,,,,,,,,,,,,,,,,,https://cdn.shopify.com/s/files/1/0701/4472/0949/files/Screenshot_2026-03-03_at_13.22.13.png,2,Power Optimized Exhaust System RACE without Flap Regulation - Ferrari SF90 Stradale & Spider - F1 090 10/ 25/ 75 - Novitec,,
novitec-cover-trunk-visible-carbon-ferrari-sf90,Trunk Cover - Ferrari SF90 Stradale & Spider - F6 090 38 - Novitec,"<h2>Description</h2> <p>The <strong>NOVITEC Trunk Cover (Visible Carbon)</strong> for the <strong>Ferrari SF90 Stradale and SF90 Spider</strong> enhances the rear luggage compartment area with a refined and performance-focused carbon fiber finish. Designed for seamless integration with the original trunk section, this component adds a distinctive motorsport-inspired detail while maintaining OEM-level fitment.</p> <p>Manufactured from premium <strong>carbon fiber</strong> and finished in <strong>visible carbon</strong>, the trunk cover delivers lightweight construction, structural rigidity, and a high-end performance aesthetic that perfectly complements other NOVITEC aerodynamic upgrades.</p> <h2>Compatibility</h2> <p>Ferrari <strong>SF90 Stradale</strong><br>Ferrari <strong>SF90 Spider</strong></p> <h2>Key Features</h2> <ul> <li> <p>Trunk cover in visible carbon</p> </li> <li> <p>Manufactured from high-quality carbon fiber</p> </li> <li> <p>Lightweight and high-strength construction</p> </li> <li> <p>Enhances rear styling with a motorsport-inspired look</p> </li> <li> <p>OEM-level integration and precise fitment</p> </li> <li> <p>Complements other NOVITEC carbon components</p> </li> </ul> <h2>Included Components</h2> <ul> <li> <p>Trunk cover (visible carbon)</p> </li> <li> <p>Required mounting / installation material (as supplied by NOVITEC)</p> </li> </ul> <h2>Technical Details</h2> <ul> <li> <p>Manufacturer: NOVITEC</p> </li> <li> <p>Product Type: Trunk Cover</p> </li> <li> <p>Vehicle Application: SF90 Stradale / SF90 Spider</p> </li> <li> <p>Material: Carbon Fiber</p> </li> <li> <p>Finish: Visible Carbon</p> </li> </ul> <h2>Installation</h2> <p>Professional installation is strongly recommended to ensure proper alignment and secure mounting.</p> <h2>Part Number</h2> <ul> <li> <p><strong>F6 090 38</strong></p> </li> </ul> <h2>Special Order</h2> <p>Lead time approximately <strong>4–6 weeks</strong></p>",Novitec,Aerodynamics,"brand_novitec, car_ferrari, category_aerodynamic, condition_new, install_available, model_sf90, pricing_buy_now",TRUE,Variant,Visible Carbon,F6 090 38,0,shopify,1,deny,manual,15900.00,TRUE,TRUE,https://cdn.shopify.com/s/files/1/0701/4472/0949/files/Screenshot2026-02-06at12.45.11.png,1,Trunk Cover - Ferrari SF90 Stradale & Spider - F6 090 38 - Novitec,FALSE,active
novitec-cover-trunk-visible-carbon-ferrari-sf90,,,,,,,,Ferrari Carbon,F6 090 38-2,0,shopify,1,deny,manual,15900.00,TRUE,TRUE,,,,,
novitec-cover-trunk-visible-carbon-ferrari-sf90,,,,,,,,,,,,,,,,,,https://cdn.shopify.com/s/files/1/0701/4472/0949/files/Screenshot2026-02-06at12.26.11.png,2,Trunk Cover - Ferrari SF90 Stradale & Spider - F6 090 38 - Novitec,,
novitec-cover-trunk-visible-carbon-ferrari-sf90,,,,,,,,,,,,,,,,,,https://cdn.shopify.com/s/files/1/0701/4472/0949/files/Screenshot_2026-01-15_at_00.30.11_df9037c1-74d2-4b4b-b857-33ba5b67e150.png,3,Trunk Cover - Ferrari SF90 Stradale & Spider - F6 090 38 - Novitec,,
novitec-cover-engine-bay-visible-carbon-spider-ferrari-sf90,Engine Bay Cover - Ferrari SF90 Spider - F6 090 50 - Novitec,"<h2>Description</h2> <p>The <strong>NOVITEC Engine Bay Cover (Visible Carbon)</strong> for the <strong>Ferrari SF90 Spider</strong> enhances the rear engine compartment area with a refined and high-performance carbon fiber finish. Designed specifically for the Spider version, this component upgrades the visible engine bay surfaces while maintaining full functionality and seamless OEM-level integration.</p> <p>Manufactured from premium <strong>carbon fiber</strong> and finished in <strong>visible carbon</strong>, the engine bay cover delivers lightweight construction and a distinctive motorsport-inspired appearance, perfectly complementing other NOVITEC exterior and aerodynamic components.</p> <h2>Compatibility</h2> <p>Ferrari <strong>SF90 Spider</strong><br><em>(Not compatible with SF90 Stradale Coupe)</em></p> <h2>Key Features</h2> <ul> <li> <p>Engine bay cover in visible carbon</p> </li> <li> <p>Designed exclusively for SF90 Spider</p> </li> <li> <p>Manufactured from high-quality carbon fiber</p> </li> <li> <p>Lightweight and high-strength construction</p> </li> <li> <p>Enhances engine compartment aesthetics</p> </li> <li> <p>OEM-level integration and precise fitment</p> </li> </ul> <h2>Included Components</h2> <ul> <li> <p>Engine bay cover (visible carbon)</p> </li> <li> <p>Required mounting / installation material (as supplied by NOVITEC)</p> </li> </ul> <h2>Technical Details</h2> <ul> <li> <p>Manufacturer: NOVITEC</p> </li> <li> <p>Product Type: Engine Bay Cover</p> </li> <li> <p>Vehicle Application: SF90 Spider</p> </li> <li> <p>Material: Carbon Fiber</p> </li> <li> <p>Finish: Visible Carbon</p> </li> </ul> <h2>Installation</h2> <p>Professional installation is strongly recommended to ensure proper alignment and secure mounting.</p> <h2>Part Number</h2> <ul> <li> <p><strong>F6 090 50</strong></p> </li> </ul> <h2>Special Order</h2> <p>Lead time approximately <strong>4–6 weeks</strong></p>",Novitec,Aerodynamics,"brand_novitec, car_ferrari, category_aerodynamic, condition_new, install_available, model_sf90, pricing_buy_now",TRUE,Variant,Visible Carbon,F6 090 50,0,shopify,4,deny,manual,15900.00,TRUE,TRUE,https://cdn.shopify.com/s/files/1/0701/4472/0949/files/Screenshot2026-02-06at12.34.24_c1b56b77-0ff5-49f9-8e50-e37eab4d9004.png,1,Engine Bay Cover - Ferrari SF90 Spider - F6 090 50 - Novitec,FALSE,active
novitec-cover-engine-bay-visible-carbon-spider-ferrari-sf90,,,,,,,,Ferrari Carbon,F6 090 50-2,0,shopify,3,deny,manual,15900.00,TRUE,TRUE,,,,,
novitec-cover-engine-bay-visible-carbon-spider-ferrari-sf90,,,,,,,,,,,,,,,,,,https://cdn.shopify.com/s/files/1/0701/4472/0949/files/Screenshot2026-02-06at12.20.57_8a0067d1-5931-49e4-83fb-6c202f3c1b40.png,2,Engine Bay Cover - Ferrari SF90 Spider - F6 090 50 - Novitec,,
novitec-cover-engine-bay-visible-carbon-spider-ferrari-sf90,,,,,,,,,,,,,,,,,,https://cdn.shopify.com/s/files/1/0701/4472/0949/files/Screenshot_2026-01-15_at_00.30.11_df9037c1-74d2-4b4b-b857-33ba5b67e150.png,3,Engine Bay Cover - Ferrari SF90 Spider - F6 090 50 - Novitec,,
novitec-cover-engine-bay-visible-carbon-coupe-ferrari-sf90,Engine Bay Cover - Ferrari SF90 Stradale - F6 090 36 - Novitec,"<h2>Description</h2> <p>The <strong>NOVITEC Engine Bay Cover (Visible Carbon)</strong> for the <strong>Ferrari SF90 Stradale (Coupe)</strong> enhances the rear engine compartment with a premium motorsport-inspired finish. Designed specifically for the Coupe version, this component upgrades the visible engine bay area while maintaining full functionality and seamless OEM-level integration.</p> <p>Manufactured from high-quality <strong>carbon fiber</strong> and finished in <strong>visible carbon</strong>, the engine bay cover offers lightweight construction, structural rigidity, and a refined high-performance aesthetic that perfectly complements other NOVITEC carbon components.</p> <h2>Compatibility</h2> <p>Ferrari <strong>SF90 Stradale (Coupe)</strong><br><em>(Not compatible with SF90 Spider)</em></p> <h2>Key Features</h2> <ul> <li> <p>Engine bay cover in visible carbon</p> </li> <li> <p>Designed exclusively for SF90 Stradale Coupe</p> </li> <li> <p>Manufactured from premium carbon fiber</p> </li> <li> <p>Lightweight and high-strength construction</p> </li> <li> <p>Enhances engine compartment styling</p> </li> <li> <p>OEM-level integration and precise fitment</p> </li> </ul> <h2>Included Components</h2> <ul> <li> <p>Engine bay cover (visible carbon)</p> </li> <li> <p>Required mounting / installation material (as supplied by NOVITEC)</p> </li> </ul> <h2>Technical Details</h2> <ul> <li> <p>Manufacturer: NOVITEC</p> </li> <li> <p>Product Type: Engine Bay Cover</p> </li> <li> <p>Vehicle Application: SF90 Stradale (Coupe)</p> </li> <li> <p>Material: Carbon Fiber</p> </li> <li> <p>Finish: Visible Carbon</p> </li> </ul> <h2>Installation</h2> <p>Professional installation is strongly recommended to ensure proper alignment and secure mounting.</p> <h2>Part Number</h2> <ul> <li> <p><strong>F6 090 36</strong></p> </li> </ul> <h2>Special Order</h2> <p>Lead time approximately <strong>4–6 weeks</strong></p>",Novitec,Aerodynamics,"brand_novitec, car_ferrari, category_aerodynamic, condition_new, install_available, model_sf90, pricing_buy_now",TRUE,Variant,Visible Carbon,F6 090 36,0,shopify,2,deny,manual,15900.00,TRUE,TRUE,https://cdn.shopify.com/s/files/1/0701/4472/0949/files/Screenshot2026-02-06at12.34.24.png,1,Engine Bay Cover - Ferrari SF90 Stradale - F6 090 36 - Novitec,FALSE,active
novitec-cover-engine-bay-visible-carbon-coupe-ferrari-sf90,,,,,,,,Ferrari Carbon,F6 090 36-2,0,shopify,2,deny,manual,15900.00,TRUE,TRUE,,,,,
novitec-cover-engine-bay-visible-carbon-coupe-ferrari-sf90,,,,,,,,,,,,,,,,,,https://cdn.shopify.com/s/files/1/0701/4472/0949/files/Screenshot2026-02-06at12.20.57.png,2,Engine Bay Cover - Ferrari SF90 Stradale - F6 090 36 - Novitec,,
novitec-cover-engine-bay-visible-carbon-coupe-ferrari-sf90,,,,,,,,,,,,,,,,,,https://cdn.shopify.com/s/files/1/0701/4472/0949/files/Screenshot_2026-01-15_at_00.30.11_df9037c1-74d2-4b4b-b857-33ba5b67e150.png,3,Engine Bay Cover - Ferrari SF90 Stradale - F6 090 36 - Novitec,,
novitec-cover-safety-rollbar-visible-carbon-spider-ferrari-sf90,Safety Rollbar Cover - Ferrari SF90 Spider - F6 090 55 - Novitec,"<h2>Description</h2> <p>The <strong>NOVITEC Safety Rollbar Cover (Visible Carbon)</strong> for the <strong>Ferrari SF90 Spider</strong> enhances the open-top profile with a refined and aggressive carbon fiber finish. Designed specifically for the Spider version, this component upgrades the visible rollbar area with a premium motorsport-inspired accent while maintaining full factory functionality.</p> <p>Manufactured from high-quality <strong>carbon fiber</strong> and finished in <strong>visible carbon</strong>, the rollbar cover delivers lightweight construction, structural rigidity, and seamless OEM-level integration — perfectly complementing other NOVITEC carbon exterior components.</p> <h2>Compatibility</h2> <p>Ferrari <strong>SF90 Spider</strong><br><em>(Not compatible with SF90 Stradale Coupe)</em></p> <h2>Key Features</h2> <ul> <li> <p>Safety rollbar cover in visible carbon</p> </li> <li> <p>Designed exclusively for SF90 Spider</p> </li> <li> <p>Manufactured from premium carbon fiber</p> </li> <li> <p>Lightweight and high-strength construction</p> </li> <li> <p>Enhances open-top styling with a motorsport look</p> </li> <li> <p>OEM-level integration and precise fitment</p> </li> </ul> <h2>Included Components</h2> <ul> <li> <p>Safety rollbar covers (visible carbon)</p> </li> <li> <p>Required mounting / installation material (as supplied by NOVITEC)</p> </li> </ul> <h2>Technical Details</h2> <ul> <li> <p>Manufacturer: NOVITEC</p> </li> <li> <p>Product Type: Safety Rollbar Cover</p> </li> <li> <p>Vehicle Application: SF90 Spider</p> </li> <li> <p>Material: Carbon Fiber</p> </li> <li> <p>Finish: Visible Carbon</p> </li> </ul> <h2>Installation</h2> <p>Professional installation is strongly recommended to ensure proper alignment and secure mounting.</p> <h2>Part Number</h2> <ul> <li> <p><strong>F6 090 55</strong></p> </li> </ul> <h2>Special Order</h2> <p>Lead time approximately <strong>4–6 weeks</strong></p>",Novitec,Aerodynamics,"brand_novitec, car_ferrari, category_aerodynamic, condition_new, install_available, model_sf90, pricing_buy_now",TRUE,Variant,Visible Carbon,F6 090 55,0,shopify,3,deny,manual,4900.00,TRUE,TRUE,https://cdn.shopify.com/s/files/1/0701/4472/0949/files/Screenshot2026-02-06at12.34.46.png,1,Safety Rollbar Cover - Ferrari SF90 Spider - F6 090 55 - Novitec,FALSE,active
novitec-cover-safety-rollbar-visible-carbon-spider-ferrari-sf90,,,,,,,,Ferrari Carbon,F6 090 55-2,0,shopify,4,deny,manual,4900.00,TRUE,TRUE,,,,,
novitec-cover-safety-rollbar-visible-carbon-spider-ferrari-sf90,,,,,,,,,,,,,,,,,,https://cdn.shopify.com/s/files/1/0701/4472/0949/files/Screenshot2026-02-06at12.21.22.png,2,Safety Rollbar Cover - Ferrari SF90 Spider - F6 090 55 - Novitec,,
novitec-cover-safety-rollbar-visible-carbon-spider-ferrari-sf90,,,,,,,,,,,,,,,,,,https://cdn.shopify.com/s/files/1/0701/4472/0949/files/Screenshot_2026-01-15_at_00.30.11_df9037c1-74d2-4b4b-b857-33ba5b67e150.png,3,Safety Rollbar Cover - Ferrari SF90 Spider - F6 090 55 - Novitec,,
novitec-cover-boot-lid-visible-carbon-spider-ferrari-sf90,Boot Lid Cover - Ferrari SF90 Spider - F6 090 51 - Novitec,"<h2>Description</h2> <p>The <strong>NOVITEC Boot Lid Cover (Visible Carbon)</strong> for the <strong>Ferrari SF90 Spider</strong> enhances the rear section with a refined and performance-focused carbon fiber finish. Designed specifically for the Spider version, this component integrates seamlessly with the original boot lid, adding a distinctive motorsport-inspired accent while maintaining OEM-level fitment.</p> <p>Manufactured from premium <strong>carbon fiber</strong> and finished in <strong>visible carbon</strong>, the boot lid cover delivers lightweight construction and exceptional rigidity, perfectly complementing other NOVITEC aerodynamic upgrades.</p> <h2>Compatibility</h2> <p>Ferrari <strong>SF90 Spider</strong><br><em>(Not compatible with SF90 Stradale Coupe)</em></p> <h2>Key Features</h2> <ul> <li> <p>Boot lid cover in visible carbon</p> </li> <li> <p>Designed exclusively for SF90 Spider</p> </li> <li> <p>Manufactured from high-quality carbon fiber</p> </li> <li> <p>Lightweight and high-strength construction</p> </li> <li> <p>Enhances rear styling with a motorsport-inspired look</p> </li> <li> <p>OEM-level integration and precise fitment</p> </li> </ul> <h2>Included Components</h2> <ul> <li> <p>Boot lid cover (visible carbon)</p> </li> <li> <p>Required mounting / installation material (as supplied by NOVITEC)</p> </li> </ul> <h2>Technical Details</h2> <ul> <li> <p>Manufacturer: NOVITEC</p> </li> <li> <p>Product Type: Boot Lid Cover</p> </li> <li> <p>Vehicle Application: SF90 Spider</p> </li> <li> <p>Material: Carbon Fiber</p> </li> <li> <p>Finish: Visible Carbon</p> </li> </ul> <h2>Installation</h2> <p>Professional installation is strongly recommended to ensure proper alignment and secure mounting.</p> <h2>Part Number</h2> <ul> <li> <p><strong>F6 090 51</strong></p> </li> </ul> <h2>Special Order</h2> <p>Lead time approximately <strong>4–6 weeks</strong></p>",Novitec,Aerodynamics,"brand_novitec, car_ferrari, category_aerodynamic, condition_new, install_available, model_sf90, pricing_buy_now",TRUE,Variant,Visible Carbon,F6 090 51,0,shopify,3,deny,manual,17900.00,TRUE,TRUE,https://cdn.shopify.com/s/files/1/0701/4472/0949/files/Screenshot2026-02-06at12.44.52_ae96da40-12f7-44fc-89de-17f0ae423792.png,1,Boot Lid Cover - Ferrari SF90 Spider - F6 090 51 - Novitec,FALSE,active
novitec-cover-boot-lid-visible-carbon-spider-ferrari-sf90,,,,,,,,Ferrari Carbon,F6 090 51-2,0,shopify,5,deny,manual,17900.00,TRUE,TRUE,,,,,
novitec-cover-boot-lid-visible-carbon-spider-ferrari-sf90,,,,,,,,,,,,,,,,,,https://cdn.shopify.com/s/files/1/0701/4472/0949/files/sf90carboncover__FocusFillMaxWyIwLjAwIiwiMC4wMCIsMTQ2MCw4MDBd.jpg,2,Boot Lid Cover - Ferrari SF90 Spider - F6 090 51 - Novitec,,
novitec-cover-boot-lid-visible-carbon-spider-ferrari-sf90,,,,,,,,,,,,,,,,,,https://cdn.shopify.com/s/files/1/0701/4472/0949/files/Screenshot_2026-01-15_at_00.30.11_df9037c1-74d2-4b4b-b857-33ba5b67e150.png,3,Boot Lid Cover - Ferrari SF90 Spider - F6 090 51 - Novitec,,
novitec-cover-boot-lid-visible-carbon-coupe-ferrari-sf90,Boot Lid Cover - Ferrari SF90 Stradale - F6 090 37 - Novitec,"<h2>Description</h2> <p>The <strong>NOVITEC Boot Lid Cover (Visible Carbon)</strong> for the <strong>Ferrari SF90 Stradale (Coupe)</strong> enhances the rear section with a refined and aggressive carbon fiber finish. Designed specifically for the Coupe version, this component overlays the original boot lid, adding a distinctive motorsport-inspired detail while maintaining OEM-level integration.</p> <p>Manufactured from premium <strong>carbon fiber</strong> and finished in <strong>visible carbon</strong>, the boot lid cover delivers lightweight construction and precise fitment, perfectly complementing other NOVITEC aerodynamic upgrades.</p> <h2>Compatibility</h2> <p>Ferrari <strong>SF90 Stradale (Coupe)</strong><br><em>(Not compatible with SF90 Spider)</em></p> <h2>Key Features</h2> <ul> <li> <p>Boot lid cover in visible carbon</p> </li> <li> <p>Designed exclusively for SF90 Stradale Coupe</p> </li> <li> <p>Manufactured from high-quality carbon fiber</p> </li> <li> <p>Lightweight and high-strength construction</p> </li> <li> <p>Enhances rear styling with a motorsport-inspired look</p> </li> <li> <p>OEM-level integration and precise fitment</p> </li> </ul> <h2>Included Components</h2> <ul> <li> <p>Boot lid cover (visible carbon)</p> </li> <li> <p>Required mounting / installation material (as supplied by NOVITEC)</p> </li> </ul> <h2>Technical Details</h2> <ul> <li> <p>Manufacturer: NOVITEC</p> </li> <li> <p>Product Type: Boot Lid Cover</p> </li> <li> <p>Vehicle Application: SF90 Stradale (Coupe)</p> </li> <li> <p>Material: Carbon Fiber</p> </li> <li> <p>Finish: Visible Carbon</p> </li> </ul> <h2>Installation</h2> <p>Professional installation is strongly recommended to ensure proper alignment and secure mounting.</p> <h2>Part Number</h2> <ul> <li> <p><strong>F6 090 37</strong></p> </li> </ul> <h2>Special Order</h2> <p>Lead time approximately <strong>4–6 weeks</strong></p>",Novitec,Aerodynamics,"brand_novitec, car_ferrari, category_aerodynamic, condition_new, install_available, model_sf90, pricing_buy_now",TRUE,Variant,Visible Carbon,F6 090 37,0,shopify,2,deny,manual,17900.00,TRUE,TRUE,https://cdn.shopify.com/s/files/1/0701/4472/0949/files/Screenshot2026-02-06at12.44.52.png,1,Boot Lid Cover - Ferrari SF90 Stradale - F6 090 37 - Novitec,FALSE,active
novitec-cover-boot-lid-visible-carbon-coupe-ferrari-sf90,,,,,,,,Ferrari Carbon,F6 090 37-2,0,shopify,2,deny,manual,17900.00,TRUE,TRUE,,,,,
novitec-cover-boot-lid-visible-carbon-coupe-ferrari-sf90,,,,,,,,,,,,,,,,,,https://cdn.shopify.com/s/files/1/0701/4472/0949/files/Screenshot2026-02-06at12.19.46.png,2,Boot Lid Cover - Ferrari SF90 Stradale - F6 090 37 - Novitec,,
novitec-cover-boot-lid-visible-carbon-coupe-ferrari-sf90,,,,,,,,,,,,,,,,,,https://cdn.shopify.com/s/files/1/0701/4472/0949/files/Screenshot_2026-01-15_at_00.30.11_df9037c1-74d2-4b4b-b857-33ba5b67e150.png,3,Boot Lid Cover - Ferrari SF90 Stradale - F6 090 37 - Novitec,,
novitec-roofspoiler-visible-carbon-coupe-only-ferrari-sf90,Roof Spoiler - Ferrari SF90 Stradale - F6 090 39 - Novitec,"<h2>Description</h2> <p>The <strong>NOVITEC Roof Spoiler (Visible Carbon)</strong> for the <strong>Ferrari SF90 Stradale (Coupe)</strong> enhances the upper rear profile with improved aerodynamic performance and a sharper motorsport-inspired appearance. Designed specifically for the Coupe version, this component increases rear downforce and optimizes airflow over the rear section at high speeds.</p> <p>Manufactured from premium <strong>carbon fiber</strong> and finished in <strong>visible carbon</strong>, the roof spoiler delivers lightweight construction, structural strength, and seamless OEM-level integration.</p> <h2>Compatibility</h2> <p>Ferrari <strong>SF90 Stradale (Coupe)</strong><br><em>(Not compatible with SF90 Spider)</em></p> <h2>Key Features</h2> <ul> <li> <p>Roof spoiler in visible carbon</p> </li> <li> <p>Designed exclusively for SF90 Stradale Coupe</p> </li> <li> <p>Enhances rear aerodynamic efficiency and downforce</p> </li> <li> <p>Manufactured from high-quality carbon fiber</p> </li> <li> <p>Lightweight and high-strength construction</p> </li> <li> <p>OEM-level integration and precise fitment</p> </li> </ul> <h2>Included Components</h2> <ul> <li> <p>Roof spoiler (visible carbon)</p> </li> <li> <p>Required mounting / installation material (as supplied by NOVITEC)</p> </li> </ul> <h2>Technical Details</h2> <ul> <li> <p>Manufacturer: NOVITEC</p> </li> <li> <p>Product Type: Roof Spoiler</p> </li> <li> <p>Vehicle Application: SF90 Stradale (Coupe)</p> </li> <li> <p>Material: Carbon Fiber</p> </li> <li> <p>Finish: Visible Carbon</p> </li> </ul> <h2>Installation</h2> <p>Professional installation is strongly recommended to ensure proper alignment and optimal aerodynamic performance.</p> <h2>Part Number</h2> <ul> <li> <p><strong>F6 090 39</strong></p> </li> </ul> <h2>Special Order</h2> <p>Lead time approximately <strong>4–6 weeks</strong></p>",Novitec,Aerodynamics,"brand_novitec, car_ferrari, category_aerodynamic, condition_new, install_available, model_sf90, pricing_buy_now",TRUE,Variant,Visible Carbon,F6 090 39,0,shopify,6,deny,manual,9900.00,TRUE,TRUE,https://cdn.shopify.com/s/files/1/0701/4472/0949/files/Screenshot2026-02-06at22.09.57.png,1,Roof Spoiler - Ferrari SF90 Stradale - F6 090 39 - Novitec,FALSE,active
novitec-roofspoiler-visible-carbon-coupe-only-ferrari-sf90,,,,,,,,Ferrari Carbon,F6 090 39-2,0,shopify,2,deny,manual,9900.00,TRUE,TRUE,,,,,
novitec-roofspoiler-visible-carbon-coupe-only-ferrari-sf90,,,,,,,,,,,,,,,,,,https://cdn.shopify.com/s/files/1/0701/4472/0949/files/Screenshot2026-02-06at22.10.28.png,2,Roof Spoiler - Ferrari SF90 Stradale - F6 090 39 - Novitec,,
novitec-roofspoiler-visible-carbon-coupe-only-ferrari-sf90,,,,,,,,,,,,,,,,,,https://cdn.shopify.com/s/files/1/0701/4472/0949/files/Screenshot_2026-01-15_at_00.30.11_df9037c1-74d2-4b4b-b857-33ba5b67e150.png,3,Roof Spoiler - Ferrari SF90 Stradale - F6 090 39 - Novitec,,
novitec-rearspoiler-visible-carbon-ferrari-sf90,Rear Spoiler - Ferrari SF90 Stradale & Spider - F6 090 35 - Novitec,"<h2>Description</h2> <p>The <strong>NOVITEC Rear Spoiler (Visible Carbon)</strong> for the <strong>Ferrari SF90 Stradale and SF90 Spider</strong> enhances the rear profile with improved aerodynamic efficiency and a sharper motorsport-inspired appearance. Designed to increase rear downforce and optimize high-speed stability, this component perfectly complements the dynamic performance of the SF90 platform.</p> <p>Manufactured from premium <strong>carbon fiber</strong> and finished in <strong>visible carbon</strong>, the rear spoiler delivers lightweight construction, structural rigidity, and seamless OEM-level integration.</p> <h2>Compatibility</h2> <p>Ferrari <strong>SF90 Stradale</strong><br>Ferrari <strong>SF90 Spider</strong></p> <h2>Key Features</h2> <ul> <li> <p>Rear spoiler in visible carbon</p> </li> <li> <p>Improves rear downforce and aerodynamic balance</p> </li> <li> <p>Manufactured from high-quality carbon fiber</p> </li> <li> <p>Lightweight and high-strength construction</p> </li> <li> <p>Motorsport-inspired styling enhancement</p> </li> <li> <p>OEM-level integration and precise fitment</p> </li> </ul> <h2>Included Components</h2> <ul> <li> <p>Rear spoiler (visible carbon)</p> </li> <li> <p>Required mounting / installation material (as supplied by NOVITEC)</p> </li> </ul> <h2>Technical Details</h2> <ul> <li> <p>Manufacturer: NOVITEC</p> </li> <li> <p>Product Type: Rear Spoiler</p> </li> <li> <p>Vehicle Application: SF90 Stradale / SF90 Spider</p> </li> <li> <p>Material: Carbon Fiber</p> </li> <li> <p>Finish: Visible Carbon</p> </li> </ul> <h2>Installation</h2> <p>Professional installation is strongly recommended to ensure correct alignment and optimal aerodynamic performance.</p> <h2>Part Number</h2> <ul> <li> <p><strong>F6 090 35</strong></p> </li> </ul> <h2>Special Order</h2> <p>Lead time approximately <strong>4–6 weeks</strong></p>",Novitec,Aerodynamics,"brand_novitec, car_ferrari, category_aerodynamic, condition_new, install_available, model_sf90, pricing_buy_now",TRUE,Variant,Visible Carbon,F6 090 35,0,shopify,4,deny,manual,9900.00,TRUE,TRUE,https://cdn.shopify.com/s/files/1/0701/4472/0949/files/Screenshot2026-02-06at12.44.32.png,1,Rear Spoiler - Ferrari SF90 Stradale & Spider - F6 090 35 - Novitec,FALSE,active
novitec-rearspoiler-visible-carbon-ferrari-sf90,,,,,,,,Ferrari Carbon,F6 090 35-2,0,shopify,5,deny,manual,9900.00,TRUE,TRUE,,,,,
novitec-rearspoiler-visible-carbon-ferrari-sf90,,,,,,,,,,,,,,,,,,https://cdn.shopify.com/s/files/1/0701/4472/0949/files/Screenshot2026-02-06at12.30.16_4bb4dc41-ebdd-44ea-b6d2-846997026ae2.png,2,Rear Spoiler - Ferrari SF90 Stradale & Spider - F6 090 35 - Novitec,,
novitec-rearspoiler-visible-carbon-ferrari-sf90,,,,,,,,,,,,,,,,,,https://cdn.shopify.com/s/files/1/0701/4472/0949/files/Screenshot_2026-01-15_at_00.30.11_df9037c1-74d2-4b4b-b857-33ba5b67e150.png,3,Rear Spoiler - Ferrari SF90 Stradale & Spider - F6 090 35 - Novitec,,
novitec-diffusor-replacement-for-original-diffusor-visible-carbon-ferrari-sf90,Rear Diffusor - Ferrari SF90 Stradale & Spider - F6 090 34 - Novitec,"<h2>Description</h2> <p>The <strong>NOVITEC Rear Diffusor (Visible Carbon)</strong> for the <strong>Ferrari SF90 Stradale and SF90 Spider</strong> is designed to replace the original factory diffuser, delivering enhanced aerodynamic performance and a more aggressive rear appearance. Engineered to optimize airflow beneath the vehicle, this component improves rear-end stability and supports overall aerodynamic balance at high speeds.</p> <p>Manufactured from premium <strong>carbon fiber</strong> and finished in <strong>visible carbon</strong>, the diffuser combines lightweight construction with exceptional rigidity and seamless OEM-level integration.</p> <h2>Compatibility</h2> <p>Ferrari <strong>SF90 Stradale</strong><br>Ferrari <strong>SF90 Spider</strong></p> <h2>Key Features</h2> <ul> <li> <p>Replaces original factory rear diffuser</p> </li> <li> <p>Enhances rear aerodynamics and downforce</p> </li> <li> <p>Manufactured from high-quality carbon fiber</p> </li> <li> <p>Visible carbon finish for a premium motorsport look</p> </li> <li> <p>Lightweight and high-strength construction</p> </li> <li> <p>OEM-level integration and precise fitment</p> </li> </ul> <h2>Included Components</h2> <ul> <li> <p>Rear diffusor (visible carbon)</p> </li> <li> <p>Required mounting / installation material (as supplied by NOVITEC)</p> </li> </ul> <h2>Technical Details</h2> <ul> <li> <p>Manufacturer: NOVITEC</p> </li> <li> <p>Product Type: Rear Diffusor</p> </li> <li> <p>Vehicle Application: SF90 Stradale / SF90 Spider</p> </li> <li> <p>Material: Carbon Fiber</p> </li> <li> <p>Finish: Visible Carbon</p> </li> </ul> <h2>Installation</h2> <p>Professional installation is strongly recommended to ensure proper alignment and optimal aerodynamic performance.</p> <h2>Part Number</h2> <ul> <li> <p><strong>F6 090 34</strong></p> </li> </ul> <h2>Special Order</h2> <p>Lead time approximately <strong>4–6 weeks</strong></p>",Novitec,Aerodynamics,"brand_novitec, car_ferrari, category_aerodynamic, condition_new, install_available, model_sf90, pricing_buy_now",TRUE,Variant,Visible Carbon,F6 090 34,0,shopify,6,deny,manual,37900.00,TRUE,TRUE,https://cdn.shopify.com/s/files/1/0701/4472/0949/files/Screenshot_2026-02-06_at_12.44.08.png,1,Rear Diffusor - Ferrari SF90 Stradale & Spider - F6 090 34 - Novitec,FALSE,active
novitec-diffusor-replacement-for-original-diffusor-visible-carbon-ferrari-sf90,,,,,,,,Ferrari Carbon,F6 090 34-2,0,shopify,5,deny,manual,37900.00,TRUE,TRUE,,,,,
novitec-diffusor-replacement-for-original-diffusor-visible-carbon-ferrari-sf90,,,,,,,,,,,,,,,,,,https://cdn.shopify.com/s/files/1/0701/4472/0949/files/Screenshot2026-02-06at12.20.11.png,2,Rear Diffusor - Ferrari SF90 Stradale & Spider - F6 090 34 - Novitec,,
novitec-diffusor-replacement-for-original-diffusor-visible-carbon-ferrari-sf90,,,,,,,,,,,,,,,,,,https://cdn.shopify.com/s/files/1/0701/4472/0949/files/Screenshot_2026-01-15_at_00.30.11_df9037c1-74d2-4b4b-b857-33ba5b67e150.png,3,Rear Diffusor - Ferrari SF90 Stradale & Spider - F6 090 34 - Novitec,,
novitec-air-guide-sidewall-visible-carbon-ferrari-sf90,Air-Guide Sidewall - Ferrari SF90 Stradale & Spider - F6 090 33 - Novitec,"<h2>Description</h2> <p>The <strong>NOVITEC Air-Guide Sidewall (Visible Carbon)</strong> for the <strong>Ferrari SF90 Stradale and SF90 Spider</strong> is engineered to optimize airflow along the vehicle’s side profile while adding a distinctive motorsport-inspired design element. Positioned along the sidewall area, this aerodynamic component improves air channeling and enhances high-speed stability.</p> <p>Manufactured from premium <strong>carbon fiber</strong> and finished in <strong>visible carbon</strong>, the air-guide sidewall delivers lightweight construction, structural rigidity, and precise OEM-level integration, perfectly complementing other NOVITEC aerodynamic upgrades.</p> <h2>Compatibility</h2> <p>Ferrari <strong>SF90 Stradale</strong><br>Ferrari <strong>SF90 Spider</strong></p> <h2>Key Features</h2> <ul> <li> <p>Air-guide sidewall in visible carbon</p> </li> <li> <p>Optimizes airflow along the vehicle’s side</p> </li> <li> <p>Enhances aerodynamic efficiency and stability</p> </li> <li> <p>Manufactured from high-quality carbon fiber</p> </li> <li> <p>Lightweight and high-strength construction</p> </li> <li> <p>OEM-level integration and precise fitment</p> </li> </ul> <h2>Included Components</h2> <ul> <li> <p>Air-guide sidewall elements (left &amp; right)</p> </li> <li> <p>Required mounting / installation material (as supplied by NOVITEC)</p> </li> </ul> <h2>Technical Details</h2> <ul> <li> <p>Manufacturer: NOVITEC</p> </li> <li> <p>Product Type: Air-Guide Sidewall</p> </li> <li> <p>Vehicle Application: SF90 Stradale / SF90 Spider</p> </li> <li> <p>Material: Carbon Fiber</p> </li> <li> <p>Finish: Visible Carbon</p> </li> </ul> <h2>Installation</h2> <p>Professional installation is strongly recommended to ensure correct positioning and secure mounting for optimal aerodynamic performance.</p> <h2>Part Number</h2> <ul> <li> <p><strong>F6 090 33</strong></p> </li> </ul> <h2>Special Order</h2> <p>Lead time approximately <strong>4–6 weeks</strong></p>",Novitec,Aerodynamics,"brand_novitec, car_ferrari, category_aerodynamic, condition_new, install_available, model_sf90, pricing_buy_now",TRUE,Variant,Visible Carbon,F6 090 33,0,shopify,1,deny,manual,15900.00,TRUE,TRUE,https://cdn.shopify.com/s/files/1/0701/4472/0949/files/Screenshot2026-02-06at12.43.48.png,1,Air-Guide Sidewall - Ferrari SF90 Stradale & Spider - F6 090 33 - Novitec,FALSE,active
novitec-air-guide-sidewall-visible-carbon-ferrari-sf90,,,,,,,,Ferrari Carbon,F6 090 33-2,0,shopify,1,deny,manual,15900.00,TRUE,TRUE,,,,,
novitec-air-guide-sidewall-visible-carbon-ferrari-sf90,,,,,,,,,,,,,,,,,,https://cdn.shopify.com/s/files/1/0701/4472/0949/files/Screenshot2026-02-06at12.29.10.png,2,Air-Guide Sidewall - Ferrari SF90 Stradale & Spider - F6 090 33 - Novitec,,
novitec-air-guide-sidewall-visible-carbon-ferrari-sf90,,,,,,,,,,,,,,,,,,https://cdn.shopify.com/s/files/1/0701/4472/0949/files/Screenshot_2026-01-15_at_00.30.11_df9037c1-74d2-4b4b-b857-33ba5b67e150.png,3,Air-Guide Sidewall - Ferrari SF90 Stradale & Spider - F6 090 33 - Novitec,,
novitec-frontbumper-attachment-lateral-visible-carbon-ferrari-sf90,Front Bumper Attachment Lateral - Ferrari SF90 Stradale & Spider - F6 090 32 - Novitec,"<h2>Description</h2> <p>The <strong>NOVITEC Front Bumper Attachment – Lateral (Visible Carbon)</strong> for the <strong>Ferrari SF90 Stradale and SF90 Spider</strong> enhances the outer sections of the front bumper with a sharper and more aggressive aerodynamic profile. Designed to optimize airflow around the front corners, this component contributes to improved high-speed stability while reinforcing the vehicle’s motorsport character.</p> <p>Manufactured from premium <strong>carbon fiber</strong> and finished in <strong>visible carbon</strong>, the lateral attachments deliver lightweight construction, structural rigidity, and seamless OEM-level integration.</p> <h2>Compatibility</h2> <p>Ferrari <strong>SF90 Stradale</strong><br>Ferrari <strong>SF90 Spider</strong></p> <h2>Key Features</h2> <ul> <li> <p>Lateral front bumper attachments in visible carbon</p> </li> <li> <p>Enhances aerodynamic efficiency and airflow management</p> </li> <li> <p>Manufactured from high-quality carbon fiber</p> </li> <li> <p>Lightweight and high-strength construction</p> </li> <li> <p>Motorsport-inspired styling upgrade</p> </li> <li> <p>OEM-level integration and precise fitment</p> </li> </ul> <h2>Included Components</h2> <ul> <li> <p>Front bumper attachments – lateral (left &amp; right)</p> </li> <li> <p>Required mounting / installation material (as supplied by NOVITEC)</p> </li> </ul> <h2>Technical Details</h2> <ul> <li> <p>Manufacturer: NOVITEC</p> </li> <li> <p>Product Type: Front Bumper Attachment</p> </li> <li> <p>Position: Lateral</p> </li> <li> <p>Vehicle Application: SF90 Stradale / SF90 Spider</p> </li> <li> <p>Material: Carbon Fiber</p> </li> <li> <p>Finish: Visible Carbon</p> </li> </ul> <h2>Installation</h2> <p>Professional installation is strongly recommended to ensure correct alignment and optimal aerodynamic performance.</p> <h2>Part Number</h2> <ul> <li> <p><strong>F6 090 32</strong></p> </li> </ul> <h2>Special Order</h2> <p>Lead time approximately <strong>4–6 weeks</strong></p>",Novitec,Aerodynamics,"brand_novitec, car_ferrari, category_aerodynamic, condition_new, install_available, model_sf90, pricing_buy_now",TRUE,Variant,Visible Carbon,F6 090 32,0,shopify,2,deny,manual,4900.00,TRUE,TRUE,https://cdn.shopify.com/s/files/1/0701/4472/0949/files/Screenshot2026-02-06at12.43.26.png,1,Front Bumper Attachment Lateral - Ferrari SF90 Stradale & Spider - F6 090 32 - Novitec,FALSE,active
novitec-frontbumper-attachment-lateral-visible-carbon-ferrari-sf90,,,,,,,,Ferrari Carbon,F6 090 32-2,0,shopify,3,deny,manual,4900.00,TRUE,TRUE,,,,,
novitec-frontbumper-attachment-lateral-visible-carbon-ferrari-sf90,,,,,,,,,,,,,,,,,,https://cdn.shopify.com/s/files/1/0701/4472/0949/files/Screenshot2026-02-06at12.28.41.png,2,Front Bumper Attachment Lateral - Ferrari SF90 Stradale & Spider - F6 090 32 - Novitec,,
novitec-frontbumper-attachment-lateral-visible-carbon-ferrari-sf90,,,,,,,,,,,,,,,,,,https://cdn.shopify.com/s/files/1/0701/4472/0949/files/Screenshot_2026-01-15_at_00.30.11_df9037c1-74d2-4b4b-b857-33ba5b67e150.png,3,Front Bumper Attachment Lateral - Ferrari SF90 Stradale & Spider - F6 090 32 - Novitec,,
novitec-frontbumper-center-part-visible-carbon-cars-w-front-camera-not-w-radar-ferrari-sf90,Front Bumper Center Part for Cars w/ Front Camera - Ferrari SF90 Stradale & Spider - F6 090 40 - Novitec,"<h2>Description</h2> <p>The <strong>NOVITEC Front Bumper Center Part (Visible Carbon)</strong> for the <strong>Ferrari SF90 Stradale and SF90 Spider </strong>enhances the central front bumper area with a refined and aggressive carbon fiber finish. This version is specifically designed for vehicles <strong>equipped with a front camera</strong> and <strong>without front radar</strong>, ensuring full compatibility and seamless OEM-level integration.</p> <p>Manufactured from premium <strong>carbon fiber</strong> and finished in <strong>visible carbon</strong>, the component delivers lightweight construction and a distinctive motorsport-inspired appearance while maintaining proper functionality of the front camera system.</p> <h2>Compatibility</h2> <p>Ferrari <strong>SF90 Stradale</strong><br>Ferrari <strong>SF90 Spider</strong></p> <ul> <li> <p>Only for vehicles <strong>with front camera</strong></p> </li> <li> <p>Not compatible with vehicles equipped with <strong>front radar</strong></p> </li> </ul> <h2>Key Features</h2> <ul> <li> <p>Front bumper center part in visible carbon</p> </li> <li> <p>Designed for vehicles with front camera</p> </li> <li> <p>Not compatible with front radar systems</p> </li> <li> <p>Manufactured from high-quality carbon fiber</p> </li> <li> <p>Lightweight and high-strength construction</p> </li> <li> <p>OEM-level integration and precise fitment</p> </li> </ul> <h2>Included Components</h2> <ul> <li> <p>Front bumper center part (visible carbon)</p> </li> <li> <p>Required mounting / installation material (as supplied by NOVITEC)</p> </li> </ul> <h2>Technical Details</h2> <ul> <li> <p>Manufacturer: NOVITEC</p> </li> <li> <p>Product Type: Front Bumper Center Part</p> </li> <li> <p>Vehicle Application: SF90 Stradale / SF90 Spider</p> </li> <li> <p>Compatibility Note: With front camera / Not with front radar</p> </li> <li> <p>Material: Carbon Fiber</p> </li> <li> <p>Finish: Visible Carbon</p> </li> </ul> <h2>Installation</h2> <p>Professional installation is strongly recommended to ensure correct alignment and proper functionality of the front camera system.</p> <h2>Part Number</h2> <ul> <li> <p><strong>F6 090 40</strong></p> </li> </ul> <h2>Special Order</h2> <p>Lead time approximately <strong>4–6 weeks</strong></p>",Novitec,Aerodynamics,"brand_novitec, car_ferrari, category_aerodynamic, condition_new, install_available, model_sf90, pricing_buy_now",TRUE,Variant,Visible Carbon,F6 090 40,0,shopify,2,deny,manual,9900.00,TRUE,TRUE,https://cdn.shopify.com/s/files/1/0701/4472/0949/files/Screenshot2026-02-06at12.25.45.png,1,Front Bumper Center Part for Cars w/ Front Camera - Ferrari SF90 Stradale & Spider - F6 090 40 - Novitec,FALSE,active
novitec-frontbumper-center-part-visible-carbon-cars-w-front-camera-not-w-radar-ferrari-sf90,,,,,,,,Ferrari Carbon,F6 090 40-2,0,shopify,2,deny,manual,9900.00,TRUE,TRUE,,,,,
novitec-frontbumper-center-part-visible-carbon-cars-w-front-camera-not-w-radar-ferrari-sf90,,,,,,,,,,,,,,,,,,https://cdn.shopify.com/s/files/1/0701/4472/0949/files/Screenshot_2026-01-15_at_00.30.11_df9037c1-74d2-4b4b-b857-33ba5b67e150.png,2,Front Bumper Center Part for Cars w/ Front Camera - Ferrari SF90 Stradale & Spider - F6 090 40 - Novitec,,
novitec-frontbumper-center-part-visible-carbon-cars-w-front-camera-not-w-radar-ferrari-sf90,,,,,,,,,,,,,,,,,,https://cdn.shopify.com/s/files/1/0701/4472/0949/files/Screenshot_2026-01-18_at_00.27.57.png,3,Front Bumper Center Part for Cars w/ Front Camera - Ferrari SF90 Stradale & Spider - F6 090 40 - Novitec,,
novitec-frontbumper-center-part-visible-carbon-cars-w-o-front-camera-not-w-radar-ferrari-sf90,Front Bumper Center Part for Cars w/o front Camera - Ferrari SF90 Stradale & Spider - F6 090 31 - Novitec,"<h2>Description</h2> <p>The <strong>NOVITEC Front Bumper Center Part (Visible Carbon)</strong> for the <strong>Ferrari SF90 Stradale and SF90 Spider</strong>enhances the central section of the front bumper with a sharper and more aggressive carbon fiber finish. Designed for vehicles <strong>without front camera and not equipped with front radar</strong>, this component integrates seamlessly into the original bumper while preserving OEM functionality.</p> <p>Manufactured from premium <strong>carbon fiber</strong> and finished in <strong>visible carbon</strong>, the center part delivers lightweight construction and a refined motorsport-inspired appearance, perfectly complementing other NOVITEC aerodynamic upgrades.</p> <h2>Compatibility</h2> <p>Ferrari <strong>SF90 Stradale</strong><br>Ferrari <strong>SF90 Spider</strong></p> <ul> <li> <p>Only for vehicles <strong>without front camera</strong></p> </li> <li> <p>Not compatible with vehicles equipped with <strong>front radar</strong></p> </li> </ul> <h2>Key Features</h2> <ul> <li> <p>Front bumper center part in visible carbon</p> </li> <li> <p>Designed for vehicles without front camera and without radar</p> </li> <li> <p>Manufactured from high-quality carbon fiber</p> </li> <li> <p>Lightweight and high-strength construction</p> </li> <li> <p>Enhances front-end styling and visual presence</p> </li> <li> <p>OEM-level integration and precise fitment</p> </li> </ul> <h2>Included Components</h2> <ul> <li> <p>Front bumper center part (visible carbon)</p> </li> <li> <p>Required mounting / installation material (as supplied by NOVITEC)</p> </li> </ul> <h2>Technical Details</h2> <ul> <li> <p>Manufacturer: NOVITEC</p> </li> <li> <p>Product Type: Front Bumper Center Part</p> </li> <li> <p>Vehicle Application: SF90 Stradale / SF90 Spider</p> </li> <li> <p>Compatibility Note: Without front camera / Not with front radar</p> </li> <li> <p>Material: Carbon Fiber</p> </li> <li> <p>Finish: Visible Carbon</p> </li> </ul> <h2>Installation</h2> <p>Professional installation is strongly recommended to ensure correct alignment and compatibility verification.</p> <h2>Part Number</h2> <ul> <li> <p><strong>F6 090 31</strong></p> </li> </ul> <h2>Special Order</h2> <p>Lead time approximately <strong>4–6 weeks</strong></p>",Novitec,Aerodynamics,"brand_novitec, car_ferrari, category_aerodynamic, condition_new, install_available, model_sf90, pricing_buy_now",TRUE,Variant,Visible Carbon,F6 090 31,0,shopify,2,deny,manual,9900.00,TRUE,TRUE,https://cdn.shopify.com/s/files/1/0701/4472/0949/files/Screenshot2026-02-06at12.43.06.png,1,Front Bumper Center Part for Cars w/o front Camera - Ferrari SF90 Stradale & Spider - F6 090 31 - Novitec,FALSE,active
novitec-frontbumper-center-part-visible-carbon-cars-w-o-front-camera-not-w-radar-ferrari-sf90,,,,,,,,Ferrari Carbon,F6 090 31-2,0,shopify,4,deny,manual,9900.00,TRUE,TRUE,,,,,
novitec-frontbumper-center-part-visible-carbon-cars-w-o-front-camera-not-w-radar-ferrari-sf90,,,,,,,,,,,,,,,,,,https://cdn.shopify.com/s/files/1/0701/4472/0949/files/Screenshot2026-02-06at12.34.01.png,2,Front Bumper Center Part for Cars w/o front Camera - Ferrari SF90 Stradale & Spider - F6 090 31 - Novitec,,
novitec-frontbumper-center-part-visible-carbon-cars-w-o-front-camera-not-w-radar-ferrari-sf90,,,,,,,,,,,,,,,,,,https://cdn.shopify.com/s/files/1/0701/4472/0949/files/Screenshot_2026-01-15_at_00.30.11_df9037c1-74d2-4b4b-b857-33ba5b67e150.png,3,Front Bumper Center Part for Cars w/o front Camera - Ferrari SF90 Stradale & Spider - F6 090 31 - Novitec,,
novitec-frontspoiler-lip-visible-carbon-sf90,Front Spoiler Lip - Ferrari SF90 Stradale & Spider - F6 090 30 - Novitec,"<h2>Description</h2> <p>The <strong>NOVITEC Front Spoiler Lip (Visible Carbon)</strong> for the <strong>Ferrari SF90 Stradale and SF90 Spider</strong> enhances the lower front section with a sharper and more aggressive aerodynamic profile. Designed to optimize airflow and increase front-end downforce, this component improves high-speed stability while reinforcing the vehicle’s motorsport character.</p> <p>Manufactured from premium <strong>carbon fiber</strong> and finished in <strong>visible carbon</strong>, the front spoiler lip offers lightweight construction, structural strength, and precise OEM-level integration.</p> <h2>Compatibility</h2> <p>Ferrari <strong>SF90 Stradale</strong><br>Ferrari <strong>SF90 Spider</strong></p> <h2>Key Features</h2> <ul> <li> <p>Front spoiler lip in visible carbon</p> </li> <li> <p>Improves front-end aerodynamics and downforce</p> </li> <li> <p>Manufactured from high-quality carbon fiber</p> </li> <li> <p>Lightweight and high-strength construction</p> </li> <li> <p>Motorsport-inspired styling enhancement</p> </li> <li> <p>OEM-level integration and precise fitment</p> </li> </ul> <h2>Included Components</h2> <ul> <li> <p>Front spoiler lip (visible carbon)</p> </li> <li> <p>Required mounting / installation material (as supplied by NOVITEC)</p> </li> </ul> <h2>Technical Details</h2> <ul> <li> <p>Manufacturer: NOVITEC</p> </li> <li> <p>Product Type: Front Spoiler Lip</p> </li> <li> <p>Vehicle Application: SF90 Stradale / SF90 Spider</p> </li> <li> <p>Material: Carbon Fiber</p> </li> <li> <p>Finish: Visible Carbon</p> </li> </ul> <h2>Installation</h2> <p>Professional installation is strongly recommended to ensure correct alignment and optimal aerodynamic performance.</p> <h2>Part Number</h2> <ul> <li> <p><strong>F6 090 30</strong></p> </li> </ul> <h2>Special Order</h2> <p>Lead time approximately <strong>4–6 weeks</strong></p>",Novitec,Aerodynamics,"brand_novitec, car_ferrari, category_aerodynamic, condition_new, install_available, model_sf90, pricing_buy_now",TRUE,Variant,Visible Carbon,F6 090 30,0,shopify,1,deny,manual,15900.00,TRUE,TRUE,https://cdn.shopify.com/s/files/1/0701/4472/0949/files/Screenshot2026-02-06at12.42.43.png,1,Front Spoiler Lip - Ferrari SF90 Stradale & Spider - F6 090 30 - Novitec,FALSE,active
novitec-frontspoiler-lip-visible-carbon-sf90,,,,,,,,Ferrari Carbon,F6 090 30-2,0,shopify,1,deny,manual,15900.00,TRUE,TRUE,,,,,
novitec-frontspoiler-lip-visible-carbon-sf90,,,,,,,,,,,,,,,,,,https://cdn.shopify.com/s/files/1/0701/4472/0949/files/Screenshot2026-02-06at12.33.38.png,2,Front Spoiler Lip - Ferrari SF90 Stradale & Spider - F6 090 30 - Novitec,,
novitec-frontspoiler-lip-visible-carbon-sf90,,,,,,,,,,,,,,,,,,https://cdn.shopify.com/s/files/1/0701/4472/0949/files/Screenshot_2026-01-15_at_00.30.11_df9037c1-74d2-4b4b-b857-33ba5b67e150.png,3,Front Spoiler Lip - Ferrari SF90 Stradale & Spider - F6 090 30 - Novitec,,
novitec-triangle-cover-for-side-window-visible-carbon-spider-ferrari-sf90,Triangle Cover for Side Window - Ferrari SF90 Spider - F6 090 52 - Novitec,"<h2>Description</h2> <p>The <strong>NOVITEC Triangle Cover for Side Window (Visible Carbon)</strong> for the <strong>Ferrari SF90 Spider</strong> enhances the rear side window area with a refined and sporty carbon fiber accent. Developed specifically for the Spider version, this component integrates seamlessly with the vehicle’s design while adding a distinctive motorsport-inspired detail.</p> <p>Manufactured from premium <strong>carbon fiber</strong> and finished in <strong>visible carbon</strong>, the triangle covers offer lightweight construction and precise OEM-level fitment, perfectly complementing other NOVITEC exterior upgrades.</p> <h2>Compatibility</h2> <p>Ferrari <strong>SF90 Spider</strong><br><em>(Not compatible with SF90 Stradale Coupe)</em></p> <h2>Key Features</h2> <ul> <li> <p>Triangle cover for rear side window area</p> </li> <li> <p>Designed specifically for SF90 Spider</p> </li> <li> <p>Manufactured from high-quality carbon fiber</p> </li> <li> <p>Visible carbon finish for a premium performance look</p> </li> <li> <p>Lightweight and durable construction</p> </li> <li> <p>OEM-level integration and precise fitment</p> </li> </ul> <h2>Included Components</h2> <ul> <li> <p>Triangle covers (left &amp; right) – visible carbon</p> </li> <li> <p>Required mounting / installation material (as supplied by NOVITEC)</p> </li> </ul> <h2>Technical Details</h2> <ul> <li> <p>Manufacturer: NOVITEC</p> </li> <li> <p>Product Type: Side Window Triangle Cover</p> </li> <li> <p>Vehicle Application: SF90 Spider</p> </li> <li> <p>Material: Carbon Fiber</p> </li> <li> <p>Finish: Visible Carbon</p> </li> </ul> <h2>Installation</h2> <p>Professional installation is strongly recommended to ensure proper alignment and secure mounting.</p> <h2>Part Number</h2> <ul> <li> <p><strong>F6 090 52</strong></p> </li> </ul> <h2>Special Order</h2> <p>Lead time approximately <strong>4–6 weeks</strong></p>",Novitec,Aerodynamics,"brand_novitec, car_ferrari, category_aerodynamic, condition_new, install_available, model_sf90, pricing_buy_now",TRUE,Variant,Visible Carbon,F6 090 52,0,shopify,6,deny,manual,3900.00,TRUE,TRUE,https://cdn.shopify.com/s/files/1/0701/4472/0949/files/Screenshot2026-02-06at12.42.23_0ad54d16-b2d2-49ff-a462-4a2477442a81.png,1,Triangle Cover for Side Window - Ferrari SF90 Spider - F6 090 52 - Novitec,FALSE,active
novitec-triangle-cover-for-side-window-visible-carbon-spider-ferrari-sf90,,,,,,,,Ferrari Carbon,F6 090 52-2,0,shopify,5,deny,manual,3900.00,TRUE,TRUE,,,,,
novitec-triangle-cover-for-side-window-visible-carbon-spider-ferrari-sf90,,,,,,,,,,,,,,,,,,https://cdn.shopify.com/s/files/1/0701/4472/0949/files/Screenshot_2026-01-15_at_00.30.11_df9037c1-74d2-4b4b-b857-33ba5b67e150.png,2,Triangle Cover for Side Window - Ferrari SF90 Spider - F6 090 52 - Novitec,,
novitec-triangle-cover-for-side-window-visible-carbon-spider-ferrari-sf90,,,,,,,,,,,,,,,,,,https://cdn.shopify.com/s/files/1/0701/4472/0949/files/Screenshot_2026-01-18_at_00.27.57.png,3,Triangle Cover for Side Window - Ferrari SF90 Spider - F6 090 52 - Novitec,,
novitec-triangle-cover-for-side-window-visible-carbon-coupe-ferrari-sf90,Triangle Cover for Side Window - Ferrari SF90 Stradale - F6 090 28 - Novitec,"<h2>Description</h2> <p>The <strong>NOVITEC Triangle Cover for Side Window (Visible Carbon)</strong> for the <strong>Ferrari SF90 Stradale (Coupe)</strong> enhances the rear side window area with a refined carbon fiber accent. Designed specifically for the Coupe version, this component adds a subtle yet distinctive motorsport-inspired detail while maintaining the original design language of the vehicle.</p> <p>Manufactured from premium <strong>carbon fiber</strong> and finished in <strong>visible carbon</strong>, the triangle cover delivers lightweight construction and precise OEM-level integration, perfectly complementing other NOVITEC carbon exterior upgrades.</p> <h2>Compatibility</h2> <p>Ferrari <strong>SF90 Stradale (Coupe)</strong><br><em>(Not compatible with SF90 Spider)</em></p> <h2>Key Features</h2> <ul> <li> <p>Triangle cover for rear side window area</p> </li> <li> <p>Designed specifically for Coupe version</p> </li> <li> <p>Manufactured from high-quality carbon fiber</p> </li> <li> <p>Visible carbon finish for a premium performance appearance</p> </li> <li> <p>Lightweight and durable construction</p> </li> <li> <p>OEM-level integration and precise fitment</p> </li> </ul> <h2>Included Components</h2> <ul> <li> <p>Triangle covers (left &amp; right) – visible carbon</p> </li> <li> <p>Required mounting / installation material (as supplied by NOVITEC)</p> </li> </ul> <h2>Technical Details</h2> <ul> <li> <p>Manufacturer: NOVITEC</p> </li> <li> <p>Product Type: Side Window Triangle Cover</p> </li> <li> <p>Vehicle Application: SF90 Stradale (Coupe)</p> </li> <li> <p>Material: Carbon Fiber</p> </li> <li> <p>Finish: Visible Carbon</p> </li> </ul> <h2>Installation</h2> <p>Professional installation is strongly recommended to ensure proper alignment and secure mounting.</p> <h2>Part Number</h2> <ul> <li> <p><strong>F6 090 28</strong></p> </li> </ul> <h2>Special Order</h2> <p>Lead time approximately <strong>4–6 weeks</strong></p>",Novitec,Aerodynamics,"brand_novitec, car_ferrari, category_aerodynamic, condition_new, install_available, model_sf90, pricing_buy_now",TRUE,Variant,Visible Carbon,F6 090 28,0,shopify,4,deny,manual,3900.00,TRUE,TRUE,https://cdn.shopify.com/s/files/1/0701/4472/0949/files/Screenshot2026-02-06at12.42.23.png,1,Triangle Cover for Side Window - Ferrari SF90 Stradale - F6 090 28 - Novitec,FALSE,active
novitec-triangle-cover-for-side-window-visible-carbon-coupe-ferrari-sf90,,,,,,,,Ferrari Carbon,F6 090 28-2,0,shopify,6,deny,manual,3900.00,TRUE,TRUE,,,,,
novitec-triangle-cover-for-side-window-visible-carbon-coupe-ferrari-sf90,,,,,,,,,,,,,,,,,,https://cdn.shopify.com/s/files/1/0701/4472/0949/files/Screenshot_2026-01-15_at_00.30.11_df9037c1-74d2-4b4b-b857-33ba5b67e150.png,2,Triangle Cover for Side Window - Ferrari SF90 Stradale - F6 090 28 - Novitec,,
novitec-triangle-cover-for-side-window-visible-carbon-coupe-ferrari-sf90,,,,,,,,,,,,,,,,,,https://cdn.shopify.com/s/files/1/0701/4472/0949/files/Screenshot_2026-01-18_at_00.27.57.png,3,Triangle Cover for Side Window - Ferrari SF90 Stradale - F6 090 28 - Novitec,,
novitec-mirror-upper-part-visible-carbon-sf90,Mirror Upper Part - Ferrari SF90 Stradale & Spider - F6 090 27 - Novitec,"<h2>Description</h2> <p>The <strong>NOVITEC Mirror Upper Part (Visible Carbon)</strong> for the <strong>Ferrari SF90 Stradale and SF90 Spider</strong> enhances the exterior mirrors with a refined and aggressive carbon fiber finish. Designed to replace or overlay the upper section of the factory mirror housing, this component adds a distinctive motorsport-inspired detail while maintaining seamless OEM-level integration.</p> <p>Manufactured from premium <strong>carbon fiber</strong> and finished in <strong>visible carbon</strong>, the mirror upper parts offer lightweight construction and precise fitment, perfectly complementing other NOVITEC aerodynamic upgrades.</p> <h2>Compatibility</h2> <p>Ferrari <strong>SF90 Stradale</strong><br>Ferrari <strong>SF90 Spider</strong></p> <h2>Key Features</h2> <ul> <li> <p>Mirror upper part in visible carbon</p> </li> <li> <p>Manufactured from high-quality carbon fiber</p> </li> <li> <p>Lightweight and durable construction</p> </li> <li> <p>Enhances side styling with a motorsport-inspired look</p> </li> <li> <p>OEM-level integration and precise fitment</p> </li> <li> <p>Complements other NOVITEC carbon components</p> </li> </ul> <h2>Included Components</h2> <ul> <li> <p>Mirror upper parts (left &amp; right) – visible carbon</p> </li> <li> <p>Required mounting / installation material (as supplied by NOVITEC)</p> </li> </ul> <h2>Technical Details</h2> <ul> <li> <p>Manufacturer: NOVITEC</p> </li> <li> <p>Product Type: Mirror Upper Part</p> </li> <li> <p>Vehicle Application: SF90 Stradale / SF90 Spider</p> </li> <li> <p>Material: Carbon Fiber</p> </li> <li> <p>Finish: Visible Carbon</p> </li> </ul> <h2>Installation</h2> <p>Professional installation is strongly recommended to ensure proper alignment and secure mounting.</p> <h2>Part Number</h2> <ul> <li> <p><strong>F6 090 27</strong></p> </li> </ul> <h2>Special Order</h2> <p>Lead time approximately <strong>4–6 weeks</strong></p>",Novitec,Aerodynamics,"brand_novitec, car_ferrari, category_aerodynamic, condition_new, install_available, model_sf90, pricing_buy_now",TRUE,Variant,Visible Carbon,F6 090 27,0,shopify,2,deny,manual,9900.00,TRUE,TRUE,https://cdn.shopify.com/s/files/1/0701/4472/0949/files/Screenshot2026-02-06at12.42.04.png,1,Mirror Upper Part - Ferrari SF90 Stradale & Spider - F6 090 27 - Novitec,FALSE,active
novitec-mirror-upper-part-visible-carbon-sf90,,,,,,,,Ferrari Carbon,F6 090 27-2,0,shopify,2,deny,manual,9900.00,TRUE,TRUE,,,,,
novitec-mirror-upper-part-visible-carbon-sf90,,,,,,,,,,,,,,,,,,https://cdn.shopify.com/s/files/1/0701/4472/0949/files/Screenshot2026-02-06at12.45.32.png,2,Mirror Upper Part - Ferrari SF90 Stradale & Spider - F6 090 27 - Novitec,,
novitec-mirror-upper-part-visible-carbon-sf90,,,,,,,,,,,,,,,,,,https://cdn.shopify.com/s/files/1/0701/4472/0949/files/Screenshot_2026-01-15_at_00.30.11_df9037c1-74d2-4b4b-b857-33ba5b67e150.png,3,Mirror Upper Part - Ferrari SF90 Stradale & Spider - F6 090 27 - Novitec,,
novitec-ducktail-visible-carbon-sf90,Ducktail - Ferrari SF90 Stradale & Spider - F6 090 26 - Novitec,"<h2>Description</h2> <p>The <strong>NOVITEC Ducktail (Visible Carbon)</strong> for the <strong>Ferrari SF90 Stradale and SF90 Spider</strong> enhances the rear profile with a subtle yet highly effective aerodynamic upgrade. Designed to increase rear downforce and improve high-speed stability, the ducktail spoiler adds a distinctive race-inspired touch while maintaining the elegant lines of the SF90.</p> <p>Manufactured from premium <strong>carbon fiber</strong> and finished in <strong>visible carbon</strong>, the ducktail delivers lightweight construction, structural rigidity, and a bold motorsport aesthetic with seamless OEM-level integration.</p> <h2>Compatibility</h2> <p>Ferrari <strong>SF90 Stradale</strong><br>Ferrari <strong>SF90 Spider</strong></p> <h2>Key Features</h2> <ul> <li> <p>Rear ducktail spoiler in visible carbon</p> </li> <li> <p>Improves rear aerodynamic balance and downforce</p> </li> <li> <p>Manufactured from high-quality carbon fiber</p> </li> <li> <p>Lightweight and high-strength construction</p> </li> <li> <p>Motorsport-inspired design enhancement</p> </li> <li> <p>OEM-level integration and precise fitment</p> </li> </ul> <h2>Included Components</h2> <ul> <li> <p>Ducktail spoiler (visible carbon)</p> </li> <li> <p>Required mounting / installation material (as supplied by NOVITEC)</p> </li> </ul> <h2>Technical Details</h2> <ul> <li> <p>Manufacturer: NOVITEC</p> </li> <li> <p>Product Type: Ducktail Spoiler</p> </li> <li> <p>Vehicle Application: SF90 Stradale / SF90 Spider</p> </li> <li> <p>Material: Carbon Fiber</p> </li> <li> <p>Finish: Visible Carbon</p> </li> </ul> <h2>Installation</h2> <p>Professional installation is strongly recommended to ensure correct alignment and optimal aerodynamic performance.</p> <h2>Part Number</h2> <ul> <li> <p><strong>F6 090 26</strong></p> </li> </ul> <h2>Special Order</h2> <p>Lead time approximately <strong>4–6 weeks</strong></p>",Novitec,Aerodynamics,"brand_novitec, car_ferrari, category_aerodynamic, condition_new, install_available, model_sf90, pricing_buy_now",TRUE,Variant,Visible Carbon,F6 090 26,0,shopify,4,deny,manual,25900.00,TRUE,TRUE,https://cdn.shopify.com/s/files/1/0701/4472/0949/files/Screenshot2026-02-06at12.41.44.png,1,Ducktail - Ferrari SF90 Stradale & Spider - F6 090 26 - Novitec,FALSE,active
novitec-ducktail-visible-carbon-sf90,,,,,,,,Ferrari Carbon,F6 090 26-2,0,shopify,6,deny,manual,25900.00,TRUE,TRUE,,,,,
novitec-ducktail-visible-carbon-sf90,,,,,,,,,,,,,,,,,,https://cdn.shopify.com/s/files/1/0701/4472/0949/files/Screenshot2026-02-06at12.30.16.png,2,Ducktail - Ferrari SF90 Stradale & Spider - F6 090 26 - Novitec,,
novitec-ducktail-visible-carbon-sf90,,,,,,,,,,,,,,,,,,https://cdn.shopify.com/s/files/1/0701/4472/0949/files/Screenshot_2026-01-15_at_00.30.11_df9037c1-74d2-4b4b-b857-33ba5b67e150.png,3,Ducktail - Ferrari SF90 Stradale & Spider - F6 090 26 - Novitec,,
novitec-side-panels-set-visible-carbon-sf90,Side Panels - Ferrari SF90 Stradale & Spider - F6 090 25 - Novitec,"<h2>Description</h2> <p>The <strong>NOVITEC Side Panels (Set – Visible Carbon)</strong> for the <strong>Ferrari SF90 Stradale and SF90 Spider</strong> enhance the vehicle’s side profile with a sharper and more aggressive motorsport-inspired appearance. Designed to integrate seamlessly with the factory body lines, these carbon fiber panels add refined aerodynamic detailing while maintaining OEM-level fitment.</p> <p>Manufactured from premium <strong>carbon fiber</strong> and finished in <strong>visible carbon</strong>, the side panel set delivers lightweight construction and a distinctive high-performance aesthetic that complements other NOVITEC aerodynamic components.</p> <h2>Compatibility</h2> <p>Ferrari <strong>SF90 Stradale</strong><br>Ferrari <strong>SF90 Spider</strong></p> <h2>Key Features</h2> <ul> <li> <p>Side panels – complete set</p> </li> <li> <p>Manufactured from high-quality carbon fiber</p> </li> <li> <p>Visible carbon finish for a premium performance look</p> </li> <li> <p>Lightweight and high-strength construction</p> </li> <li> <p>Enhances side styling and aerodynamic appearance</p> </li> <li> <p>OEM-level integration and precise fitment</p> </li> </ul> <h2>Included Components</h2> <ul> <li> <p>Side panels (left &amp; right) – visible carbon</p> </li> <li> <p>Required mounting / installation material (as supplied by NOVITEC)</p> </li> </ul> <h2>Technical Details</h2> <ul> <li> <p>Manufacturer: NOVITEC</p> </li> <li> <p>Product Type: Side Panels</p> </li> <li> <p>Configuration: Set (Left &amp; Right)</p> </li> <li> <p>Vehicle Application: SF90 Stradale / SF90 Spider</p> </li> <li> <p>Material: Carbon Fiber</p> </li> <li> <p>Finish: Visible Carbon</p> </li> </ul> <h2>Installation</h2> <p>Professional installation is strongly recommended to ensure proper alignment and secure mounting.</p> <h2>Part Number</h2> <ul> <li> <p><strong>F6 090 25</strong></p> </li> </ul> <h2>Special Order</h2> <p>Lead time approximately <strong>4–6 weeks</strong></p>",Novitec,Aerodynamics,"brand_novitec, car_ferrari, category_aerodynamic, condition_new, install_available, model_sf90, pricing_buy_now",TRUE,Variant,Visible Carbon,F6 090 25,0,shopify,3,deny,manual,26900.00,TRUE,TRUE,https://cdn.shopify.com/s/files/1/0701/4472/0949/files/Screenshot2026-02-06at12.41.26.png,1,Side Panels - Ferrari SF90 Stradale & Spider - F6 090 25 - Novitec,FALSE,active
novitec-side-panels-set-visible-carbon-sf90,,,,,,,,Ferrari Carbon,F6 090 25-2,0,shopify,2,deny,manual,26900.00,TRUE,TRUE,,,,,
novitec-side-panels-set-visible-carbon-sf90,,,,,,,,,,,,,,,,,,https://cdn.shopify.com/s/files/1/0701/4472/0949/files/Screenshot2026-02-06at12.27.46.png,2,Side Panels - Ferrari SF90 Stradale & Spider - F6 090 25 - Novitec,,
novitec-side-panels-set-visible-carbon-sf90,,,,,,,,,,,,,,,,,,https://cdn.shopify.com/s/files/1/0701/4472/0949/files/Screenshot_2026-01-15_at_00.30.11_df9037c1-74d2-4b4b-b857-33ba5b67e150.png,3,Side Panels - Ferrari SF90 Stradale & Spider - F6 090 25 - Novitec,,
novitec-cover-front-lid-visible-carbon-sf90,Front Lid Cover - Ferrari SF90 Stradale & Spider - F6 090 24 - Novitec,"<h2>Description</h2> <p>The <strong>NOVITEC Front Lid Cover (Visible Carbon)</strong> for the <strong>Ferrari SF90 Stradale and SF90 Spider</strong> enhances the vehicle’s front profile with a striking motorsport-inspired finish. Designed to overlay the original front lid, this component adds refined carbon fiber detailing while maintaining seamless OEM-level integration.</p> <p>Manufactured from premium <strong>carbon fiber</strong> and finished in <strong>visible carbon</strong>, the front lid cover delivers lightweight construction and a bold high-performance aesthetic that perfectly complements other NOVITEC aerodynamic upgrades.</p> <h2>Compatibility</h2> <p>Ferrari <strong>SF90 Stradale</strong><br>Ferrari <strong>SF90 Spider</strong></p> <h2>Key Features</h2> <ul> <li> <p>Front lid cover in visible carbon</p> </li> <li> <p>Designed to fit the original front lid</p> </li> <li> <p>Manufactured from high-quality carbon fiber</p> </li> <li> <p>Lightweight and durable construction</p> </li> <li> <p>Enhances front-end styling and visual presence</p> </li> <li> <p>OEM-level integration and precise fitment</p> </li> </ul> <h2>Included Components</h2> <ul> <li> <p>Front lid cover (visible carbon)</p> </li> <li> <p>Required mounting / installation material (as supplied by NOVITEC)</p> </li> </ul> <h2>Technical Details</h2> <ul> <li> <p>Manufacturer: NOVITEC</p> </li> <li> <p>Product Type: Front Lid Cover</p> </li> <li> <p>Vehicle Application: SF90 Stradale / SF90 Spider</p> </li> <li> <p>Material: Carbon Fiber</p> </li> <li> <p>Finish: Visible Carbon</p> </li> </ul> <h2>Installation</h2> <p>Professional installation is strongly recommended to ensure proper alignment and secure mounting.</p> <h2>Part Number</h2> <ul> <li> <p><strong>F6 090 24</strong></p> </li> </ul> <h2>Special Order</h2> <p>Lead time approximately <strong>4–6 weeks</strong></p>",Novitec,Aerodynamics,"brand_novitec, car_ferrari, category_aerodynamic, condition_new, install_available, model_sf90, pricing_buy_now",TRUE,Variant,Visible Carbon,F6 090 24,0,shopify,3,deny,manual,9900.00,TRUE,TRUE,https://cdn.shopify.com/s/files/1/0701/4472/0949/files/Screenshot2026-02-06at12.41.08.png,1,Front Lid Cover - Ferrari SF90 Stradale & Spider - F6 090 24 - Novitec,FALSE,active
novitec-cover-front-lid-visible-carbon-sf90,,,,,,,,Ferrari Carbon,F6 090 24-2,0,shopify,6,deny,manual,9900.00,TRUE,TRUE,,,,,
novitec-cover-front-lid-visible-carbon-sf90,,,,,,,,,,,,,,,,,,https://cdn.shopify.com/s/files/1/0701/4472/0949/files/Screenshot2026-02-06at12.24.56.png,2,Front Lid Cover - Ferrari SF90 Stradale & Spider - F6 090 24 - Novitec,,
novitec-cover-front-lid-visible-carbon-sf90,,,,,,,,,,,,,,,,,,https://cdn.shopify.com/s/files/1/0701/4472/0949/files/Screenshot_2026-01-15_at_00.30.11_df9037c1-74d2-4b4b-b857-33ba5b67e150.png,3,Front Lid Cover - Ferrari SF90 Stradale & Spider - F6 090 24 - Novitec,,
novitec-front-fenders-race-sf90,Front Fenders Race - Ferrari SF90 Stradale & Spider - F6 090 23 - Novitec,"<h2>Description</h2> <p>The <strong>NOVITEC Front Fenders RACE</strong> for the <strong>Ferrari SF90 Stradale and SF90 Spider</strong> are engineered to deliver a more aggressive motorsport-inspired appearance while enhancing aerodynamic efficiency. The RACE version features optimized air outlets that improve airflow management and help reduce front axle lift at high speeds.</p> <p>Developed with precise OEM-level integration, the front fenders maintain factory mounting points while significantly sharpening the vehicle’s side profile and performance presence.</p> <h2>Compatibility</h2> <p>Ferrari <strong>SF90 Stradale</strong><br>Ferrari <strong>SF90 Spider</strong></p> <h2>Key Features</h2> <ul> <li> <p>RACE version front fenders</p> </li> <li> <p>Enhanced airflow management and aerodynamic efficiency</p> </li> <li> <p>Reduces front axle lift at high speeds</p> </li> <li> <p>Aggressive motorsport-inspired design</p> </li> <li> <p>Lightweight construction</p> </li> <li> <p>OEM-level integration and precise fitment</p> </li> </ul> <h2>Included Components</h2> <ul> <li> <p>Front fenders – RACE version (left &amp; right)</p> </li> <li> <p>Required mounting / installation material (as supplied by NOVITEC)</p> </li> </ul> <h2>Technical Details</h2> <ul> <li> <p>Manufacturer: NOVITEC</p> </li> <li> <p>Product Type: Front Fenders</p> </li> <li> <p>Version: RACE</p> </li> <li> <p>Vehicle Application: SF90 Stradale / SF90 Spider</p> </li> </ul> <h2>Installation</h2> <p>Professional installation and paint preparation are strongly recommended to ensure proper alignment and high-quality finish.</p> <h2>Part Number</h2> <ul> <li> <p><strong>F6 090 23</strong></p> </li> </ul> <h2>Special Order</h2> <p>Lead time approximately <strong>4–6 weeks</strong></p>",Novitec,Aerodynamics,"brand_novitec, car_ferrari, category_aerodynamic, condition_new, install_available, model_sf90, pricing_buy_now",TRUE,Variant,Visible Carbon,F6 090 23,0,shopify,2,deny,manual,35900.00,TRUE,TRUE,https://cdn.shopify.com/s/files/1/0701/4472/0949/files/Screenshot2026-02-06at12.40.46.png,1,Front Fenders Race - Ferrari SF90 Stradale & Spider - F6 090 23 - Novitec,FALSE,active
novitec-front-fenders-race-sf90,,,,,,,,Ferrari Carbon,F6 090 23-2,0,shopify,4,deny,manual,35900.00,TRUE,TRUE,,,,,
novitec-front-fenders-race-sf90,,,,,,,,,,,,,,,,,,https://cdn.shopify.com/s/files/1/0701/4472/0949/files/Screenshot2026-02-06at12.26.42.png,2,Front Fenders Race - Ferrari SF90 Stradale & Spider - F6 090 23 - Novitec,,
novitec-front-fenders-race-sf90,,,,,,,,,,,,,,,,,,https://cdn.shopify.com/s/files/1/0701/4472/0949/files/Screenshot_2026-01-15_at_00.30.11_df9037c1-74d2-4b4b-b857-33ba5b67e150.png,3,Front Fenders Race - Ferrari SF90 Stradale & Spider - F6 090 23 - Novitec,,
novitec-insert-front-lid-visible-carbon-sf90,Front Lid Insert - Ferrari SF90 Stradale & Spider - F6 090 22 - Novitec,"<h2>Description</h2> <p>The <strong>NOVITEC Front Lid Insert (Visible Carbon)</strong> for the <strong>Ferrari SF90 Stradale and SF90 Spider</strong> enhances the front luggage compartment lid with a refined motorsport-inspired detail. Designed to integrate seamlessly into the original front lid, this carbon fiber insert adds a distinctive high-performance accent while preserving the vehicle’s OEM design language.</p> <p>Manufactured from premium <strong>carbon fiber</strong> and finished in <strong>visible carbon</strong>, the insert offers lightweight construction and precise fitment, perfectly complementing other NOVITEC aerodynamic components.</p> <h2>Compatibility</h2> <p>Ferrari <strong>SF90 Stradale</strong><br>Ferrari <strong>SF90 Spider</strong></p> <h2>Key Features</h2> <ul> <li> <p>Front lid insert in visible carbon</p> </li> <li> <p>Designed to fit the original front lid</p> </li> <li> <p>Manufactured from high-quality carbon fiber</p> </li> <li> <p>Lightweight and durable construction</p> </li> <li> <p>Motorsport-inspired styling upgrade</p> </li> <li> <p>OEM-level integration and precise fitment</p> </li> </ul> <h2>Included Components</h2> <ul> <li> <p>Front lid insert (visible carbon)</p> </li> <li> <p>Required mounting / installation material (as supplied by NOVITEC)</p> </li> </ul> <h2>Technical Details</h2> <ul> <li> <p>Manufacturer: NOVITEC</p> </li> <li> <p>Product Type: Front Lid Insert</p> </li> <li> <p>Vehicle Application: SF90 Stradale / SF90 Spider</p> </li> <li> <p>Material: Carbon Fiber</p> </li> <li> <p>Finish: Visible Carbon</p> </li> </ul> <h2>Installation</h2> <p>Professional installation is strongly recommended to ensure proper alignment and secure mounting.</p> <h2>Part Number</h2> <ul> <li> <p><strong>F6 090 22</strong></p> </li> </ul> <h2>Special Order</h2> <p>Lead time approximately <strong>4–6 weeks</strong></p>",Novitec,Aerodynamics,"brand_novitec, car_ferrari, category_aerodynamic, condition_new, install_available, model_sf90, pricing_buy_now",TRUE,Variant,Visible Carbon,F6 090 22,0,shopify,1,deny,manual,7900.00,TRUE,TRUE,https://cdn.shopify.com/s/files/1/0701/4472/0949/files/Screenshot2026-02-06at12.40.26.png,1,Front Lid Insert - Ferrari SF90 Stradale & Spider - F6 090 22 - Novitec,FALSE,active
novitec-insert-front-lid-visible-carbon-sf90,,,,,,,,Ferrari Carbon,F6 090 22-2,0,shopify,3,deny,manual,7900.00,TRUE,TRUE,,,,,
novitec-insert-front-lid-visible-carbon-sf90,,,,,,,,,,,,,,,,,,https://cdn.shopify.com/s/files/1/0701/4472/0949/files/Screenshot2026-02-06at12.25.22.png,2,Front Lid Insert - Ferrari SF90 Stradale & Spider - F6 090 22 - Novitec,,
novitec-insert-front-lid-visible-carbon-sf90,,,,,,,,,,,,,,,,,,https://cdn.shopify.com/s/files/1/0701/4472/0949/files/Screenshot_2026-01-15_at_00.30.11_df9037c1-74d2-4b4b-b857-33ba5b67e150.png,3,Front Lid Insert - Ferrari SF90 Stradale & Spider - F6 090 22 - Novitec,,
novitec-frontflaps-visible-carbon-sf90,Front Flaps - Ferrari SF90 Stradale & Spider - F6 090 21 - Novitec,"<h2>Description</h2> <p>The <strong>NOVITEC Front Flaps (Visible Carbon)</strong> for the <strong>Ferrari SF90 Stradale and SF90 Spider</strong> enhance the front-end aerodynamics and visual presence with a sharper, race-inspired design. Positioned on the outer sections of the front bumper, these flaps help optimize airflow and contribute to improved high-speed stability.</p> <p>Manufactured from premium <strong>carbon fiber</strong> and finished in <strong>visible carbon</strong>, the front flaps combine lightweight construction with a striking motorsport aesthetic, perfectly complementing other NOVITEC aerodynamic components.</p> <h2>Compatibility</h2> <p>Ferrari <strong>SF90 Stradale</strong><br>Ferrari <strong>SF90 Spider</strong></p> <h2>Key Features</h2> <ul> <li> <p>Front flaps in visible carbon</p> </li> <li> <p>Enhances front-end aerodynamics and airflow management</p> </li> <li> <p>Manufactured from high-quality carbon fiber</p> </li> <li> <p>Lightweight and high-strength construction</p> </li> <li> <p>Aggressive motorsport-inspired styling</p> </li> <li> <p>OEM-level integration and precise fitment</p> </li> </ul> <h2>Included Components</h2> <ul> <li> <p>Front flaps (left &amp; right)</p> </li> <li> <p>Required mounting / installation material (as supplied by NOVITEC)</p> </li> </ul> <h2>Technical Details</h2> <ul> <li> <p>Manufacturer: NOVITEC</p> </li> <li> <p>Product Type: Front Flaps</p> </li> <li> <p>Vehicle Application: SF90 Stradale / SF90 Spider</p> </li> <li> <p>Material: Carbon Fiber</p> </li> <li> <p>Finish: Visible Carbon</p> </li> </ul> <h2>Installation</h2> <p>Professional installation is strongly recommended to ensure correct positioning and secure mounting for optimal aerodynamic performance.</p> <h2>Part Number</h2> <ul> <li> <p><strong>F6 090 21</strong></p> </li> </ul> <h2>Special Order</h2> <p>Lead time approximately <strong>4–6 weeks</strong></p>",Novitec,Aerodynamics,"brand_novitec, car_ferrari, category_aerodynamic, condition_new, install_available, model_sf90, pricing_buy_now",TRUE,Variant,Visible Carbon,F6 090 21,0,shopify,3,deny,manual,7900.00,TRUE,TRUE,https://cdn.shopify.com/s/files/1/0701/4472/0949/files/Screenshot2026-02-06at12.40.09.png,1,Front Flaps - Ferrari SF90 Stradale & Spider - F6 090 21 - Novitec,FALSE,active
novitec-frontflaps-visible-carbon-sf90,,,,,,,,Ferrari Carbon,F6 090 21-2,0,shopify,3,deny,manual,7900.00,TRUE,TRUE,,,,,
novitec-frontflaps-visible-carbon-sf90,,,,,,,,,,,,,,,,,,https://cdn.shopify.com/s/files/1/0701/4472/0949/files/Screenshot2026-02-06at12.31.27.png,2,Front Flaps - Ferrari SF90 Stradale & Spider - F6 090 21 - Novitec,,
novitec-frontflaps-visible-carbon-sf90,,,,,,,,,,,,,,,,,,https://cdn.shopify.com/s/files/1/0701/4472/0949/files/Screenshot_2026-01-15_at_00.30.11_834c5d14-56a9-40e5-9e1d-f9bcea3373ba.png,3,Front Flaps - Ferrari SF90 Stradale & Spider - F6 090 21 - Novitec,,
novitec-front-attachment-visible-carbon-sf90,Front Attachment - Ferrari SF90 Stradale & Spider - F6 090 20 - Novitec,"<h2>Description</h2> <p>The <strong>NOVITEC Front Attachment (Visible Carbon)</strong> for the <strong>Ferrari SF90 Stradale and SF90 Spider</strong> enhances the factory front bumper with a sharper, more aggressive aerodynamic profile. Designed to fit seamlessly onto the original front bumper, this component improves high-speed stability by supporting <strong>negative lift</strong> and increasing front-end downforce.</p> <p>Manufactured from premium <strong>carbon fiber</strong> and finished in <strong>visible carbon</strong>, the front attachment delivers lightweight construction and a distinctive motorsport-inspired aesthetic while maintaining precise OEM-level integration.</p> <h2>Compatibility</h2> <p>Ferrari <strong>SF90 Stradale</strong><br>Ferrari <strong>SF90 Spider</strong></p> <h2>Key Features</h2> <ul> <li> <p>Front attachment designed for original front bumper</p> </li> <li> <p>Supports negative lift and improves front-end aerodynamics</p> </li> <li> <p>Manufactured from high-quality carbon fiber</p> </li> <li> <p>Visible carbon finish for a premium performance look</p> </li> <li> <p>Lightweight and high-strength construction</p> </li> <li> <p>OEM-level integration and precise fitment</p> </li> </ul> <h2>Included Components</h2> <ul> <li> <p>Front attachment (visible carbon)</p> </li> <li> <p>Required mounting / installation material (as supplied by NOVITEC)</p> </li> </ul> <h2>Technical Details</h2> <ul> <li> <p>Manufacturer: NOVITEC</p> </li> <li> <p>Product Type: Front Attachment</p> </li> <li> <p>Vehicle Application: SF90 Stradale / SF90 Spider</p> </li> <li> <p>Material: Carbon Fiber</p> </li> <li> <p>Finish: Visible Carbon</p> </li> <li> <p>Function: Aerodynamic enhancement (negative lift support)</p> </li> </ul> <h2>Installation</h2> <p>Professional installation is strongly recommended to ensure correct alignment and secure mounting for optimal aerodynamic performance.</p> <h2>Part Number</h2> <ul> <li> <p><strong>F6 090 20</strong></p> </li> </ul> <h2>Special Order</h2> <p>Lead time approximately <strong>4–6 weeks</strong></p>",Novitec,Aerodynamics,"brand_novitec, car_ferrari, category_aerodynamic, condition_new, install_available, model_sf90, pricing_buy_now",TRUE,Variant,Visible Carbon,F6 090 20,0,shopify,3,deny,manual,13900.00,TRUE,TRUE,https://cdn.shopify.com/s/files/1/0701/4472/0949/files/Screenshot2026-02-06at12.39.49.png,1,Front Attachment - Ferrari SF90 Stradale & Spider - F6 090 20 - Novitec,FALSE,active
novitec-front-attachment-visible-carbon-sf90,,,,,,,,Ferrari Carbon,F6 090 20-2,0,shopify,5,deny,manual,13900.00,TRUE,TRUE,,,,,
novitec-front-attachment-visible-carbon-sf90,,,,,,,,,,,,,,,,,,https://cdn.shopify.com/s/files/1/0701/4472/0949/files/Screenshot2026-02-06at12.24.31.png,2,Front Attachment - Ferrari SF90 Stradale & Spider - F6 090 20 - Novitec,,
novitec-front-attachment-visible-carbon-sf90,,,,,,,,,,,,,,,,,,https://cdn.shopify.com/s/files/1/0701/4472/0949/files/Screenshot_2026-01-15_at_00.30.11_df9037c1-74d2-4b4b-b857-33ba5b67e150.png,3,Front Attachment - Ferrari SF90 Stradale & Spider - F6 090 20 - Novitec,,
novitec-urus-switchtronic,SWITCHTRONIC Module - Lamborghini Urus - L1 333 90 - Novitec,"<h2>Description</h2> <p>The <strong>NOVITEC SWITCHTRONIC</strong> for the <strong>Lamborghini Urus</strong> enables manual control of exhaust systems equipped with <strong>flap regulation</strong>, allowing the driver to open or close the exhaust valves directly from the cockpit via radio remote.</p> <p>Designed specifically for <strong>NOVITEC exhaust systems with flap regulation</strong>, SWITCHTRONIC provides full control over the vehicle’s sound characteristics — offering a refined tone for everyday driving or a fully aggressive performance sound at the push of a button.</p> <p>The system integrates seamlessly with the factory electronics while maintaining OEM-level functionality.</p> <h2>Compatibility</h2> <p>Lamborghini <strong>Urus</strong></p> <p>For use with:</p> <ul> <li> <p>NOVITEC exhaust systems with flap regulation</p> </li> </ul> <h2>Key Features</h2> <ul> <li> <p>Remote-controlled exhaust flap operation</p> </li> <li> <p>Open and close exhaust valves on demand</p> </li> <li> <p>Compatible with NOVITEC flap-regulated exhaust systems</p> </li> <li> <p>Independent control from factory drive modes</p> </li> <li> <p>Seamless OEM-level electronic integration</p> </li> <li> <p>Enhances driver control over exhaust acoustics</p> </li> </ul> <h2>Included Components</h2> <ul> <li> <p>NOVITEC SWITCHTRONIC control module</p> </li> <li> <p>Radio remote control</p> </li> <li> <p>Required wiring / installation components (as supplied by NOVITEC)</p> </li> </ul> <h2>Technical Details</h2> <ul> <li> <p>Manufacturer: NOVITEC</p> </li> <li> <p>Product Type: Exhaust Valve Control Module</p> </li> <li> <p>Function: Remote flap regulation</p> </li> <li> <p>Compatibility: NOVITEC exhaust systems with flap regulation</p> </li> </ul> <h2>Installation</h2> <p>Professional installation is strongly recommended to ensure proper integration with the vehicle’s exhaust valve system and electronics.</p> <h2>Part Number</h2> <ul> <li> <p><strong>L1 333 90</strong></p> </li> </ul> <h2>Special Order</h2> <p>Lead time approximately <strong>4–6 weeks</strong></p>",Novitec,Exhaust,"brand_novitec, car_lamborghini, category_exhaust, condition_new, install_available, model_urus, pricing_buy_now",TRUE,Title,Default Title,L1 333 90,0,shopify,4,deny,manual,3900.00,TRUE,TRUE,https://cdn.shopify.com/s/files/1/0701/4472/0949/files/Screenshot_2026-02-14_at_14.30.40.png,1,SWITCHTRONIC Module - Lamborghini Urus - L1 333 90 - Novitec,FALSE,active
novitec-urus-tectronic-standalone,TECTRONIC Module - Lamborghini Urus - L1 333 80 - Novitec,"<h2>Description</h2> <p>The <strong>NOVITEC TECTRONIC Module</strong> for the <strong>Lamborghini Urus</strong> is designed to prevent exhaust system error messages when installing <strong>NOVITEC sport metal catalysts</strong> or <strong>NOVITEC catalyst-replacement pipes</strong>. This electronic control module ensures proper communication with the vehicle’s onboard diagnostic system, avoiding unwanted warning indications related to modified exhaust components.</p> <p>The TECTRONIC module must be ordered <strong>in combination with a NOVITEC exhaust system</strong>, ensuring seamless integration and full compatibility with NOVITEC performance upgrades.</p> <h2>Compatibility</h2> <p>Lamborghini <strong>Urus</strong></p> <p>Required when using:</p> <ul> <li> <p>NOVITEC Sport Metal Catalysts (L1 333 66)</p> </li> <li> <p>NOVITEC Catalyst-Replacement Pipes (L1 333 65)</p> </li> </ul> <p>Installation Requirement:</p> <ul> <li> <p>Only in combination with a <strong>NOVITEC exhaust system</strong></p> </li> </ul> <h2>Key Features</h2> <ul> <li> <p>Prevents exhaust system error indications</p> </li> <li> <p>Designed for use with NOVITEC sport catalysts or cat-replacement pipes</p> </li> <li> <p>Ensures proper communication with vehicle electronics</p> </li> <li> <p>Maintains OEM-level system functionality</p> </li> <li> <p>Engineered specifically for NOVITEC exhaust setups</p> </li> </ul> <h2>Included Components</h2> <ul> <li> <p>NOVITEC TECTRONIC module</p> </li> <li> <p>Required wiring / installation components (as supplied by NOVITEC)</p> </li> </ul> <h2>Technical Details</h2> <ul> <li> <p>Manufacturer: NOVITEC</p> </li> <li> <p>Product Type: Electronic Control Module</p> </li> <li> <p>Application: Exhaust system error prevention</p> </li> <li> <p>Compatibility: NOVITEC exhaust systems with sport catalysts or cat-replacement pipes</p> </li> </ul> <h2>Installation</h2> <p>Professional installation is strongly recommended to ensure correct integration with the vehicle’s electronic systems. Must be installed in combination with a NOVITEC exhaust system.</p> <h2>Part Number</h2> <ul> <li> <p><strong>L1 333 80</strong></p> </li> </ul> <h2>Special Order</h2> <p>Lead time approximately <strong>4–6 weeks</strong></p>",Novitec,Exhaust,"brand_novitec, car_lamborghini, category_exhaust, condition_new, install_available, model_urus, pricing_buy_now",TRUE,Title,Default Title,L1 333 80,0,shopify,4,deny,manual,4900.00,TRUE,TRUE,https://cdn.shopify.com/s/files/1/0701/4472/0949/files/tempImageSC1Wyu.jpg,1,TECTRONIC Module - Lamborghini Urus - L1 333 80 - Novitec,FALSE,active
novitec-urus-sport-cats,Sport Metal Catalysts 100 Cell (Set of 2) - Lamborghini Urus - L1 333 66 - Novitec,"<h2>Description</h2> <p>The <strong>NOVITEC Sport Metal Catalysts (100 Cell – Heat Protected, Set)</strong> for the <strong>Lamborghini Urus</strong> are engineered to enhance exhaust efficiency while maintaining catalytic functionality. Featuring <strong>100-cell sport metal catalysts</strong>, this system reduces exhaust back pressure to improve throttle response, optimize performance, and deliver a more pronounced exhaust tone.</p> <p>Manufactured from high-quality materials and supplied <strong>complete with heat protection</strong>, these sport catalysts ensure durability and effective thermal management under high-performance driving conditions.</p> <p>The system is compatible with both the <strong>NOVITEC exhaust system</strong> and the <strong>original factory exhaust system</strong>, ensuring precise OEM-level integration.</p> <h2>Compatibility</h2> <p>Lamborghini <strong>Urus</strong></p> <p>Compatible with:</p> <ul> <li> <p>NOVITEC exhaust system</p> </li> <li> <p>Original factory exhaust system</p> </li> </ul> <h2>Key Features</h2> <ul> <li> <p>100-cell sport metal catalysts – set</p> </li> <li> <p>Reduced exhaust back pressure for improved performance</p> </li> <li> <p>Enhanced throttle response and exhaust acoustics</p> </li> <li> <p>Complete heat-protected construction</p> </li> <li> <p>Compatible with NOVITEC and OEM exhaust systems</p> </li> <li> <p>Precision engineered for OEM-level fitment</p> </li> </ul> <h2>Included Components</h2> <ul> <li> <p>Sport metal catalysts – set</p> </li> <li> <p>Integrated heat protection</p> </li> <li> <p>Required mounting / installation components (as supplied by NOVITEC)</p> </li> </ul> <h2>Technical Details</h2> <ul> <li> <p>Manufacturer: NOVITEC</p> </li> <li> <p>Product Type: Sport Metal Catalysts</p> </li> <li> <p>Cell Count: 100 Cell</p> </li> <li> <p>Quantity: Set</p> </li> <li> <p>Heat Protection: Included</p> </li> <li> <p>Compatibility: NOVITEC &amp; OEM Exhaust</p> </li> </ul> <h2>Installation</h2> <p>Professional installation is strongly recommended. Please note that sport catalysts may not comply with emissions regulations in certain regions and may be intended for motorsport or export use only where applicable laws permit.</p> <h2>Part Number</h2> <ul> <li> <p><strong>L1 333 66</strong></p> </li> </ul> <h2>Special Order</h2> <p>Lead time approximately <strong>4–6 weeks</strong></p>",Novitec,Exhaust,"brand_novitec, car_lamborghini, category_exhaust, condition_new, install_available, model_urus, pricing_buy_now",TRUE,Title,Default Title,L1 333 66,0,shopify,6,deny,manual,26900.00,TRUE,TRUE,https://cdn.shopify.com/s/files/1/0701/4472/0949/files/Screenshot2026-01-31at14.43.15.png,1,Sport Metal Catalysts 100 Cell (Set of 2) - Lamborghini Urus - L1 333 66 - Novitec,FALSE,active
novitec-urus-cat-delete,Catalyst Replacement Pipes (Set of 2) - Lamborghini Urus - L1 333 65 - Novitec,"<h2>Description</h2> <p>The <strong>NOVITEC Catalyst-Replacement Pipes (Set of Two – Heat Protected)</strong> for the <strong>Lamborghini Urus</strong> are engineered to significantly improve exhaust flow and reduce back pressure. By replacing the factory catalytic converters, these pipes enhance throttle response and deliver a more aggressive, performance-oriented exhaust sound.</p> <p>Manufactured from premium materials and supplied <strong>complete with heat protection</strong>, the system ensures durability and optimized thermal management under demanding driving conditions.</p> <p>The catalyst-replacement pipes are compatible with both the <strong>NOVITEC exhaust system</strong> and the <strong>original factory exhaust system</strong>, offering precise OEM-level fitment.</p> <h2>Compatibility</h2> <p>Lamborghini <strong>Urus</strong></p> <p>Compatible with:</p> <ul> <li> <p>NOVITEC exhaust system</p> </li> <li> <p>Original factory exhaust system</p> </li> </ul> <h2>Key Features</h2> <ul> <li> <p>Catalyst-replacement pipes – set of two</p> </li> <li> <p>Improves exhaust flow and reduces back pressure</p> </li> <li> <p>Enhances throttle response and exhaust sound</p> </li> <li> <p>Complete heat-protected construction</p> </li> <li> <p>Compatible with NOVITEC and OEM exhaust systems</p> </li> <li> <p>Precision engineered for OEM-level integration</p> </li> </ul> <h2>Included Components</h2> <ul> <li> <p>Catalyst-replacement pipes – set of two</p> </li> <li> <p>Integrated heat protection</p> </li> <li> <p>Required mounting / installation components (as supplied by NOVITEC)</p> </li> </ul> <h2>Technical Details</h2> <ul> <li> <p>Manufacturer: NOVITEC</p> </li> <li> <p>Product Type: Catalyst-Replacement Pipes</p> </li> <li> <p>Quantity: Set of Two</p> </li> <li> <p>Heat Protection: Included</p> </li> <li> <p>Compatibility: NOVITEC &amp; OEM Exhaust</p> </li> </ul> <h2>Installation</h2> <p>Professional installation is strongly recommended. Please note that catalyst-replacement components may not be road legal in certain markets and may be intended for motorsport or export use only where regulations permit.</p> <h2>Part Number</h2> <ul> <li> <p><strong>L1 333 65</strong></p> </li> </ul> <h2>Special Order</h2> <p>Lead time approximately <strong>4–6 weeks</strong></p>",Novitec,Exhaust,"brand_novitec, car_lamborghini, category_exhaust, condition_new, install_available, model_urus, pricing_buy_now",TRUE,Title,Default Title,L1 333 65,0,shopify,6,deny,manual,13900.00,TRUE,TRUE,https://cdn.shopify.com/s/files/1/0701/4472/0949/files/Screenshot2026-01-31at14.42.52.png,1,Catalyst Replacement Pipes (Set of 2) - Lamborghini Urus - L1 333 65 - Novitec,FALSE,active
novitec-urus-y-pipe,Y-Pipe 70mm - Lamborghini Urus - L1 333 60 - Novitec,"<h2>Description</h2> <p>The <strong>NOVITEC Y-Pipe (Stainless Steel – 70mm)</strong> for the <strong>Lamborghini Urus</strong> is designed to improve exhaust gas flow and enhance overall performance and sound characteristics. With a <strong>70mm diameter</strong>, this Y-pipe optimizes exhaust distribution while maintaining precise OEM-level integration.</p> <p>Manufactured from high-quality <strong>stainless steel</strong>, the system provides excellent durability, heat resistance, and corrosion protection. It is compatible with both the <strong>NOVITEC exhaust system</strong> and the <strong>original factory exhaust</strong>, making it a versatile performance upgrade.</p> <h2>Compatibility</h2> <p>Lamborghini <strong>Urus</strong></p> <p>Compatible with:</p> <ul> <li> <p>NOVITEC exhaust system</p> </li> <li> <p>Original factory exhaust system</p> </li> </ul> <h2>Key Features</h2> <ul> <li> <p>Stainless steel Y-pipe system</p> </li> <li> <p>70mm diameter construction</p> </li> <li> <p>Optimized exhaust flow for improved performance</p> </li> <li> <p>Enhances exhaust tone and responsiveness</p> </li> <li> <p>Durable, heat-resistant, and corrosion-resistant material</p> </li> <li> <p>OEM-level integration and precise fitment</p> </li> </ul> <h2>Included Components</h2> <ul> <li> <p>Y-pipe system – 70mm (stainless steel)</p> </li> <li> <p>Required mounting / installation components (as supplied by NOVITEC)</p> </li> </ul> <h2>Technical Details</h2> <ul> <li> <p>Manufacturer: NOVITEC</p> </li> <li> <p>Product Type: Y-Pipe Exhaust System</p> </li> <li> <p>Diameter: 70mm</p> </li> <li> <p>Material: Stainless Steel</p> </li> <li> <p>Compatibility: NOVITEC &amp; OEM Exhaust</p> </li> </ul> <h2>Installation</h2> <p>Professional installation is strongly recommended to ensure proper alignment and secure mounting.</p> <h2>Part Number</h2> <ul> <li> <p><strong>L1 333 60</strong></p> </li> </ul> <h2>Special Order</h2> <p>Lead time approximately <strong>4–6 weeks</strong></p>",Novitec,Exhaust,"brand_novitec, car_lamborghini, category_exhaust, condition_new, install_available, model_urus, pricing_buy_now",TRUE,Title,Default Title,L1-333-60,0,shopify,3,deny,manual,6900.00,TRUE,TRUE,https://cdn.shopify.com/s/files/1/0701/4472/0949/files/Screenshot2026-01-31at14.42.32.png,1,Y-Pipe 70mm - Lamborghini Urus - L1 333 60 - Novitec,FALSE,active
novitec-urus-x-pipe,X-Pipe System- Lamborghini Urus - L1 333 55 - Novitec,"<h2>Description</h2> <p>The <strong>NOVITEC X-Pipe System (Stainless Steel)</strong> for the <strong>Lamborghini Urus</strong> is engineered to optimize exhaust gas flow between both exhaust banks, improving performance characteristics and enhancing the exhaust sound profile. The X-pipe configuration helps balance pressure distribution, resulting in a smoother yet more pronounced performance tone.</p> <p>Manufactured from high-quality <strong>stainless steel</strong>, the system ensures durability, heat resistance, and corrosion protection while maintaining precise OEM-level fitment.</p> <p>The X-Pipe System is a required component when installing specific NOVITEC power optimized exhaust systems.</p> <h2>Compatibility</h2> <p>Lamborghini <strong>Urus</strong></p> <p>Required for use with:</p> <ul> <li> <p>NOVITEC Power Optimized Exhaust (L1 333 40)</p> </li> <li> <p>NOVITEC Power Optimized Exhaust with Flap Regulation (L1 333 50)</p> </li> <li> <p>NOVITEC Power Optimized Exhaust RACE (L1 333 51)</p> </li> </ul> <h2>Key Features</h2> <ul> <li> <p>Stainless steel X-pipe system</p> </li> <li> <p>Optimizes exhaust gas flow between both banks</p> </li> <li> <p>Enhances exhaust tone and performance characteristics</p> </li> <li> <p>Durable, heat-resistant, and corrosion-resistant construction</p> </li> <li> <p>Precision engineered for OEM-level integration</p> </li> <li> <p>Required component for select NOVITEC exhaust systems</p> </li> </ul> <h2>Included Components</h2> <ul> <li> <p>X-Pipe system (stainless steel)</p> </li> <li> <p>Required mounting / installation components (as supplied by NOVITEC)</p> </li> </ul> <h2>Technical Details</h2> <ul> <li> <p>Manufacturer: NOVITEC</p> </li> <li> <p>Product Type: X-Pipe Exhaust System</p> </li> <li> <p>Material: Stainless Steel</p> </li> </ul> <h2>Installation</h2> <p>Professional installation is strongly recommended to ensure proper alignment and compatibility with associated NOVITEC exhaust components.</p> <h2>Part Number</h2> <ul> <li> <p><strong>L1 333 55</strong></p> </li> </ul> <h2>Special Order</h2> <p>Lead time approximately <strong>4–6 weeks</strong></p>",Novitec,Exhaust,"brand_novitec, car_lamborghini, category_exhaust, condition_new, install_available, model_urus, pricing_buy_now",TRUE,Title,Default Title,L1 333 55,0,shopify,2,deny,manual,4900.00,TRUE,TRUE,https://cdn.shopify.com/s/files/1/0701/4472/0949/files/Screenshot2026-01-31at14.33.40.png,1,X-Pipe System- Lamborghini Urus - L1 333 55 - Novitec,FALSE,active
novitec-urus-exhaust-race,Power Optimized Exhaust System RACE with Flap Regulation - Lamborghini Urus - L1 333 51 - Novitec,"<h2>Description</h2> <p>The <strong>NOVITEC Power Optimized Exhaust System RACE (With Flap Regulation)</strong> for the <strong>Lamborghini Urus</strong> is developed for drivers seeking maximum performance and an uncompromising motorsport sound experience. The RACE version features optimized exhaust flow and reduced back pressure, delivering a more aggressive and pronounced exhaust tone compared to the standard performance system.</p> <p>Equipped with <strong>flap regulation</strong>, the system allows active control of the exhaust valves, offering flexibility between a refined driving mode and a full race-inspired sound profile.</p> <p>This system must be installed <strong>only in combination with NOVITEC X-Pipe System L1 333 55</strong>.</p> <h2>Compatibility</h2> <p>Lamborghini <strong>Urus</strong></p> <p>Installation Requirement:</p> <ul> <li> <p>Only in combination with <strong>L1 333 55 (X-Pipe System)</strong></p> </li> </ul> <h2>Key Features</h2> <ul> <li> <p>RACE version power optimized exhaust system</p> </li> <li> <p>Integrated flap regulation for adjustable sound control</p> </li> <li> <p>Reduced back pressure for enhanced performance</p> </li> <li> <p>More aggressive, motorsport-oriented exhaust tone</p> </li> <li> <p>Precision engineered for OEM-level fitment</p> </li> <li> <p>Designed for combination with NOVITEC L1 333 55</p> </li> </ul> <h2>Included Components</h2> <ul> <li> <p>Power optimized exhaust system RACE (with flap regulation)</p> </li> <li> <p>Required mounting / installation components (as supplied by NOVITEC)</p> </li> </ul> <h2>Technical Details</h2> <ul> <li> <p>Manufacturer: NOVITEC</p> </li> <li> <p>Product Type: Performance Exhaust System</p> </li> <li> <p>Version: RACE</p> </li> <li> <p>Flap Regulation: Yes</p> </li> <li> <p>Installation Requirement: Only with L1 333 55</p> </li> </ul> <h2>Installation</h2> <p>Professional installation is strongly recommended. Proper compatibility verification and installation in combination with <strong>L1 333 55</strong> is mandatory.</p> <h2>Part Number</h2> <ul> <li> <p><strong>L1 333 51</strong></p> </li> </ul> <h2>Special Order</h2> <p>Lead time approximately <strong>4–6 weeks</strong></p>",Novitec,Exhaust,"brand_novitec, car_lamborghini, category_exhaust, condition_new, install_available, model_urus, pricing_buy_now",TRUE,Title,Default Title,L1 333 51,0,shopify,6,deny,manual,20900.00,TRUE,TRUE,https://cdn.shopify.com/s/files/1/0701/4472/0949/files/Screenshot2026-01-16at19.31.49.png,1,Power Optimized Exhaust System RACE with Flap Regulation - Lamborghini Urus - L1 333 51 - Novitec,FALSE,active
novitec-urus-exhaust-flap,Power Optimized Exhaust System with Flap Regulation - Lamborghini Urus - L1 333 50 - Novitec,"<h2>Description</h2> <p>The <strong>NOVITEC Power Optimized Exhaust System (With Flap Regulation – Stainless Steel)</strong> for the <strong>Lamborghini Urus</strong> is engineered to enhance performance, throttle response, and exhaust acoustics. By optimizing exhaust flow and reducing back pressure, this system delivers a more dynamic and aggressive sound profile while preserving everyday usability.</p> <p>Equipped with <strong>flap regulation</strong>, the system allows controlled exhaust valve operation, enabling the driver to switch between a refined cruising tone and a full performance sound depending on driving mode and throttle input.</p> <p>Manufactured from high-quality <strong>stainless steel</strong>, the exhaust system ensures durability, corrosion resistance, and precise OEM-level integration.</p> <p>This system must be installed <strong>only in combination with NOVITEC X-Pipe System L1 333 55</strong>.</p> <h2>Compatibility</h2> <p>Lamborghini <strong>Urus</strong></p> <p>Installation Requirement:</p> <ul> <li> <p>Only in combination with <strong>L1 333 55 (X-Pipe System)</strong></p> </li> </ul> <h2>Key Features</h2> <ul> <li> <p>Power optimized stainless steel exhaust system</p> </li> <li> <p>Integrated flap regulation for adjustable sound control</p> </li> <li> <p>Improved exhaust flow and reduced back pressure</p> </li> <li> <p>Enhanced throttle response and performance acoustics</p> </li> <li> <p>Durable and corrosion-resistant construction</p> </li> <li> <p>Precision engineered for OEM-level fitment</p> </li> </ul> <h2>Included Components</h2> <ul> <li> <p>Power optimized exhaust system (with flap regulation)</p> </li> <li> <p>Required mounting / installation components (as supplied by NOVITEC)</p> </li> </ul> <h2>Technical Details</h2> <ul> <li> <p>Manufacturer: NOVITEC</p> </li> <li> <p>Product Type: Performance Exhaust System</p> </li> <li> <p>Material: Stainless Steel</p> </li> <li> <p>Version: With Flap Regulation</p> </li> <li> <p>Installation Requirement: Only with L1 333 55</p> </li> </ul> <h2>Installation</h2> <p>Professional installation is strongly recommended. Proper compatibility verification and installation in combination with <strong>L1 333 55</strong> is mandatory.</p> <h2>Part Number</h2> <ul> <li> <p><strong>L1 333 50</strong></p> </li> </ul> <h2>Special Order</h2> <p>Lead time approximately <strong>4–6 weeks</strong></p>",Novitec,Exhaust,"brand_novitec, car_lamborghini, category_exhaust, condition_new, install_available, model_urus, pricing_buy_now",TRUE,Title,Default Title,L1 333 50,0,shopify,1,deny,manual,15900.00,TRUE,TRUE,https://cdn.shopify.com/s/files/1/0701/4472/0949/files/Screenshot2026-01-31at14.33.21.png,1,Power Optimized Exhaust System with Flap Regulation - Lamborghini Urus - L1 333 50 - Novitec,FALSE,active
novitec-urus-exhaust-no-flap,Power Optimized Exhaust System without Flap Regulation - Lamborghini Urus - L1 333 40 - Novitec,"<h2>Description</h2> <p>The <strong>NOVITEC Power Optimized Exhaust System (Without Flap Regulation – Stainless Steel)</strong> for the <strong>Lamborghini Urus</strong> is engineered to enhance exhaust flow, reduce back pressure, and deliver a deeper, more aggressive performance sound. Designed for improved efficiency and throttle response, this system strengthens the vehicle’s sporty character while maintaining OEM-level fitment.</p> <p>Manufactured from high-quality <strong>stainless steel</strong>, the exhaust ensures durability, corrosion resistance, and long-term reliability under demanding driving conditions.</p> <p>This version is supplied <strong>without flap regulation</strong> and must be installed <strong>only in combination with NOVITEC X-Pipe System L1 333 55</strong>.</p> <h2>Compatibility</h2> <p>Lamborghini <strong>Urus</strong></p> <p>Installation Requirement:</p> <ul> <li> <p>Only in combination with <strong>L1 333 55 (X-Pipe System)</strong></p> </li> </ul> <h2>Key Features</h2> <ul> <li> <p>Power optimized stainless steel exhaust system</p> </li> <li> <p>Improved exhaust flow and reduced back pressure</p> </li> <li> <p>Enhanced throttle response and performance sound</p> </li> <li> <p>Version without flap regulation</p> </li> <li> <p>Durable and corrosion-resistant stainless steel construction</p> </li> <li> <p>Precision engineered for OEM-level integration</p> </li> </ul> <h2>Included Components</h2> <ul> <li> <p>Power optimized exhaust system (without flap regulation)</p> </li> <li> <p>Required mounting / installation components (as supplied by NOVITEC)</p> </li> </ul> <h2>Technical Details</h2> <ul> <li> <p>Manufacturer: NOVITEC</p> </li> <li> <p>Product Type: Performance Exhaust System</p> </li> <li> <p>Material: Stainless Steel</p> </li> <li> <p>Version: Without Flap Regulation</p> </li> <li> <p>Installation Requirement: Only with L1 333 55</p> </li> </ul> <h2>Installation</h2> <p>Professional installation is strongly recommended. Proper compatibility verification and installation in combination with <strong>L1 333 55</strong> is mandatory.</p> <h2>Part Number</h2> <ul> <li> <p><strong>L1 333 40</strong></p> </li> </ul> <h2>Special Order</h2> <p>Lead time approximately <strong>4–6 weeks</strong></p>",Novitec,Exhaust,"brand_novitec, car_lamborghini, category_exhaust, condition_new, install_available, model_urus, pricing_buy_now",TRUE,Title,Default Title,L1 333 40,0,shopify,3,deny,manual,12900.00,TRUE,TRUE,https://cdn.shopify.com/s/files/1/0701/4472/0949/files/Screenshot2026-01-31at14.33.00.png,1,Power Optimized Exhaust System without Flap Regulation - Lamborghini Urus - L1 333 40 - Novitec,FALSE,active
novitec-urus-tailpipes-black-1,Exhaust Tailpipes Black Stainless Steel (4-Piece Set) - Lamborghini Urus - L1 333 30 - Novitec,"<h2>Description</h2> <p>The <strong>NOVITEC Tailpipes – Stainless Steel (Black, 4-Piece Set)</strong> for the <strong>Lamborghini Urus</strong> enhance the rear appearance with a more aggressive and refined finish. Designed for compatibility with both the <strong>NOVITEC exhaust system</strong> and the <strong>original factory exhaust</strong>, these tailpipes provide a seamless upgrade while maintaining OEM-level fitment.</p> <p>Manufactured from high-quality <strong>stainless steel</strong> and finished in <strong>black</strong>, the set offers excellent durability, heat resistance, and corrosion protection, perfectly complementing the sporty rear design of the Urus.</p> <h2>Compatibility</h2> <p>Lamborghini <strong>Urus</strong></p> <p>Compatible with:</p> <ul> <li> <p>NOVITEC exhaust system</p> </li> <li> <p>Original factory exhaust system</p> </li> </ul> <h2>Key Features</h2> <ul> <li> <p>4-piece tailpipe set</p> </li> <li> <p>Manufactured from premium stainless steel</p> </li> <li> <p>Black finish for a sporty, aggressive look</p> </li> <li> <p>Compatible with NOVITEC and OEM exhaust systems</p> </li> <li> <p>Durable, heat-resistant, and corrosion-resistant construction</p> </li> <li> <p>OEM-level integration and precise fitment</p> </li> </ul> <h2>Included Components</h2> <ul> <li> <p>Tailpipes – 4 pieces (black stainless steel)</p> </li> <li> <p>Required mounting / installation components (as supplied by NOVITEC)</p> </li> </ul> <h2>Technical Details</h2> <ul> <li> <p>Manufacturer: NOVITEC</p> </li> <li> <p>Product Type: Tailpipes</p> </li> <li> <p>Quantity: 4 Pieces</p> </li> <li> <p>Material: Stainless Steel</p> </li> <li> <p>Finish: Black</p> </li> <li> <p>Compatibility: NOVITEC &amp; OEM Exhaust</p> </li> </ul> <h2>Installation</h2> <p>Professional installation is recommended to ensure proper alignment and secure mounting.</p> <h2>Part Number</h2> <ul> <li> <p><strong>L1 333 30</strong></p> </li> </ul> <h2>Special Order</h2> <p>Lead time approximately <strong>4–6 weeks</strong></p>",Novitec,Exhaust,"brand_novitec, car_lamborghini, category_exhaust, condition_new, install_available, model_urus, pricing_buy_now",TRUE,Title,Default Title,L1-333-30,0,shopify,2,deny,manual,9900.00,TRUE,TRUE,https://cdn.shopify.com/s/files/1/0701/4472/0949/files/Screenshot2026-01-31at14.41.43.png,1,Exhaust Tailpipes Black Stainless Steel (4-Piece Set) - Lamborghini Urus - L1 333 30 - Novitec,FALSE,active
novitec-urus-tailpipes-black-1,,,,,,,,,,,,,,,,,,https://cdn.shopify.com/s/files/1/0701/4472/0949/files/Screenshot2026-01-31at14.38.17.png,2,Exhaust Tailpipes Black Stainless Steel (4-Piece Set) - Lamborghini Urus - L1 333 30 - Novitec,,
l6-333-99,Rear diffuser (with tow bar) - Lamborghini Urus - L6 333 99 - Novitec,"<h2>Description</h2> <p>The <strong>NOVITEC Rear Diffuser (Original Look – Visible Carbon)</strong> for the <strong>Lamborghini Urus</strong> enhances the lower rear section while maintaining the factory OEM styling. Designed specifically for vehicles equipped with a <strong>tow bar</strong>, this version ensures perfect integration without compromising functionality.</p> <p>Manufactured from premium <strong>carbon fiber</strong> and finished in <strong>visible carbon</strong>, the diffuser adds a refined motorsport-inspired appearance while preserving precise OEM-level fitment.</p> <h2>Compatibility</h2> <p>Lamborghini <strong>Urus</strong><br><em>(Only for vehicles equipped with tow bar)</em></p> <h2>Key Features</h2> <ul> <li> <p>Rear diffuser in original OEM look</p> </li> <li> <p>Designed specifically for vehicles with tow bar</p> </li> <li> <p>Manufactured from high-quality carbon fiber</p> </li> <li> <p>Visible carbon finish for a premium performance appearance</p> </li> <li> <p>Lightweight and durable construction</p> </li> <li> <p>OEM-level integration and precise fitment</p> </li> </ul> <h2>Included Components</h2> <ul> <li> <p>Rear diffuser (original look version)</p> </li> <li> <p>Required mounting / installation material (as supplied by NOVITEC)</p> </li> </ul> <h2>Technical Details</h2> <ul> <li> <p>Manufacturer: NOVITEC</p> </li> <li> <p>Product Type: Rear Diffuser</p> </li> <li> <p>Version: Original Look</p> </li> <li> <p>Vehicle Requirement: With tow bar</p> </li> <li> <p>Material: Carbon Fiber</p> </li> <li> <p>Finish: Visible Carbon</p> </li> </ul> <h2>Installation</h2> <p>Professional installation is strongly recommended to ensure proper alignment and secure mounting.</p> <h2>Part Number</h2> <ul> <li> <p><strong>L6 333 99</strong></p> </li> </ul> <h2>Special Order</h2> <p>Lead time approximately <strong>4–6 weeks</strong></p>",Novitec,Aerodynamics,"brand_novitec, car_lamborghini, category_aerodynamic, condition_new, install_available, model_urus, pricing_buy_now",TRUE,Variant,Visible Carbon,L6 333 99,0,shopify,5,deny,manual,17900.00,TRUE,TRUE,https://cdn.shopify.com/s/files/1/0701/4472/0949/files/Screenshot2026-01-31at14.28.10_41575f5c-3b19-414f-9514-ff04bb0eff45.png,1,Rear diffuser (with tow bar) - Lamborghini Urus - L6 333 99 - Novitec,FALSE,active
l6-333-99,,,,,,,,Forged Carbon,L6 333 99-2,0,shopify,5,deny,manual,17900.00,TRUE,TRUE,,,,,
l6-333-99,,,,,,,,,,,,,,,,,,https://cdn.shopify.com/s/files/1/0701/4472/0949/files/Screenshot2026-01-31at14.31.49_b8f44109-77c3-4201-9912-cb47eeb689e2.png,2,Rear diffuser (with tow bar) - Lamborghini Urus - L6 333 99 - Novitec,,
l6-333-99,,,,,,,,,,,,,,,,,,https://cdn.shopify.com/s/files/1/0701/4472/0949/files/Screenshot_2026-01-15_at_00.30.11_df9037c1-74d2-4b4b-b857-33ba5b67e150.png,3,Rear diffuser (with tow bar) - Lamborghini Urus - L6 333 99 - Novitec,,
l6-333-73,Rear Diffuser (without tow bar) - Lamborghini Urus - L6 333 73 - Novitec,"<h2>Description</h2> <p>The <strong>NOVITEC Rear Diffuser (Original Look – Visible Carbon)</strong> for the <strong>Lamborghini Urus</strong> enhances the lower rear section while preserving the factory OEM styling. Designed to retain the original design language, this diffuser upgrades the rear bumper with a premium carbon fiber finish and a sharper, more performance-focused appearance.</p> <p>Manufactured from high-quality <strong>carbon fiber</strong> and finished in <strong>visible carbon</strong>, the diffuser delivers lightweight construction and precise OEM-level integration.</p> <p><strong>Note:</strong> This version is designed <strong>only for vehicles without tow bar</strong>.</p> <h2>Compatibility</h2> <p>Lamborghini <strong>Urus</strong><br><em>(Only for vehicles without tow bar)</em></p> <h2>Key Features</h2> <ul> <li> <p>Rear diffuser in original OEM look</p> </li> <li> <p>Manufactured from premium carbon fiber</p> </li> <li> <p>Visible carbon finish for a high-end performance appearance</p> </li> <li> <p>Lightweight and durable construction</p> </li> <li> <p>OEM-level integration and precise fitment</p> </li> <li> <p>Designed for vehicles without tow bar</p> </li> </ul> <h2>Included Components</h2> <ul> <li> <p>Rear diffuser (original look version)</p> </li> <li> <p>Required mounting / installation material (as supplied by NOVITEC)</p> </li> </ul> <h2>Technical Details</h2> <ul> <li> <p>Manufacturer: NOVITEC</p> </li> <li> <p>Product Type: Rear Diffuser</p> </li> <li> <p>Version: Original Look</p> </li> <li> <p>Vehicle Requirement: Without tow bar</p> </li> <li> <p>Material: Carbon Fiber</p> </li> <li> <p>Finish: Visible Carbon</p> </li> </ul> <h2>Installation</h2> <p>Professional installation is strongly recommended to ensure proper alignment and secure mounting.</p> <h2>Part Number</h2> <ul> <li> <p><strong>L6 333 73</strong></p> </li> </ul> <h2>Special Order</h2> <p>Lead time approximately <strong>4–6 weeks</strong></p> <p> </p>",Novitec,Aerodynamics,"brand_novitec, car_lamborghini, category_aerodynamic, condition_new, install_available, model_urus, pricing_buy_now",TRUE,Variant,Visible Carbon,L6 333 73,0,shopify,5,deny,manual,17900.00,TRUE,TRUE,https://cdn.shopify.com/s/files/1/0701/4472/0949/files/Screenshot2026-01-31at14.28.10.png,1,Rear Diffuser (without tow bar) - Lamborghini Urus - L6 333 73 - Novitec,FALSE,active
l6-333-73,,,,,,,,Forged Carbon,L6 333 73-2,0,shopify,6,deny,manual,17900.00,TRUE,TRUE,,,,,
l6-333-73,,,,,,,,,,,,,,,,,,https://cdn.shopify.com/s/files/1/0701/4472/0949/files/Screenshot2026-01-31at14.31.49.png,2,Rear Diffuser (without tow bar) - Lamborghini Urus - L6 333 73 - Novitec,,
l6-333-73,,,,,,,,,,,,,,,,,,https://cdn.shopify.com/s/files/1/0701/4472/0949/files/Screenshot_2026-01-15_at_00.30.11_df9037c1-74d2-4b4b-b857-33ba5b67e150.png,3,Rear Diffuser (without tow bar) - Lamborghini Urus - L6 333 73 - Novitec,,
l6-333-74,Roof Spoiler Cover - Lamborghini Urus - L6 333 74 - Novitec,"<h2>Description</h2> <p>The <strong>NOVITEC Roof Spoiler Cover (Original Look – Visible Carbon)</strong> for the <strong>Lamborghini Urus</strong> enhances the factory roof spoiler while preserving the original OEM design. This component overlays the existing spoiler, maintaining the stock shape but upgrading it with a premium carbon fiber finish for a sharper and more refined appearance.</p> <p>Manufactured from high-quality <strong>carbon fiber</strong> and finished in <strong>visible carbon</strong>, the roof spoiler cover delivers lightweight construction and precise OEM-level integration, adding a subtle motorsport-inspired accent to the rear profile.</p> <h2>Compatibility</h2> <p>Lamborghini <strong>Urus</strong></p> <h2>Key Features</h2> <ul> <li> <p>Roof spoiler cover in original OEM look</p> </li> <li> <p>Manufactured from premium carbon fiber</p> </li> <li> <p>Visible carbon finish for a high-end performance appearance</p> </li> <li> <p>Lightweight and durable construction</p> </li> <li> <p>OEM-level integration and precise fitment</p> </li> <li> <p>Enhances rear styling without altering original design</p> </li> </ul> <h2>Included Components</h2> <ul> <li> <p>Roof spoiler cover (original look version)</p> </li> <li> <p>Required mounting / installation material (as supplied by NOVITEC)</p> </li> </ul> <h2>Technical Details</h2> <ul> <li> <p>Manufacturer: NOVITEC</p> </li> <li> <p>Product Type: Roof Spoiler Cover</p> </li> <li> <p>Version: Original Look</p> </li> <li> <p>Material: Carbon Fiber</p> </li> <li> <p>Finish: Visible Carbon</p> </li> </ul> <h2>Installation</h2> <p>Professional installation is strongly recommended to ensure precise alignment and secure bonding to the original spoiler.</p> <h2>Part Number</h2> <ul> <li> <p><strong>L6 333 74</strong></p> </li> </ul> <h2>Special Order</h2> <p>Lead time approximately <strong>4–6 weeks</strong></p> <p> </p>",Novitec,Aerodynamics,"brand_novitec, car_lamborghini, category_aerodynamic, condition_new, install_available, model_urus, pricing_buy_now",TRUE,Variant,Visible Carbon,L6 333 74,0,shopify,3,deny,manual,5900.00,TRUE,TRUE,https://cdn.shopify.com/s/files/1/0701/4472/0949/files/Screenshot2026-01-31at14.36.49.png,1,Roof Spoiler Cover - Lamborghini Urus - L6 333 74 - Novitec,FALSE,active
l6-333-74,,,,,,,,Forged Carbon,L6 333 74-2,0,shopify,1,deny,manual,5900.00,TRUE,TRUE,,,,,
l6-333-74,,,,,,,,,,,,,,,,,,https://cdn.shopify.com/s/files/1/0701/4472/0949/files/Screenshot2026-01-31at14.32.18.png,2,Roof Spoiler Cover - Lamborghini Urus - L6 333 74 - Novitec,,
l6-333-74,,,,,,,,,,,,,,,,,,https://cdn.shopify.com/s/files/1/0701/4472/0949/files/Screenshot_2026-01-15_at_00.30.11_df9037c1-74d2-4b4b-b857-33ba5b67e150.png,3,Roof Spoiler Cover - Lamborghini Urus - L6 333 74 - Novitec,,
l6-333-75,Side Panels - Lamborghini Urus - L6 333 75 - Novitec,"<h2>Description</h2> <p>The <strong>NOVITEC Side Panels (Original Look – Visible Carbon)</strong> for the <strong>Lamborghini Urus</strong> enhance the vehicle’s side profile while preserving the original OEM styling. Designed to retain the factory body lines, these carbon fiber panels add refined detailing and a subtle yet aggressive motorsport-inspired character.</p> <p>Manufactured from premium <strong>carbon fiber</strong> and finished in <strong>visible carbon</strong>, the side panels offer lightweight construction and precise OEM-level integration.</p> <p><strong>Note:</strong> Not compatible with the <strong>NOVITEC ESTESO Widebody</strong> conversion.</p> <h2>Compatibility</h2> <p>Lamborghini <strong>Urus</strong><br><em>(Not compatible with NOVITEC ESTESO Widebody)</em></p> <h2>Key Features</h2> <ul> <li> <p>Side panels in original OEM look</p> </li> <li> <p>Manufactured from high-quality carbon fiber</p> </li> <li> <p>Visible carbon finish for a premium performance appearance</p> </li> <li> <p>Lightweight and durable construction</p> </li> <li> <p>OEM-level integration and precise fitment</p> </li> <li> <p>Designed for vehicles without ESTESO widebody conversion</p> </li> </ul> <h2>Included Components</h2> <ul> <li> <p>Side panels (left &amp; right) – original look version</p> </li> <li> <p>Required mounting / installation material (as supplied by NOVITEC)</p> </li> </ul> <h2>Technical Details</h2> <ul> <li> <p>Manufacturer: NOVITEC</p> </li> <li> <p>Product Type: Side Panels</p> </li> <li> <p>Version: Original Look</p> </li> <li> <p>Compatibility Note: Not for ESTESO Widebody</p> </li> <li> <p>Material: Carbon Fiber</p> </li> <li> <p>Finish: Visible Carbon</p> </li> </ul> <h2>Installation</h2> <p>Professional installation is strongly recommended to ensure correct alignment and secure mounting.</p> <h2>Part Number</h2> <ul> <li> <p><strong>L6 333 75</strong></p> </li> </ul> <h2>Special Order</h2> <p>Lead time approximately <strong>4–6 weeks</strong></p>",Novitec,Aerodynamics,"brand_novitec, car_lamborghini, category_aerodynamic, condition_new, install_available, model_urus, pricing_buy_now",TRUE,Variant,Visible Carbon,L6 333 75,0,shopify,2,deny,manual,16900.00,TRUE,TRUE,https://cdn.shopify.com/s/files/1/0701/4472/0949/files/Screenshot2026-01-31at14.37.08.png,1,Side Panels - Lamborghini Urus - L6 333 75 - Novitec,FALSE,active
l6-333-75,,,,,,,,Forged Carbon,L6 333 75-2,0,shopify,2,deny,manual,16900.00,TRUE,TRUE,,,,,
l6-333-75,,,,,,,,,,,,,,,,,,https://cdn.shopify.com/s/files/1/0701/4472/0949/files/Screenshot2026-01-31at14.32.40.png,2,Side Panels - Lamborghini Urus - L6 333 75 - Novitec,,
l6-333-75,,,,,,,,,,,,,,,,,,https://cdn.shopify.com/s/files/1/0701/4472/0949/files/Screenshot_2026-01-15_at_00.30.11_df9037c1-74d2-4b4b-b857-33ba5b67e150.png,3,Side Panels - Lamborghini Urus - L6 333 75 - Novitec,,
l6-333-76,Fender Covers 4-Part Set - Lamborghini Urus - L6 333 76 - Novitec,"<h2>Description</h2> <p>The <strong>NOVITEC Fender Covers – 4-Part Set (Original Look – Visible Carbon)</strong> for the <strong>Lamborghini Urus</strong> enhance the wheel arch areas while preserving the factory OEM design language. Developed to maintain the original styling, these carbon fiber covers add refined detailing and a subtle motorsport-inspired appearance without altering the stock body shape.</p> <p>Manufactured from premium <strong>carbon fiber</strong> and finished in <strong>visible carbon</strong>, the 4-part set delivers lightweight construction and precise OEM-level integration.</p> <p><strong>Note:</strong> Not compatible with the <strong>NOVITEC ESTESO Widebody</strong> conversion.</p> <h2>Compatibility</h2> <p>Lamborghini <strong>Urus</strong><br><em>(Not compatible with NOVITEC ESTESO Widebody)</em></p> <h2>Key Features</h2> <ul> <li> <p>4-part fender cover set in original OEM look</p> </li> <li> <p>Manufactured from high-quality carbon fiber</p> </li> <li> <p>Visible carbon finish for a premium performance appearance</p> </li> <li> <p>Lightweight and durable construction</p> </li> <li> <p>OEM-level integration and precise fitment</p> </li> <li> <p>Designed for vehicles without ESTESO widebody conversion</p> </li> </ul> <h2>Included Components</h2> <ul> <li> <p>Fender covers – 4-part set (original look version)</p> </li> <li> <p>Required mounting / installation material (as supplied by NOVITEC)</p> </li> </ul> <h2>Technical Details</h2> <ul> <li> <p>Manufacturer: NOVITEC</p> </li> <li> <p>Product Type: Fender Covers</p> </li> <li> <p>Version: Original Look (4-Part Set)</p> </li> <li> <p>Compatibility Note: Not for ESTESO Widebody</p> </li> <li> <p>Material: Carbon Fiber</p> </li> <li> <p>Finish: Visible Carbon</p> </li> </ul> <h2>Installation</h2> <p>Professional installation is strongly recommended to ensure proper alignment and secure mounting.</p> <h2>Part Number</h2> <ul> <li> <p><strong>L6 333 76</strong></p> </li> </ul> <h2>Special Order</h2> <p>Lead time approximately <strong>4–6 weeks</strong></p> <p> </p>",Novitec,Aerodynamics,"brand_novitec, car_lamborghini, category_aerodynamic, condition_new, install_available, model_urus, pricing_buy_now",TRUE,Variant,Visible Carbon,L6 333 76,0,shopify,1,deny,manual,15900.00,TRUE,TRUE,https://cdn.shopify.com/s/files/1/0701/4472/0949/files/Screenshot2026-01-31at14.37.26.png,1,Fender Covers 4-Part Set - Lamborghini Urus - L6 333 76 - Novitec,FALSE,active
l6-333-76,,,,,,,,Forged Carbon,L6 333 76-2,0,shopify,5,deny,manual,15900.00,TRUE,TRUE,,,,,
l6-333-76,,,,,,,,,,,,,,,,,,https://cdn.shopify.com/s/files/1/0701/4472/0949/files/Screenshot2026-01-31at14.41.23.png,2,Fender Covers 4-Part Set - Lamborghini Urus - L6 333 76 - Novitec,,
l6-333-76,,,,,,,,,,,,,,,,,,https://cdn.shopify.com/s/files/1/0701/4472/0949/files/Screenshot_2026-01-15_at_00.30.11_df9037c1-74d2-4b4b-b857-33ba5b67e150.png,3,Fender Covers 4-Part Set - Lamborghini Urus - L6 333 76 - Novitec,,
l6-333-72,Lateral Parts Front Bumper - Lamborghini Urus - L6 333 72 - Novitec,"<h2>Description</h2> <p>The <strong>NOVITEC Lateral Parts – Front Bumper (Original Look – Visible Carbon)</strong> for the <strong>Lamborghini Urus</strong> enhance the outer sections of the factory front bumper while preserving the original OEM styling. These components add refined carbon fiber detailing to the lateral areas, giving the vehicle a sharper and more performance-oriented appearance.</p> <p>Manufactured from premium <strong>carbon fiber</strong> and finished in <strong>visible carbon</strong>, the lateral parts offer lightweight construction and precise OEM-level integration.</p> <p><strong>Note:</strong> Not compatible with the <strong>NOVITEC ESTESO Widebody</strong> conversion.</p> <h2>Compatibility</h2> <p>Lamborghini <strong>Urus</strong><br><em>(Not compatible with NOVITEC ESTESO Widebody)</em></p> <h2>Key Features</h2> <ul> <li> <p>Lateral parts for front bumper in original OEM look</p> </li> <li> <p>Manufactured from high-quality carbon fiber</p> </li> <li> <p>Visible carbon finish for a premium performance appearance</p> </li> <li> <p>Lightweight and durable construction</p> </li> <li> <p>OEM-level integration and precise fitment</p> </li> <li> <p>Designed for vehicles without ESTESO widebody conversion</p> </li> </ul> <h2>Included Components</h2> <ul> <li> <p>Lateral parts – front bumper (original look version)</p> </li> <li> <p>Required mounting / installation material (as supplied by NOVITEC)</p> </li> </ul> <h2>Technical Details</h2> <ul> <li> <p>Manufacturer: NOVITEC</p> </li> <li> <p>Product Type: Front Bumper Lateral Parts</p> </li> <li> <p>Version: Original Look</p> </li> <li> <p>Compatibility Note: Not for ESTESO Widebody</p> </li> <li> <p>Material: Carbon Fiber</p> </li> <li> <p>Finish: Visible Carbon</p> </li> </ul> <h2>Installation</h2> <p>Professional installation is strongly recommended to ensure proper alignment and secure mounting.</p> <h2>Part Number</h2> <ul> <li> <p><strong>L6 333 72</strong></p> </li> </ul> <h2>Special Order</h2> <p>Lead time approximately <strong>4–6 weeks</strong></p> <p> </p>",Novitec,Aerodynamics,"brand_novitec, car_lamborghini, category_aerodynamic, condition_new, install_available, model_urus, pricing_buy_now",TRUE,Variant,Visible Carbon,L6 333 72,0,shopify,3,deny,manual,6900.00,TRUE,TRUE,https://cdn.shopify.com/s/files/1/0701/4472/0949/files/Screenshot_2026-01-31_at_14.27.51.png,1,Lateral Parts Front Bumper - Lamborghini Urus - L6 333 72 - Novitec,FALSE,active
l6-333-72,,,,,,,,Forged Carbon,L6 333 72-2,0,shopify,6,deny,manual,6900.00,TRUE,TRUE,,,,,
l6-333-72,,,,,,,,,,,,,,,,,,https://cdn.shopify.com/s/files/1/0701/4472/0949/files/Screenshot2026-01-31at14.39.01_5e336654-739b-4eb6-99f8-b4dd56a4eb9a.png,2,Lateral Parts Front Bumper - Lamborghini Urus - L6 333 72 - Novitec,,
l6-333-72,,,,,,,,,,,,,,,,,,https://cdn.shopify.com/s/files/1/0701/4472/0949/files/Screenshot_2026-01-15_at_00.30.11_df9037c1-74d2-4b4b-b857-33ba5b67e150.png,3,Lateral Parts Front Bumper - Lamborghini Urus - L6 333 72 - Novitec,,
l6-333-71,Center Part Front Bumper - Lamborghini Urus - L6 333 71 - Novitec,"<h2>Description</h2> <p>The <strong>NOVITEC Center Part – Front Bumper (Original Look – Visible Carbon)</strong> for the <strong>Lamborghini Urus</strong> enhances the factory front bumper while retaining the original OEM design language. This component upgrades the center section with a premium carbon fiber finish, adding a refined yet sporty motorsport-inspired appearance.</p> <p>Manufactured from high-quality <strong>carbon fiber</strong> and finished in <strong>visible carbon</strong>, the part delivers lightweight construction and precise OEM-level integration.</p> <p><strong>Note:</strong> Not compatible with the <strong>NOVITEC ESTESO Widebody</strong> conversion.</p> <h2>Compatibility</h2> <p>Lamborghini <strong>Urus</strong><br><em>(Not compatible with NOVITEC ESTESO Widebody)</em></p> <h2>Key Features</h2> <ul> <li> <p>Center part for front bumper in original OEM look</p> </li> <li> <p>Manufactured from premium carbon fiber</p> </li> <li> <p>Visible carbon finish for a high-end performance appearance</p> </li> <li> <p>Lightweight and durable construction</p> </li> <li> <p>OEM-level integration and precise fitment</p> </li> <li> <p>Designed for vehicles without ESTESO widebody conversion</p> </li> </ul> <h2>Included Components</h2> <ul> <li> <p>Center part – front bumper (original look version)</p> </li> <li> <p>Required mounting / installation material (as supplied by NOVITEC)</p> </li> </ul> <h2>Technical Details</h2> <ul> <li> <p>Manufacturer: NOVITEC</p> </li> <li> <p>Product Type: Front Bumper Center Part</p> </li> <li> <p>Version: Original Look</p> </li> <li> <p>Compatibility Note: Not for ESTESO Widebody</p> </li> <li> <p>Material: Carbon Fiber</p> </li> <li> <p>Finish: Visible Carbon</p> </li> </ul> <h2>Installation</h2> <p>Professional installation is strongly recommended to ensure correct alignment and secure mounting.</p> <h2>Part Number</h2> <ul> <li> <p><strong>L6 333 71</strong></p> </li> </ul> <h2>Special Order</h2> <p>Lead time approximately <strong>4–6 weeks</strong></p> <p> </p>",Novitec,Aerodynamics,"brand_novitec, car_lamborghini, category_aerodynamic, condition_new, install_available, model_urus, pricing_buy_now",TRUE,Variant,Visible Carbon,L6 333 71,0,shopify,1,deny,manual,7900.00,TRUE,TRUE,https://cdn.shopify.com/s/files/1/0701/4472/0949/files/Screenshot_2026-01-31_at_14.27.24.png,1,Center Part Front Bumper - Lamborghini Urus - L6 333 71 - Novitec,FALSE,active
l6-333-71,,,,,,,,Forged Carbon,L6 333 71-2,0,shopify,6,deny,manual,7900.00,TRUE,TRUE,,,,,
l6-333-71,,,,,,,,,,,,,,,,,,https://cdn.shopify.com/s/files/1/0701/4472/0949/files/Screenshot2026-01-31at14.40.57.png,2,Center Part Front Bumper - Lamborghini Urus - L6 333 71 - Novitec,,
l6-333-71,,,,,,,,,,,,,,,,,,https://cdn.shopify.com/s/files/1/0701/4472/0949/files/Screenshot_2026-01-15_at_00.30.11_df9037c1-74d2-4b4b-b857-33ba5b67e150.png,3,Center Part Front Bumper - Lamborghini Urus - L6 333 71 - Novitec,,
l6-333-70,Trunk Lid Cover - Lamborghini Urus - L6 333 70 - Novitec,"<h2>Description</h2> <p>The <strong>NOVITEC Trunk Lid Cover (Visible Carbon)</strong> for the <strong>Lamborghini Urus</strong> enhances the rear section with a refined and aggressive carbon fiber accent. Designed to integrate seamlessly with the factory tailgate, this component adds depth and a distinctive motorsport-inspired touch to the vehicle’s rear profile.</p> <p>Manufactured from premium <strong>carbon fiber</strong> and finished in <strong>visible carbon</strong>, the trunk lid cover offers lightweight construction and precise OEM-level fitment, perfectly complementing other NOVITEC exterior upgrades.</p> <h2>Compatibility</h2> <p>Lamborghini <strong>Urus</strong></p> <h2>Key Features</h2> <ul> <li> <p>Trunk lid cover in visible carbon</p> </li> <li> <p>Manufactured from high-quality carbon fiber</p> </li> <li> <p>Lightweight and durable construction</p> </li> <li> <p>OEM-level integration and precise fitment</p> </li> <li> <p>Enhances rear styling with a performance-oriented look</p> </li> <li> <p>Complements other NOVITEC carbon components</p> </li> </ul> <h2>Included Components</h2> <ul> <li> <p>Trunk lid cover</p> </li> <li> <p>Required mounting / installation material (as supplied by NOVITEC)</p> </li> </ul> <h2>Technical Details</h2> <ul> <li> <p>Manufacturer: NOVITEC</p> </li> <li> <p>Product Type: Trunk Lid Cover</p> </li> <li> <p>Material: Carbon Fiber</p> </li> <li> <p>Finish: Visible Carbon</p> </li> </ul> <h2>Installation</h2> <p>Professional installation is strongly recommended to ensure proper alignment and secure mounting.</p> <h2>Part Number</h2> <ul> <li> <p><strong>L6 333 70</strong></p> </li> </ul> <h2>Special Order</h2> <p>Lead time approximately <strong>4–6 weeks</strong></p> <p> </p>",Novitec,Aerodynamics,"brand_novitec, car_lamborghini, category_aerodynamic, condition_new, install_available, model_urus, pricing_buy_now",TRUE,Variant,Visible Carbon,L6 333 70,0,shopify,4,deny,manual,5900.00,TRUE,TRUE,https://cdn.shopify.com/s/files/1/0701/4472/0949/files/Screenshot2026-01-31at14.36.29.png,1,Trunk Lid Cover - Lamborghini Urus - L6 333 70 - Novitec,FALSE,active
l6-333-70,,,,,,,,Forged Carbon,L6 333 70-2,0,shopify,3,deny,manual,5900.00,TRUE,TRUE,,,,,
l6-333-70,,,,,,,,,,,,,,,,,,https://cdn.shopify.com/s/files/1/0701/4472/0949/files/Screenshot2026-01-31at14.40.37.png,2,Trunk Lid Cover - Lamborghini Urus - L6 333 70 - Novitec,,
l6-333-70,,,,,,,,,,,,,,,,,,https://cdn.shopify.com/s/files/1/0701/4472/0949/files/Screenshot_2026-01-15_at_00.30.11_df9037c1-74d2-4b4b-b857-33ba5b67e150.png,3,Trunk Lid Cover - Lamborghini Urus - L6 333 70 - Novitec,,
l6-333-84,Roof Spoiler RACE - Lamborghini Urus - L6 333 84 - Novitec,"<h2>Description</h2> <p>The <strong>NOVITEC Roof Spoiler RACE (Visible Carbon)</strong> for the <strong>Lamborghini Urus</strong> delivers a more aggressive and track-inspired appearance compared to the standard version. Designed to emphasize the sporty character of the Urus, the RACE version enhances rear aerodynamics and visual presence with a sharper and more dynamic profile.</p> <p>Manufactured from premium <strong>carbon fiber</strong> and finished in <strong>visible carbon</strong>, this component combines lightweight construction with a bold motorsport aesthetic while maintaining precise OEM-level integration.</p> <h2>Compatibility</h2> <p>Lamborghini <strong>Urus</strong></p> <h2>Key Features</h2> <ul> <li> <p>RACE version roof spoiler in visible carbon</p> </li> <li> <p>Manufactured from high-quality carbon fiber</p> </li> <li> <p>Lightweight and durable construction</p> </li> <li> <p>OEM-level integration and precise fitment</p> </li> <li> <p>Enhances rear aerodynamics and sporty appearance</p> </li> <li> <p>Complements other NOVITEC carbon components</p> </li> </ul> <h2>Included Components</h2> <ul> <li> <p>Roof spoiler – RACE version</p> </li> <li> <p>Required mounting / installation material (as supplied by NOVITEC)</p> </li> </ul> <h2>Technical Details</h2> <ul> <li> <p>Manufacturer: NOVITEC</p> </li> <li> <p>Product Type: Roof Spoiler</p> </li> <li> <p>Version: RACE</p> </li> <li> <p>Material: Carbon Fiber</p> </li> <li> <p>Finish: Visible Carbon</p> </li> </ul> <h2>Installation</h2> <p>Professional installation is strongly recommended to ensure correct alignment and secure mounting.</p> <h2>Part Number</h2> <ul> <li> <p><strong>L6 333 84</strong></p> </li> </ul> <h2>Special Order</h2> <p>Lead time approximately <strong>4–6 weeks</strong></p>",Novitec,Aerodynamics,"brand_novitec, car_lamborghini, category_aerodynamic, condition_new, install_available, model_urus, pricing_buy_now",TRUE,Variant,Visible Carbon,L6 333 84,0,shopify,3,deny,manual,16900.00,TRUE,TRUE,https://cdn.shopify.com/s/files/1/0701/4472/0949/files/Screenshot2026-01-31at14.23.33.png,1,Roof Spoiler RACE - Lamborghini Urus - L6 333 84 - Novitec,FALSE,active
l6-333-84,,,,,,,,Forged Carbon,L6 333 84-2,0,shopify,6,deny,manual,16900.00,TRUE,TRUE,,,,,
l6-333-84,,,,,,,,,,,,,,,,,,https://cdn.shopify.com/s/files/1/0701/4472/0949/files/Screenshot2026-01-31at14.37.55.png,2,Roof Spoiler RACE - Lamborghini Urus - L6 333 84 - Novitec,,
l6-333-84,,,,,,,,,,,,,,,,,,https://cdn.shopify.com/s/files/1/0701/4472/0949/files/Screenshot_2026-01-15_at_00.30.11_df9037c1-74d2-4b4b-b857-33ba5b67e150.png,3,Roof Spoiler RACE - Lamborghini Urus - L6 333 84 - Novitec,,
l6-333-56,Roof Spoiler - Lamborghini Urus - L6 333 56 - Novitec,"<h2>Description</h2> <p>The <strong>NOVITEC Roof Spoiler (Visible Carbon)</strong> for the <strong>Lamborghini Urus</strong> enhances the upper rear section with a refined yet aggressive performance look. Designed for seamless OEM-level integration, this aerodynamic component sharpens the vehicle’s rear profile while maintaining the original design harmony.</p> <p>Manufactured from premium <strong>carbon fiber</strong> and finished in <strong>visible carbon</strong>, the roof spoiler delivers lightweight construction and a distinctive motorsport-inspired aesthetic, perfectly complementing other NOVITEC exterior upgrades.</p> <h2>Compatibility</h2> <p>Lamborghini <strong>Urus</strong></p> <h2>Key Features</h2> <ul> <li> <p>Roof spoiler in visible carbon</p> </li> <li> <p>Manufactured from high-quality carbon fiber</p> </li> <li> <p>Lightweight and durable construction</p> </li> <li> <p>OEM-level integration and precise fitment</p> </li> <li> <p>Enhances rear styling and aerodynamic presence</p> </li> <li> <p>Designed to complement other NOVITEC carbon components</p> </li> </ul> <h2>Included Components</h2> <ul> <li> <p>Roof spoiler</p> </li> <li> <p>Required mounting / installation material (as supplied by NOVITEC)</p> </li> </ul> <h2>Technical Details</h2> <ul> <li> <p>Manufacturer: NOVITEC</p> </li> <li> <p>Product Type: Roof Spoiler</p> </li> <li> <p>Material: Carbon Fiber</p> </li> <li> <p>Finish: Visible Carbon</p> </li> </ul> <h2>Installation</h2> <p>Professional installation is strongly recommended to ensure proper alignment and secure mounting.</p> <h2>Part Number</h2> <ul> <li> <p><strong>L6 333 56</strong></p> </li> </ul> <h2>Special Order</h2> <p>Lead time approximately <strong>4–6 weeks</strong></p>",Novitec,Aerodynamics,"brand_novitec, car_lamborghini, category_aerodynamic, condition_new, install_available, model_urus, pricing_buy_now",TRUE,Variant,Visible Carbon,L6 333 56,0,shopify,2,deny,manual,11900.00,TRUE,TRUE,https://cdn.shopify.com/s/files/1/0701/4472/0949/files/Screenshot2026-01-31at14.35.53.png,1,Roof Spoiler - Lamborghini Urus - L6 333 56 - Novitec,FALSE,active
l6-333-56,,,,,,,,Forged Carbon,L6 333 56-2,0,shopify,1,deny,manual,11900.00,TRUE,TRUE,,,,,
l6-333-56,,,,,,,,,,,,,,,,,,https://cdn.shopify.com/s/files/1/0701/4472/0949/files/Screenshot2026-01-31at14.31.26.png,2,Roof Spoiler - Lamborghini Urus - L6 333 56 - Novitec,,
l6-333-56,,,,,,,,,,,,,,,,,,https://cdn.shopify.com/s/files/1/0701/4472/0949/files/Screenshot_2026-01-15_at_00.30.11_df9037c1-74d2-4b4b-b857-33ba5b67e150.png,3,Roof Spoiler - Lamborghini Urus - L6 333 56 - Novitec,,
l6-333-55,Rear Spoiler - Lamborghini Urus - L6 333 55 - Novitec,"<h2>Description</h2> <p>The <strong>NOVITEC Rear Spoiler (Visible Carbon)</strong> for the <strong>Lamborghini Urus</strong> enhances the rear profile with a more aggressive and performance-oriented appearance. Designed for seamless OEM-level integration, this aerodynamic component adds visual presence while complementing the sporty character of the Urus.</p> <p>Manufactured from premium <strong>carbon fiber</strong> and finished in <strong>visible carbon</strong>, the rear spoiler offers lightweight construction and a refined motorsport-inspired aesthetic that perfectly matches other NOVITEC carbon upgrades.</p> <h2>Compatibility</h2> <p>Lamborghini <strong>Urus</strong></p> <h2>Key Features</h2> <ul> <li> <p>Rear spoiler in visible carbon</p> </li> <li> <p>Manufactured from high-quality carbon fiber</p> </li> <li> <p>Lightweight and durable construction</p> </li> <li> <p>OEM-level integration and precise fitment</p> </li> <li> <p>Enhances rear styling and aerodynamic presence</p> </li> <li> <p>Complements other NOVITEC carbon components</p> </li> </ul> <h2>Included Components</h2> <ul> <li> <p>Rear spoiler</p> </li> <li> <p>Required mounting / installation material (as supplied by NOVITEC)</p> </li> </ul> <h2>Technical Details</h2> <ul> <li> <p>Manufacturer: NOVITEC</p> </li> <li> <p>Product Type: Rear Spoiler</p> </li> <li> <p>Material: Carbon Fiber</p> </li> <li> <p>Finish: Visible Carbon</p> </li> </ul> <h2>Installation</h2> <p>Professional installation is strongly recommended to ensure proper alignment and secure mounting.</p> <h2>Part Number</h2> <ul> <li> <p><strong>L6 333 55</strong></p> </li> </ul> <h2>Special Order</h2> <p>Lead time approximately <strong>4–6 weeks</strong></p> <p> </p>",Novitec,Aerodynamics,"brand_novitec, car_lamborghini, category_aerodynamic, condition_new, install_available, model_urus, pricing_buy_now",TRUE,Variant,Visible Carbon,L6 333 55,0,shopify,4,deny,manual,9900.00,TRUE,TRUE,https://cdn.shopify.com/s/files/1/0701/4472/0949/files/Screenshot2026-01-31at14.26.52.png,1,Rear Spoiler - Lamborghini Urus - L6 333 55 - Novitec,FALSE,active
l6-333-55,,,,,,,,Forged Carbon,L6 333 55-2,0,shopify,2,deny,manual,9900.00,TRUE,TRUE,,,,,
l6-333-55,,,,,,,,,,,,,,,,,,https://cdn.shopify.com/s/files/1/0701/4472/0949/files/Screenshot2026-01-31at14.31.01.png,2,Rear Spoiler - Lamborghini Urus - L6 333 55 - Novitec,,
l6-333-55,,,,,,,,,,,,,,,,,,https://cdn.shopify.com/s/files/1/0701/4472/0949/files/Screenshot_2026-01-15_at_00.30.11_df9037c1-74d2-4b4b-b857-33ba5b67e150.png,3,Rear Spoiler - Lamborghini Urus - L6 333 55 - Novitec,,
l6-333-54,Fender Attachment - Lamborghini Urus - L6 333 54 - Novitec,"<h2>Description</h2> <p>The <strong>NOVITEC Fender Attachment (Visible Carbon)</strong> for the <strong>Lamborghini Urus</strong> enhances the wheel arch area with a sharper and more aggressive visual accent. Designed to integrate seamlessly with the factory body lines, this carbon fiber component adds refined detailing and a distinctive motorsport-inspired character.</p> <p>Manufactured from premium <strong>carbon fiber</strong> and finished in <strong>visible carbon</strong>, the fender attachment delivers lightweight construction and precise OEM-level fitment, perfectly complementing other NOVITEC aerodynamic upgrades.</p> <h2>Compatibility</h2> <p>Lamborghini <strong>Urus</strong></p> <h2>Key Features</h2> <ul> <li> <p>Fender attachment in visible carbon</p> </li> <li> <p>Manufactured from high-quality carbon fiber</p> </li> <li> <p>Lightweight and durable construction</p> </li> <li> <p>OEM-level integration and precise fitment</p> </li> <li> <p>Enhances side profile and wheel arch styling</p> </li> <li> <p>Complements other NOVITEC carbon components</p> </li> </ul> <h2>Included Components</h2> <ul> <li> <p>Fender attachment set</p> </li> <li> <p>Required mounting / installation material (as supplied by NOVITEC)</p> </li> </ul> <h2>Technical Details</h2> <ul> <li> <p>Manufacturer: NOVITEC</p> </li> <li> <p>Product Type: Fender Attachment</p> </li> <li> <p>Material: Carbon Fiber</p> </li> <li> <p>Finish: Visible Carbon</p> </li> </ul> <h2>Installation</h2> <p>Professional installation is strongly recommended to ensure proper alignment and secure mounting.</p> <h2>Part Number</h2> <ul> <li> <p><strong>L6 333 54</strong></p> </li> </ul> <h2>Special Order</h2> <p>Lead time approximately <strong>4–6 weeks</strong></p>",Novitec,Aerodynamics,"brand_novitec, car_lamborghini, category_aerodynamic, condition_new, install_available, model_urus, pricing_buy_now",TRUE,Variant,Visible Carbon,L6 333 54,0,shopify,3,deny,manual,6900.00,TRUE,TRUE,https://cdn.shopify.com/s/files/1/0701/4472/0949/files/Screenshot2026-01-31at14.24.41.png,1,Fender Attachment - Lamborghini Urus - L6 333 54 - Novitec,FALSE,active
l6-333-54,,,,,,,,Forged Carbon,L6 333 54-2,0,shopify,4,deny,manual,6900.00,TRUE,TRUE,,,,,
l6-333-54,,,,,,,,,,,,,,,,,,https://cdn.shopify.com/s/files/1/0701/4472/0949/files/Screenshot2026-01-31at14.30.30.png,2,Fender Attachment - Lamborghini Urus - L6 333 54 - Novitec,,
l6-333-54,,,,,,,,,,,,,,,,,,https://cdn.shopify.com/s/files/1/0701/4472/0949/files/Screenshot_2026-01-15_at_00.30.11_df9037c1-74d2-4b4b-b857-33ba5b67e150.png,3,Fender Attachment - Lamborghini Urus - L6 333 54 - Novitec,,
l6-333-53,Mirror covers - Lamborghini Urus - L6 333 53/ 65 - Novitec,"<h2>Description</h2> <p>The <strong>NOVITEC Mirror Covers (Visible Carbon)</strong> for the <strong>Lamborghini Urus</strong> enhance the vehicle’s side profile with a premium motorsport-inspired finish. Designed for precise OEM-level integration, these carbon fiber mirror covers provide a refined yet aggressive styling upgrade while maintaining full factory functionality.</p> <p>Manufactured from high-quality <strong>carbon fiber</strong> and finished in <strong>visible carbon</strong>, they deliver lightweight construction and a distinctive high-performance aesthetic.</p> <p>Two versions are available depending on whether the vehicle is equipped with <strong>Blind Spot Assistant</strong>.</p> <h2>Compatibility</h2> <p>Lamborghini <strong>Urus</strong></p> <p>Available in two versions:</p> <ul> <li> <p>For vehicles <strong>with Blind Spot Assistant</strong><br><strong>Part Number:</strong> L6 333 53</p> </li> <li> <p>For vehicles <strong>without Blind Spot Assistant</strong><br><strong>Part Number:</strong> L6 333 65</p> </li> </ul> <h2>Key Features</h2> <ul> <li> <p>Mirror covers in visible carbon</p> </li> <li> <p>Available for vehicles with or without Blind Spot Assistant</p> </li> <li> <p>Manufactured from premium carbon fiber</p> </li> <li> <p>Lightweight and durable construction</p> </li> <li> <p>OEM-level integration and precise fitment</p> </li> <li> <p>Enhances side styling with a motorsport-inspired look</p> </li> </ul> <h2>Included Components</h2> <ul> <li> <p>Mirror covers (left &amp; right)</p> </li> <li> <p>Required mounting / installation components (as supplied by NOVITEC)</p> </li> </ul> <h2>Technical Details</h2> <ul> <li> <p>Manufacturer: NOVITEC</p> </li> <li> <p>Product Type: Mirror Covers</p> </li> <li> <p>Material: Carbon Fiber</p> </li> <li> <p>Finish: Visible Carbon</p> </li> <li> <p>Versions: With or without Blind Spot Assistant</p> </li> </ul> <h2>Installation</h2> <p>Professional installation is strongly recommended to ensure correct compatibility verification and proper mounting.</p> <h2>Special Order</h2> <p>Lead time approximately <strong>4–6 weeks</strong></p>",Novitec,Aerodynamics,"brand_novitec, car_lamborghini, category_aerodynamic, condition_new, install_available, model_urus, pricing_buy_now",TRUE,Variant,With Blind Spot Assistant,L6 333 53,0,shopify,4,deny,manual,5900.00,TRUE,TRUE,https://cdn.shopify.com/s/files/1/0701/4472/0949/files/Screenshot2026-01-31at14.24.14.png,1,Mirror covers - Lamborghini Urus - L6 333 53/ 65 - Novitec,FALSE,active
l6-333-53,,,,,,,,Without Blind Spot Assistant,L6 333 65,0,shopify,1,deny,manual,5900.00,TRUE,TRUE,,,,,
l6-333-53,,,,,,,,,,,,,,,,,,https://cdn.shopify.com/s/files/1/0701/4472/0949/files/Screenshot2026-01-31at14.39.45.png,2,Mirror covers - Lamborghini Urus - L6 333 53/ 65 - Novitec,,
l6-333-52,Front Bumper Cover Upper Position - Lamborghini Urus - L6 333 52 - Novitec,"<h2>Description</h2> <p>The <strong>NOVITEC Front Bumper Cover – Upper Position (Visible Carbon)</strong> for the <strong>Lamborghini Urus</strong> enhances the upper section of the front bumper with a refined and aggressive carbon fiber finish. Designed for precise OEM-level integration, this component sharpens the vehicle’s front-end appearance while maintaining the original design language.</p> <p>Manufactured from premium <strong>carbon fiber</strong> and delivered in <strong>visible carbon</strong>, the upper-position cover offers lightweight construction and a distinctive motorsport-inspired aesthetic that complements other NOVITEC aerodynamic upgrades.</p> <h2>Compatibility</h2> <p>Lamborghini <strong>Urus</strong></p> <h2>Key Features</h2> <ul> <li> <p>Front bumper cover – upper position</p> </li> <li> <p>Manufactured from high-quality carbon fiber</p> </li> <li> <p>Visible carbon finish for a premium performance look</p> </li> <li> <p>Lightweight and durable construction</p> </li> <li> <p>OEM-level integration and precise fitment</p> </li> <li> <p>Enhances front-end detailing and visual presence</p> </li> </ul> <h2>Included Components</h2> <ul> <li> <p>Front bumper cover – upper position</p> </li> <li> <p>Required mounting / installation material (as supplied by NOVITEC)</p> </li> </ul> <h2>Technical Details</h2> <ul> <li> <p>Manufacturer: NOVITEC</p> </li> <li> <p>Product Type: Front Bumper Cover</p> </li> <li> <p>Position: Upper</p> </li> <li> <p>Material: Carbon Fiber</p> </li> <li> <p>Finish: Visible Carbon</p> </li> </ul> <h2>Installation</h2> <p>Professional installation is strongly recommended to ensure proper alignment and secure mounting.</p> <h2>Part Number</h2> <ul> <li> <p><strong>L6 333 52</strong></p> </li> </ul> <h2>Special Order</h2> <p>Lead time approximately <strong>4–6 weeks</strong></p>",Novitec,Aerodynamics,"brand_novitec, car_lamborghini, category_aerodynamic, condition_new, install_available, model_urus, pricing_buy_now",TRUE,Variant,Visible Carbon,L6 333 52,0,shopify,5,deny,manual,5900.00,TRUE,TRUE,https://cdn.shopify.com/s/files/1/0701/4472/0949/files/Screenshot2026-01-31at14.35.35.png,1,Front Bumper Cover Upper Position - Lamborghini Urus - L6 333 52 - Novitec,FALSE,active
l6-333-52,,,,,,,,Forged Carbon,L6 333 52-2,0,shopify,6,deny,manual,5900.00,TRUE,TRUE,,,,,
l6-333-52,,,,,,,,,,,,,,,,,,https://cdn.shopify.com/s/files/1/0701/4472/0949/files/Screenshot2026-01-31at14.39.16.png,2,Front Bumper Cover Upper Position - Lamborghini Urus - L6 333 52 - Novitec,,
l6-333-52,,,,,,,,,,,,,,,,,,https://cdn.shopify.com/s/files/1/0701/4472/0949/files/Screenshot_2026-01-15_at_00.30.11_df9037c1-74d2-4b4b-b857-33ba5b67e150.png,3,Front Bumper Cover Upper Position - Lamborghini Urus - L6 333 52 - Novitec,,
l6-333-51,Front Bumper Covers - Lamborghini Urus - L6 333 51 - Novitec,"<h2>Description</h2> <p>The <strong>NOVITEC Front Bumper Covers – 4-Part Set (Visible Carbon)</strong> for the <strong>Lamborghini Urus</strong> enhance the entire front bumper area with a cohesive and aggressive carbon fiber finish. Designed for seamless integration with the factory bumper, this 4-part set adds sharper detailing and a distinctive motorsport-inspired appearance.</p> <p>Manufactured from premium <strong>carbon fiber</strong> and finished in <strong>visible carbon</strong>, the components deliver lightweight construction and a high-performance aesthetic while maintaining precise OEM-level fitment.</p> <h2>Compatibility</h2> <p>Lamborghini <strong>Urus</strong></p> <h2>Key Features</h2> <ul> <li> <p>4-part front bumper cover set</p> </li> <li> <p>Manufactured from high-quality carbon fiber</p> </li> <li> <p>Visible carbon finish for a premium performance look</p> </li> <li> <p>Lightweight and durable construction</p> </li> <li> <p>OEM-level integration and precise fitment</p> </li> <li> <p>Enhances front-end styling and visual presence</p> </li> </ul> <h2>Included Components</h2> <ul> <li> <p>Front bumper covers – 4-part set</p> </li> <li> <p>Required mounting / installation material (as supplied by NOVITEC)</p> </li> </ul> <h2>Technical Details</h2> <ul> <li> <p>Manufacturer: NOVITEC</p> </li> <li> <p>Product Type: Front Bumper Covers</p> </li> <li> <p>Configuration: 4-Part Set</p> </li> <li> <p>Material: Carbon Fiber</p> </li> <li> <p>Finish: Visible Carbon</p> </li> </ul> <h2>Installation</h2> <p>Professional installation is strongly recommended to ensure correct alignment and secure mounting.</p> <h2>Part Number</h2> <ul> <li> <p><strong>L6 333 51</strong></p> </li> </ul> <h2>Special Order</h2> <p>Lead time approximately <strong>4–6 weeks</strong></p>",Novitec,Aerodynamics,"brand_novitec, car_lamborghini, category_aerodynamic, condition_new, install_available, model_urus, pricing_buy_now",TRUE,Variant,Visible Carbon,L6 333 51,0,shopify,1,deny,manual,6900.00,TRUE,TRUE,https://cdn.shopify.com/s/files/1/0701/4472/0949/files/Screenshot2026-01-31at14.35.15.png,1,Front Bumper Covers - Lamborghini Urus - L6 333 51 - Novitec,FALSE,active
l6-333-51,,,,,,,,Forged Carbon,L6 333 51-2,0,shopify,3,deny,manual,6900.00,TRUE,TRUE,,,,,
l6-333-51,,,,,,,,,,,,,,,,,,https://cdn.shopify.com/s/files/1/0701/4472/0949/files/Screenshot2026-01-31at14.39.01.png,2,Front Bumper Covers - Lamborghini Urus - L6 333 51 - Novitec,,
l6-333-51,,,,,,,,,,,,,,,,,,https://cdn.shopify.com/s/files/1/0701/4472/0949/files/Screenshot_2026-01-15_at_00.30.11_df9037c1-74d2-4b4b-b857-33ba5b67e150.png,3,Front Bumper Covers - Lamborghini Urus - L6 333 51 - Novitec,,
l6-333-50,Front Bumper Cover Outside Position - Lamborghini Urus - L6 333 50 - Novitec,"<h2>Description</h2> <p>The <strong>NOVITEC Front Bumper Cover – Outside Position (Visible Carbon)</strong> for the <strong>Lamborghini Urus</strong> enhances the outer sections of the front bumper with a sharper and more aggressive carbon fiber finish. Designed to integrate seamlessly with the factory bumper lines, this component adds refined motorsport-inspired detailing while maintaining OEM-level fitment.</p> <p>Manufactured from premium <strong>carbon fiber</strong> and delivered in <strong>visible carbon</strong>, the cover provides lightweight construction and a high-performance aesthetic that perfectly complements other NOVITEC aerodynamic components.</p> <h2>Compatibility</h2> <p>Lamborghini <strong>Urus</strong></p> <h2>Key Features</h2> <ul> <li> <p>Front bumper cover – outside position</p> </li> <li> <p>Manufactured from high-quality carbon fiber</p> </li> <li> <p>Visible carbon finish for a premium performance look</p> </li> <li> <p>Lightweight and durable construction</p> </li> <li> <p>OEM-level integration and precise fitment</p> </li> <li> <p>Designed to complement other NOVITEC carbon components</p> </li> </ul> <h2>Included Components</h2> <ul> <li> <p>Front bumper cover – outside position</p> </li> <li> <p>Required mounting / installation material (as supplied by NOVITEC)</p> </li> </ul> <h2>Technical Details</h2> <ul> <li> <p>Manufacturer: NOVITEC</p> </li> <li> <p>Product Type: Front Bumper Cover</p> </li> <li> <p>Position: Outside</p> </li> <li> <p>Material: Carbon Fiber</p> </li> <li> <p>Finish: Visible Carbon</p> </li> </ul> <h2>Installation</h2> <p>Professional installation is strongly recommended to ensure proper alignment and secure mounting.</p> <h2>Part Number</h2> <ul> <li> <p><strong>L6 333 50</strong></p> </li> </ul> <h2>Special Order</h2> <p>Lead time approximately <strong>4–6 weeks</strong></p>",Novitec,Aerodynamics,"brand_novitec, car_lamborghini, category_aerodynamic, condition_new, install_available, model_urus, pricing_buy_now",TRUE,Variant,Visible Carbon,L6 333 50,0,shopify,1,deny,manual,4900.00,TRUE,TRUE,https://cdn.shopify.com/s/files/1/0701/4472/0949/files/Screenshot2026-01-31at14.34.56.png,1,Front Bumper Cover Outside Position - Lamborghini Urus - L6 333 50 - Novitec,FALSE,active
l6-333-50,,,,,,,,Forged Carbon,L6 333 50-2,0,shopify,6,deny,manual,4900.00,TRUE,TRUE,,,,,
l6-333-50,,,,,,,,,,,,,,,,,,https://cdn.shopify.com/s/files/1/0701/4472/0949/files/Screenshot2026-01-31at14.30.06.png,2,Front Bumper Cover Outside Position - Lamborghini Urus - L6 333 50 - Novitec,,
l6-333-50,,,,,,,,,,,,,,,,,,https://cdn.shopify.com/s/files/1/0701/4472/0949/files/Screenshot_2026-01-15_at_00.30.11_df9037c1-74d2-4b4b-b857-33ba5b67e150.png,3,Front Bumper Cover Outside Position - Lamborghini Urus - L6 333 50 - Novitec,,
spofec-complete-set-wheels-tyres-sp4-solid-colors-10-0j-x-24j-with-295-30-r24-spectre,SP4 Aluminium Wheel Set - Rolls Royce Spectre - R4 444 45/ 55 - Novitec,"<h4>Description</h4> <p>The <strong>SPOFEC SP4 Aluminium Wheel Set</strong> for the <strong>Rolls-Royce Spectre</strong> combines imposing 24-inch dimensions with a bold and contemporary design. Developed specifically for the fully electric Spectre, the SP4 wheels enhance the vehicle’s commanding road presence while maintaining the refined luxury character expected from Rolls-Royce.</p> <p>Finished in colors from the SPOFEC solid color range, the SP4 wheel set delivers a powerful yet elegant appearance, perfectly complementing the dynamic styling of the Spectre.</p> <h4>Compatibility</h4> <p>Rolls-Royce Spectre</p> <h4>Key Features</h4> <ul> <li> <p>Aluminium wheel set SP4</p> </li> <li> <p>Large 24-inch format for maximum presence</p> </li> <li> <p>Developed specifically for Rolls-Royce Spectre</p> </li> <li> <p>Precision-engineered for OEM-level fitment</p> </li> <li> <p>Finished in colors from the SPOFEC solid color range</p> </li> <li> <p>Available with or without tyres</p> </li> </ul> <h4>Wheel Specifications</h4> <p><strong>Front Axle</strong><br>10.0J x 24""</p> <p><strong>Rear Axle</strong><br>10.0J x 24""</p> <h4>Tyre Options</h4> <p><strong>With Tyres</strong></p> <ul> <li> <p>295/30 R24</p> </li> </ul> <p><strong>Without Tyres</strong></p> <ul> <li> <p>Wheels supplied without tyres</p> </li> </ul> <h4>Technical Details</h4> <ul> <li> <p>Manufacturer: SPOFEC by Novitec</p> </li> <li> <p>Wheel Type: Aluminium</p> </li> <li> <p>Model: SP4</p> </li> <li> <p>Finish: Solid color range</p> </li> <li> <p>Quantity: Complete wheel set</p> </li> </ul> <h4>Installation</h4> <p>Professional installation and wheel alignment are strongly recommended.</p> <h4>Part Numbers</h4> <p><strong>Without Tyres</strong></p> <ul> <li> <p>R4 444 45</p> </li> </ul> <p><strong>Complete Set with Tyres</strong></p> <ul> <l",Novitec,Wheels,"brand_novitec, car_rolls_royce, category_wheels, condition_new, install_available, model_spectre, pricing_buy_now",TRUE,Variant,With Tyres,R4 444 55,0,shopify,1,deny,manual,74900.00,TRUE,TRUE,https://cdn.shopify.com/s/files/1/0701/4472/0949/files/Screenshot2026-01-24at11.48.12.png,1,SP4 Aluminium Wheel Set - Rolls Royce Spectre - R4 444 45/ 55 - Novitec,FALSE,active
spofec-complete-set-wheels-tyres-sp4-solid-colors-10-0j-x-24j-with-295-30-r24-spectre,,,,,,,,Without Tyres,R4 444 45,0,shopify,2,deny,manual,64900.00,TRUE,TRUE,,,,,
spofec-complete-set-wheels-tyres-sp4-solid-colors-10-0j-x-24j-with-295-30-r24-spectre,,,,,,,,,,,,,,,,,,https://cdn.shopify.com/s/files/1/0701/4472/0949/files/tempImagezrPmmi.jpg,2,SP4 Aluminium Wheel Set - Rolls Royce Spectre - R4 444 45/ 55 - Novitec,,
spofec-complete-set-wheels-tyres-sp4-solid-colors-10-0j-x-24j-with-295-30-r24-spectre,,,,,,,,,,,,,,,,,,https://cdn.shopify.com/s/files/1/0701/4472/0949/files/Screenshot_2026-01-24_at_11.44.32.png,3,SP4 Aluminium Wheel Set - Rolls Royce Spectre - R4 444 45/ 55 - Novitec,,
spofec-complete-set-wheels-tyres-sp3-solid-colors-10-0j-x-24j-with-295-30-r24-spectre,SP3 Aluminium Wheel Set - Rolls Royce Spectre - R4 444 05/ 15 - Novitec,"<h4>Description</h4> <p>The <strong>SPOFEC SP3 Aluminium Wheel Set</strong> for the <strong>Rolls-Royce Spectre</strong> combines bold 24-inch dimensions with a refined and modern multi-spoke design. Developed specifically for the fully electric Spectre, the SP3 wheels enhance road presence while preserving the vehicle’s signature luxury character.</p> <p>Finished in colors from the SPOFEC solid color range, the SP3 wheel set delivers a sophisticated yet powerful appearance, perfectly complementing the dynamic proportions of the Rolls-Royce Spectre.</p> <h4>Compatibility</h4> <p>Rolls-Royce Spectre</p> <h4>Key Features</h4> <ul> <li> <p>Aluminium wheel set SP3</p> </li> <li> <p>Impressive 24-inch format</p> </li> <li> <p>Developed specifically for Rolls-Royce Spectre</p> </li> <li> <p>Precision-engineered for OEM-level fitment</p> </li> <li> <p>Finished in colors from the SPOFEC solid color range</p> </li> <li> <p>Available with or without tyres</p> </li> </ul> <h4>Wheel Specifications</h4> <p><strong>Front Axle</strong><br>10.0J x 24""</p> <p><strong>Rear Axle</strong><br>10.0J x 24""</p> <h4>Tyre Options</h4> <p><strong>With Tyres</strong></p> <ul> <li> <p>295/30 R24</p> </li> </ul> <p><strong>Without Tyres</strong></p> <ul> <li> <p>Wheels supplied without tyres</p> </li> </ul> <h4>Technical Details</h4> <ul> <li> <p>Manufacturer: SPOFEC by Novitec</p> </li> <li> <p>Wheel Type: Aluminium</p> </li> <li> <p>Model: SP3</p> </li> <li> <p>Finish: Solid color range</p> </li> <li> <p>Quantity: Complete wheel set</p> </li> </ul> <h4>Installation</h4> <p>Professional installation and wheel alignment are strongly recommended.</p> <h4>Part Numbers</h4> <p><strong>Without Tyres</strong></p> <ul> <li> <p>R4 444 05</p> </li> </ul> <p><strong>Complete Set with Tyres</strong></p> <ul> <li data-end=""1541",Novitec,Wheels,"brand_novitec, car_rolls_royce, category_wheels, condition_new, install_available, model_spectre, pricing_buy_now",TRUE,Variant,With Tyres,R4 444 15,0,shopify,2,deny,manual,74900.00,TRUE,TRUE,https://cdn.shopify.com/s/files/1/0701/4472/0949/files/Screenshot2026-01-24at11.47.51.png,1,SP3 Aluminium Wheel Set - Rolls Royce Spectre - R4 444 05/ 15 - Novitec,FALSE,active
spofec-complete-set-wheels-tyres-sp3-solid-colors-10-0j-x-24j-with-295-30-r24-spectre,,,,,,,,Without Tyres,R4 444 05,0,shopify,3,deny,manual,64900.00,TRUE,TRUE,,,,,
spofec-complete-set-wheels-tyres-sp3-solid-colors-10-0j-x-24j-with-295-30-r24-spectre,,,,,,,,,,,,,,,,,,https://cdn.shopify.com/s/files/1/0701/4472/0949/files/Screenshot_2026-02-20_at_21.22.51.png,2,SP3 Aluminium Wheel Set - Rolls Royce Spectre - R4 444 05/ 15 - Novitec,,
spofec-complete-set-wheels-tyres-sp2-solid-colors-10-0j-x-24j-with-295-30-r24-spectre,SP2 Aluminium Wheel Set - Rolls Royce Spectre - R4 444 00/ 10 - Novitec,"<h4>Description</h4> <p>The <strong>SPOFEC SP2 Aluminium Wheel Set</strong> for the <strong>Rolls-Royce Spectre</strong> combines imposing 24-inch dimensions with a refined and powerful design. Developed specifically for the fully electric Spectre, the SP2 wheels enhance road presence while maintaining the luxurious character of the vehicle.</p> <p>Finished in colors from the SPOFEC solid color range, the SP2 wheel set delivers a bold yet elegant appearance, perfectly complementing the dynamic styling of the Rolls-Royce Spectre.</p> <h4>Compatibility</h4> <p>Rolls-Royce Spectre</p> <h4></h4> <h4>Key Features</h4> <ul> <li> <p>Aluminium wheel set SP2</p> </li> <li> <p>Large 24-inch format for maximum presence</p> </li> <li> <p>Developed specifically for Rolls-Royce Spectre</p> </li> <li> <p>Precision-engineered for OEM-level fitment</p> </li> <li> <p>Finished in colors from the SPOFEC solid color range</p> </li> <li> <p>Available with or without tyres</p> </li> </ul> <h4>Wheel Specifications</h4> <p><strong>Front Axle</strong><br>10.0J x 24""</p> <p><strong>Rear Axle</strong><br>10.0J x 24""</p> <h4>Tyre Options</h4> <p><strong>With Tyres</strong></p> <ul> <li> <p>295/30 R24</p> </li> </ul> <p><strong>Without Tyres</strong></p> <ul> <li> <p>Wheels supplied without tyres</p> </li> </ul> <h4>Technical Details</h4> <ul> <li> <p>Manufacturer: SPOFEC by Novitec</p> </li> <li> <p>Wheel Type: Aluminium</p> </li> <li> <p>Model: SP2</p> </li> <li> <p>Finish: Solid color range</p> </li> <li> <p>Quantity: Complete wheel set</p> </li> </ul> <h4>Installation</h4> <p>Professional installation and wheel alignment are strongly recommended.</p> <h4>Part Numbers</h4> <p><strong>Without Tyres</strong></p> <ul> <li> <p>R4 444 00</p> </li> </ul> <p><strong>Complete Set with Tyres</strong></p> <ul> <li data-end=""1561",Novitec,Wheels,"brand_novitec, car_rolls_royce, category_wheels, condition_new, install_available, model_spectre, pricing_buy_now",TRUE,Variant,With Tyres,R4 444 10,0,shopify,2,deny,manual,74900.00,TRUE,TRUE,https://cdn.shopify.com/s/files/1/0701/4472/0949/files/Screenshot2026-01-24at11.47.30.png,1,SP2 Aluminium Wheel Set - Rolls Royce Spectre - R4 444 00/ 10 - Novitec,FALSE,active
spofec-complete-set-wheels-tyres-sp2-solid-colors-10-0j-x-24j-with-295-30-r24-spectre,,,,,,,,Without Tyres,R4 444 00,0,shopify,6,deny,manual,64900.00,TRUE,TRUE,,,,,
spofec-complete-set-wheels-tyres-sp2-solid-colors-10-0j-x-24j-with-295-30-r24-spectre,,,,,,,,,,,,,,,,,,https://cdn.shopify.com/s/files/1/0701/4472/0949/files/Screenshot_2026-02-20_at_21.22.37.png,2,SP2 Aluminium Wheel Set - Rolls Royce Spectre - R4 444 00/ 10 - Novitec,,
spofec-rearspoiler-lip-visible-carbon-spectre,Rear Spoiler Lip - Rolls Royce Spectre - R6 444 05 - Novitec,"<h4>Description</h4> <p>The <strong>SPOFEC Rear Spoiler Lip</strong> for the <strong>Rolls-Royce Spectre</strong> enhances the rear profile with a subtle yet dynamic aerodynamic accent. Developed specifically for the Spectre, this component adds refined performance-inspired styling while preserving the elegant design language of Rolls-Royce.</p> <p>Manufactured from visible carbon fiber, the rear spoiler lip combines lightweight construction with a premium high-gloss finish, reinforcing the powerful and exclusive character of the fully electric Spectre.</p> <h4>Compatibility</h4> <p>Rolls-Royce Spectre</p> <h4>Key Features</h4> <ul> <li> <p>Rear spoiler lip</p> </li> <li> <p>Manufactured from visible carbon fiber</p> </li> <li> <p>Enhances rear styling and aerodynamic presence</p> </li> <li> <p>Developed specifically for Rolls-Royce Spectre</p> </li> <li> <p>Lightweight construction</p> </li> <li> <p>Precision-engineered for OEM-level fitment</p> </li> </ul> <h4>Technical Details</h4> <ul> <li> <p>Manufacturer: SPOFEC by Novitec</p> </li> <li> <p>Product Type: Rear Spoiler Lip</p> </li> <li> <p>Material: Visible Carbon Fiber</p> </li> <li> <p>Finish: High-gloss exposed carbon</p> </li> </ul> <h4>Installation</h4> <p>Professional installation is strongly recommended.</p> <h4>Part Number</h4> <ul> <li> <p>R6 444 05</p> </li> </ul> <h4>Special Order</h4> <p>Lead time approximately <strong>4–6 weeks</strong></p>",Novitec,Aerodynamics,"brand_novitec, car_rolls_royce, category_aerodynamic, condition_new, install_available, model_spectre, pricing_buy_now",TRUE,Title,Default Title,R6 444 05,0,shopify,2,deny,manual,13900.00,TRUE,TRUE,https://cdn.shopify.com/s/files/1/0701/4472/0949/files/Screenshot2026-01-24at11.49.11_268b8afe-3600-4be2-be85-88ef8bc0a64c.png,1,Rear Spoiler Lip - Rolls Royce Spectre - R6 444 05 - Novitec,FALSE,active
spofec-rearspoiler-lip-visible-carbon-spectre,,,,,,,,,,,,,,,,,,https://cdn.shopify.com/s/files/1/0701/4472/0949/files/Screenshot2026-01-24at11.46.29_f583b751-8c09-4b9d-95e7-30792a57fbfc.png,2,Rear Spoiler Lip - Rolls Royce Spectre - R6 444 05 - Novitec,,
spofec-rear-diffuser-fins-4-parts-visible-carbon-spectre,Rear Diffuser Fins (4-Part Set) - Rolls Royce Spectre - R6 444 04 - Novitec,"<h4>Description</h4> <p>The <strong>SPOFEC Rear Diffuser Fins (4-Part Set)</strong> for the <strong>Rolls-Royce Spectre</strong> enhance the rear design with a more dynamic and performance-inspired appearance. Developed specifically for the Spectre, these diffuser fins emphasize the lower rear section while adding a distinctive exposed carbon accent.</p> <p>Manufactured from visible carbon fiber, the four-piece set combines lightweight construction with a premium high-gloss finish, reinforcing the powerful presence of the fully electric Rolls-Royce Spectre.</p> <h4>Compatibility</h4> <p>Rolls-Royce Spectre</p> <h4>Key Features</h4> <ul> <li> <p>Rear diffuser fins (4-piece set)</p> </li> <li> <p>Manufactured from visible carbon fiber</p> </li> <li> <p>Enhances rear styling and aerodynamic detailing</p> </li> <li> <p>Developed specifically for Rolls-Royce Spectre</p> </li> <li> <p>Lightweight construction</p> </li> <li> <p>Precision-engineered for OEM-level fitment</p> </li> </ul> <h4>Technical Details</h4> <ul> <li> <p>Manufacturer: SPOFEC by Novitec</p> </li> <li> <p>Product Type: Rear Diffuser Fins</p> </li> <li> <p>Material: Visible Carbon Fiber</p> </li> <li> <p>Finish: High-gloss exposed carbon</p> </li> <li> <p>Quantity: 4 parts</p> </li> </ul> <h4>Installation</h4> <p>Professional installation is strongly recommended.</p> <h4>Part Number</h4> <ul> <li> <p>R6 444 04</p> </li> </ul> <h4>Special Order</h4> <p>Lead time approximately <strong>4–6 weeks</strong></p>",Novitec,Aerodynamics,"brand_novitec, car_rolls_royce, category_aerodynamic, condition_new, install_available, model_spectre, pricing_buy_now",TRUE,Title,Default Title,R6 444 04,0,shopify,4,deny,manual,9900.00,TRUE,TRUE,https://cdn.shopify.com/s/files/1/0701/4472/0949/files/Screenshot2026-01-24at11.48.32.png,1,Rear Diffuser Fins (4-Part Set) - Rolls Royce Spectre - R6 444 04 - Novitec,FALSE,active
spofec-rear-diffuser-fins-4-parts-visible-carbon-spectre,,,,,,,,,,,,,,,,,,https://cdn.shopify.com/s/files/1/0701/4472/0949/files/Screenshot2026-01-24at11.45.18.png,2,Rear Diffuser Fins (4-Part Set) - Rolls Royce Spectre - R6 444 04 - Novitec,,
spofec-side-panels-set-visible-carbon-spectre,Side Panels (Set) - Rolls Royce Spectre - R6 444 03 - Novitec,"<h4>Description</h4> <p>The <strong>SPOFEC Side Panels (Set)</strong> for the <strong>Rolls-Royce Spectre</strong> enhance the vehicle’s side profile with a sharper and more dynamic appearance. Developed specifically for the Spectre, these panels emphasize the elegant body lines while adding a refined motorsport-inspired carbon finish.</p> <p>Manufactured from visible carbon fiber, the set combines lightweight construction with a premium high-gloss surface, perfectly complementing the luxury-performance character of the fully electric Rolls-Royce Spectre.</p> <h4>Compatibility</h4> <p>Rolls-Royce Spectre</p> <h4>Key Features</h4> <ul> <li> <p>Side panels (set)</p> </li> <li> <p>Manufactured from visible carbon fiber</p> </li> <li> <p>Enhances side styling and visual presence</p> </li> <li> <p>Developed specifically for Rolls-Royce Spectre</p> </li> <li> <p>Lightweight construction</p> </li> <li> <p>Precision-engineered for OEM-level fitment</p> </li> </ul> <h4>Technical Details</h4> <ul> <li> <p>Manufacturer: SPOFEC by Novitec</p> </li> <li> <p>Product Type: Side Panels (Set)</p> </li> <li> <p>Material: Visible Carbon Fiber</p> </li> <li> <p>Finish: High-gloss exposed carbon</p> </li> </ul> <h4>Installation</h4> <p>Professional installation is strongly recommended.</p> <h4>Part Number</h4> <ul> <li> <p>R6 444 03</p> </li> </ul> <h4>Special Order</h4> <p>Lead time approximately <strong>4–6 weeks</strong></p>",Novitec,Aerodynamics,"brand_novitec, car_rolls_royce, category_aerodynamic, condition_new, install_available, model_spectre, pricing_buy_now",TRUE,Title,Default Title,R6 444 03,0,shopify,1,deny,manual,16900.00,TRUE,TRUE,https://cdn.shopify.com/s/files/1/0701/4472/0949/files/Screenshot2026-01-24at11.49.29.png,1,Side Panels (Set) - Rolls Royce Spectre - R6 444 03 - Novitec,FALSE,active
spofec-side-panels-set-visible-carbon-spectre,,,,,,,,,,,,,,,,,,https://cdn.shopify.com/s/files/1/0701/4472/0949/files/Screenshot2026-01-24at11.47.12.png,2,Side Panels (Set) - Rolls Royce Spectre - R6 444 03 - Novitec,,
spofec-front-inlet-with-led-visible-carbon-spectre,Front Inlet with LED - Rolls Royce Spectre - R6 444 02 - Novitec,"<h4>Description</h4> <p>The <strong>SPOFEC Front Inlet with LED</strong> for the <strong>Rolls-Royce Spectre</strong> enhances the vehicle’s front-end design with a more dynamic and distinctive appearance. Developed specifically for the Spectre, this component integrates LED lighting elements into a refined carbon aerodynamic surround, adding a modern performance-inspired touch.</p> <p>Manufactured from visible carbon fiber, the front inlet combines lightweight construction with a premium high-gloss finish while maintaining seamless OEM-level integration.</p> <h4>Compatibility</h4> <p>Rolls-Royce Spectre</p> <h4>Key Features</h4> <ul> <li> <p>Front inlet with integrated LED</p> </li> <li> <p>Manufactured from visible carbon fiber</p> </li> <li> <p>Enhances front styling and visual presence</p> </li> <li> <p>Integrated LED lighting element</p> </li> <li> <p>Developed specifically for Rolls-Royce Spectre</p> </li> <li> <p>Precision-engineered for OEM-level fitment</p> </li> </ul> <h4>Technical Details</h4> <ul> <li> <p>Manufacturer: SPOFEC by Novitec</p> </li> <li> <p>Product Type: Front Inlet with LED</p> </li> <li> <p>Material: Visible Carbon Fiber</p> </li> <li> <p>Finish: High-gloss exposed carbon</p> </li> <li> <p>Lighting: Integrated LED</p> </li> </ul> <h4>Installation</h4> <p>Professional installation is strongly recommended.</p> <h4>Part Number</h4> <ul> <li> <p>R6 444 02</p> </li> </ul> <h4>Special Order</h4> <p>Lead time approximately <strong>4–6 weeks</strong></p>",Novitec,Aerodynamics,"brand_novitec, car_rolls_royce, category_aerodynamic, condition_new, install_available, model_spectre, pricing_buy_now",TRUE,Title,Default Title,R6 444 02,0,shopify,4,deny,manual,12900.00,TRUE,TRUE,https://cdn.shopify.com/s/files/1/0701/4472/0949/files/Screenshot2026-01-24at11.48.51.png,1,Front Inlet with LED - Rolls Royce Spectre - R6 444 02 - Novitec,FALSE,active
spofec-front-inlet-with-led-visible-carbon-spectre,,,,,,,,,,,,,,,,,,https://cdn.shopify.com/s/files/1/0701/4472/0949/files/Screenshot2026-01-24at11.46.51.png,2,Front Inlet with LED - Rolls Royce Spectre - R6 444 02 - Novitec,,
spofec-frontlip-visible-carbon-spectre,Front Lip - Rolls Royce Spectre - R6 444 01 - Novitec,"<h4>Description</h4> <p>The <strong>SPOFEC Front Lip</strong> for the <strong>Rolls-Royce Spectre</strong> enhances the front-end appearance with a sharper and more dynamic design. Developed specifically for the fully electric Spectre, this component adds subtle aerodynamic emphasis while preserving the refined luxury character of Rolls-Royce.</p> <p>Manufactured from visible carbon fiber, the front lip combines lightweight construction with a premium high-gloss finish, delivering a sophisticated performance-inspired upgrade.</p> <h4>Compatibility</h4> <p>Rolls-Royce Spectre</p> <h4>Key Features</h4> <ul> <li> <p>Front lip upgrade</p> </li> <li> <p>Manufactured from visible carbon fiber</p> </li> <li> <p>Enhances front styling and aerodynamic presence</p> </li> <li> <p>Developed specifically for Rolls-Royce Spectre</p> </li> <li> <p>Lightweight construction</p> </li> <li> <p>Precision-engineered for OEM-level fitment</p> </li> </ul> <h4>Technical Details</h4> <ul> <li> <p>Manufacturer: SPOFEC by Novitec</p> </li> <li> <p>Product Type: Front Lip</p> </li> <li> <p>Material: Visible Carbon Fiber</p> </li> <li> <p>Finish: High-gloss exposed carbon</p> </li> </ul> <h4>Installation</h4> <p>Professional installation is strongly recommended.</p> <h4>Part Number</h4> <ul> <li> <p>R6 444 01</p> </li> </ul> <h4>Special Order</h4> <p>Lead time approximately <strong>4–6 weeks</strong></p>",Novitec,Aerodynamics,"brand_novitec, car_rolls_royce, category_aerodynamic, condition_new, install_available, model_spectre, pricing_buy_now",TRUE,Title,Default Title,R6 444 01,0,shopify,5,deny,manual,20900.00,TRUE,TRUE,https://cdn.shopify.com/s/files/1/0701/4472/0949/files/Screenshot2026-01-24at11.45.59.png,1,Front Lip - Rolls Royce Spectre - R6 444 01 - Novitec,FALSE,active
spofec-aluminium-spacers-set-2-pcs-front-axle-12mm-track-24mm-spectre,Aluminium Spacers Set (2 pcs) - Rolls Royce Spectre - R5 444 12/ 15 - Novitec,"<h4>Description</h4> <p>The <strong>SPOFEC Aluminium Wheel Spacers</strong> for the <strong>Rolls-Royce Spectre</strong> are engineered to enhance vehicle stance, stability, and road presence. Manufactured from high-strength aluminium and corrosion-protected through anodizing, these spacers ensure durability, precise fitment, and long-term reliability.</p> <p>By widening the track width, the spacers improve handling stability and give the Spectre a more powerful and planted appearance while maintaining OEM-level integration.</p> <h4>Compatibility</h4> <p>Rolls-Royce Spectre</p> <h4>Key Features</h4> <ul> <li> <p>Aluminium wheel spacers (set of 2)</p> </li> <li> <p>High-strength aluminium construction</p> </li> <li> <p>Corrosion-protected through anodized finish</p> </li> <li> <p>Enlarged track width for improved stance and stability</p> </li> <li> <p>Precision-engineered for OEM-level fitment</p> </li> <li> <p>Includes complete mounting material</p> </li> </ul> <h4>Available Versions</h4> <p><strong>Front Axle – Spacer 12 mm</strong></p> <ul> <li> <p>Enlarged track width by 24 mm</p> </li> <li> <p>Designed for front axle application</p> </li> <li> <p>Set of 2 pieces including mounting material</p> </li> </ul> <p><strong>Rear Axle – Spacer 15 mm</strong></p> <ul> <li> <p>Enlarged track width by 30 mm</p> </li> <li> <p>Designed for rear axle application</p> </li> <li> <p>Set of 2 pieces including mounting material</p> </li> </ul> <h4><strong>Technical Details</strong></h4> <ul> <li> <p>Manufacturer: SPOFEC by Novitec</p> </li> <li> <p>Product Type: Wheel Spacers</p> </li> <li> <p>Material: High-strength aluminium</p> </li> <li> <p>Finish: Anodized</p> </li> <li> <p>Quantity: Set of 2 pieces (including mounting material)</p> </li> </ul> <h4>Installation</h4> <p>Professional installation and wheel alignment are strongly recommended.</p> <h4>Part Numbers</h4> <p><strong>Front Axle – 12 mm</strong></p> <ul data-star",Novitec,Suspension,"brand_novitec, car_rolls_royce, category_suspension, condition_new, install_available, model_spectre, pricing_buy_now",TRUE,Variant,Spacers 12mm,R5 444 12,0,shopify,5,deny,manual,1900.00,TRUE,TRUE,https://cdn.shopify.com/s/files/1/0701/4472/0949/files/Screenshot2026-01-24at11.44.51.png,1,Aluminium Spacers Set (2 pcs) - Rolls Royce Spectre - R5 444 12/ 15 - Novitec,FALSE,active
spofec-aluminium-spacers-set-2-pcs-front-axle-12mm-track-24mm-spectre,,,,,,,,Spacers 15mm,R5 444 15,0,shopify,3,deny,manual,2300.00,TRUE,TRUE,,,,,
spofec-lowering-kit-lowering-35mm-spectre,Lowering Kit - Rolls Royce Spectre - R5 444 01 - Novitec,"<h4>Description</h4> <p>The <strong>SPOFEC Lowering Kit</strong> for the <strong>Rolls-Royce Spectre</strong> enhances driving dynamics and visual presence by lowering the vehicle by approximately 35 mm. Developed specifically for the fully electric Spectre, this suspension upgrade delivers a more athletic stance while maintaining the refined ride comfort expected from Rolls-Royce.</p> <p>Lowering the vehicle improves center of gravity and stability, resulting in a more planted and confident driving experience without compromising luxury.</p> <h4>Compatibility</h4> <p>Rolls-Royce Spectre</p> <h4>Key Features</h4> <ul> <li> <p>Suspension lowering kit</p> </li> <li> <p>Lowers vehicle by approximately 35 mm</p> </li> <li> <p>Improves stance and driving stability</p> </li> <li> <p>Maintains luxury ride comfort</p> </li> <li> <p>Developed specifically for Rolls-Royce Spectre</p> </li> <li> <p>Precision-engineered for OEM-level integration</p> </li> </ul> <h4>Technical Details</h4> <ul> <li> <p>Manufacturer: SPOFEC by Novitec</p> </li> <li> <p>Product Type: Lowering Kit</p> </li> <li> <p>Lowering Amount: Approx. 35 mm</p> </li> </ul> <h4>Installation</h4> <p>Professional installation and wheel alignment are strongly recommended.</p> <h4>Part Number</h4> <ul> <li> <p>R5 444 01</p> </li> </ul> <h4>Special Order</h4> <p>Lead time approximately <strong>4–6 weeks</strong></p>",Novitec,Suspension,"brand_novitec, car_rolls_royce, category_suspension, condition_new, install_available, model_spectre, pricing_buy_now",TRUE,Title,Default Title,R5 444 01,0,shopify,3,deny,manual,1900.00,TRUE,TRUE,https://cdn.shopify.com/s/files/1/0701/4472/0949/files/Screenshot2026-01-24at11.49.46.png,1,Lowering Kit - Rolls Royce Spectre - R5 444 01 - Novitec,FALSE,active
spofec-aerodynamics-overdose-kit-pu-rim-cullinan-series-i,OVERDOSE Widebody Kit - Rolls-Royce Cullinan - R6 333 01 - Novitec,"<h4>Description</h4> <p>The <strong>SPOFEC OVERDOSE Widebody Kit</strong> for the <strong>Rolls-Royce Cullinan Series I</strong> transforms the vehicle’s appearance with a significantly more powerful and athletic presence. Designed to enhance both styling and road presence, the widebody conversion broadens the stance while maintaining the luxury character of the Cullinan.</p> <p>All components are manufactured from high-quality PU-RIM material, ensuring durability, precise fitment, and factory-level integration.</p> <h4>Compatibility</h4> <p>Rolls-Royce Cullinan <strong>Series I</strong><br></p> <h4>Kit Includes</h4> <ul> <li> <p>Front bumper</p> </li> <li> <p>Rear diffuser</p> </li> <li> <p>Widebody set (8 parts)</p> </li> <li> <p>Side panels</p> </li> <li> <p>Complete fixing material</p> </li> </ul> <p>(All parts manufactured from PU-RIM)</p> <h4>Key Features</h4> <ul> <li> <p>Complete widebody conversion kit</p> </li> <li> <p>Manufactured from high-quality PU-RIM</p> </li> <li> <p>Enhances vehicle width and road presence</p> </li> <li> <p>Developed specifically for Rolls-Royce Cullinan</p> </li> <li> <p>Precision-engineered for OEM-level fitment</p> </li> <li> <p>Includes all necessary mounting hardware</p> </li> </ul> <h4>Technical Details</h4> <ul> <li> <p>Manufacturer: SPOFEC by Novitec</p> </li> <li> <p>Product Type: Widebody Kit</p> </li> <li> <p>Material: PU-RIM</p> </li> <li> <p>Components: Front bumper, rear diffuser, widebody extensions, side panels</p> </li> <li> <p>Includes: Fixing material</p> </li> </ul> <h4>Installation</h4> <p>Professional installation and paint preparation are required.</p> <h4>Part Number</h4> <ul> <li> <p>R6 333 01</p> </li> </ul> <h4>Special Order</h4> <p>Lead time approximately <strong>4–6 weeks</strong></p>",Novitec,Aerodynamics,"brand_novitec, brand_spofec, car_rolls_royce, category_aerodynamic, condition_new, install_available, model_cullinan, pricing_buy_now",TRUE,Title,Default Title,R6 333 01,0,shopify,5,deny,manual,134900.00,TRUE,TRUE,https://cdn.shopify.com/s/files/1/0701/4472/0949/files/Screenshot2026-01-23at23.01.41.png,1,OVERDOSE Widebody Kit - Rolls-Royce Cullinan - R6 333 01 - Novitec,FALSE,active
spofec-aerodynamics-overdose-kit-pu-rim-cullinan-series-i,,,,,,,,,,,,,,,,,,https://cdn.shopify.com/s/files/1/0701/4472/0949/files/Screenshot2026-01-23at23.01.59.png,2,OVERDOSE Widebody Kit - Rolls-Royce Cullinan - R6 333 01 - Novitec,,
novitec-set-wheels-tyres-type-mc4-forged-central-lock-solid-colors-senna,"MC4 Forged Wheel Set with Central-Lock - McLaren Senna - C4 888 92, 90/91 - Novitec","<h4>Description</h4> <p>The <strong>NOVITEC MC4 Forged Wheel Set – Central Lock LOOK</strong> for the <strong>McLaren Senna</strong> combines advanced forged engineering with a distinctive motorsport-inspired center-lock design. Developed specifically for the Senna, the MC4 wheels enhance steering precision, stability, and overall track performance while reinforcing the vehicle’s aggressive racing character.</p> <p>Designed for maximum strength with minimal weight, the MC4 forged wheels deliver uncompromising performance and a bold, high-performance appearance.</p> <h4>Compatibility</h4> <p>McLaren Senna</p> <h4>Key Features</h4> <ul> <li> <p>Forged aluminium wheel set MC4</p> </li> <li> <p>Central Lock LOOK design</p> </li> <li> <p>Lightweight forged construction</p> </li> <li> <p>Developed specifically for McLaren Senna</p> </li> <li> <p>Precision fitment for front and rear axles</p> </li> <li> <p>Available with or without tyres</p> </li> </ul> <h4>Wheel Specifications</h4> <p><strong>Front Axle</strong><br>9.0J x 20""</p> <p><strong>Rear Axle</strong><br>12.0J x 21""</p> <h4>Tyre Options</h4> <p><strong>With Tyres</strong></p> <ul> <li> <p>Front: 255/30 R20</p> </li> <li> <p>Rear: 325/25 R21</p> </li> </ul> <p><strong>Without Tyres</strong></p> <ul> <li> <p>Wheels supplied without tyres</p> </li> </ul> <h4>Technical Details</h4> <ul> <li> <p>Manufacturer: NOVITEC</p> </li> <li> <p>Wheel Type: Forged Aluminium</p> </li> <li> <p>Model: MC4</p> </li> <li> <p>Design: Central Lock LOOK</p> </li> <li> <p>Quantity: Complete wheel set (front and rear)</p> </li> </ul> <h4>Installation</h4> <p>Professional installation and wheel alignment are strongly recommended.</p> <h4>Part Numbers</h4> <p><strong>With Tyres</strong></p> <ul> <li> <p>C4 888 92</p> </li> </ul> <p><strong>Without",Novitec,Wheels,"brand_novitec, car_mclaren, category_wheels, condition_new, install_available, model_senna, pricing_buy_now",TRUE,Variant,With Tyres,C4 888 92,0,shopify,4,deny,manual,59900.00,TRUE,TRUE,https://cdn.shopify.com/s/files/1/0701/4472/0949/files/Screenshot2026-01-23at21.47.40.png,1,"MC4 Forged Wheel Set with Central-Lock - McLaren Senna - C4 888 92, 90/91 - Novitec",FALSE,active
novitec-set-wheels-tyres-type-mc4-forged-central-lock-solid-colors-senna,,,,,,,,Wthout Tyres,C4 888 90/91,0,shopify,6,deny,manual,49900.00,TRUE,TRUE,,,,,
novitec-set-wheels-tyres-type-mc4-forged-central-lock-solid-colors-senna,,,,,,,,,,,,,,,,,,https://cdn.shopify.com/s/files/1/0701/4472/0949/files/Screenshot_2026-02-15_at_11.42.44.png,2,"MC4 Forged Wheel Set with Central-Lock - McLaren Senna - C4 888 92, 90/91 - Novitec",,
novitec-tectronic-with-exhaust-system-order-senna,TECTRONIC Module - McLaren Senna - C1 888 80 - Novitec,"<h4>Description</h4> <p>The <strong>NOVITEC TECTRONIC Module</strong> for the <strong>McLaren Senna</strong> is developed to ensure proper engine management when upgrading the exhaust system with NOVITEC sport metal catalysts or NOVITEC catalyst-replacement pipes. The module prevents exhaust-related error indications and maintains seamless communication with the vehicle’s factory electronics.</p> <p>Engineered specifically for the Senna’s high-performance twin-turbo V8 platform, TECTRONIC preserves OEM-level functionality while supporting enhanced exhaust performance.</p> <h4>Compatibility</h4> <p>McLaren Senna<br>For use with <strong>NOVITEC Sport Metal Catalysts</strong> or <strong>NOVITEC Catalyst-Replacement Pipes</strong><br>To be ordered in combination with a <strong>NOVITEC exhaust system</strong></p> <h4>Key Features</h4> <ul> <li> <p>Prevents exhaust system error indications</p> </li> <li> <p>Required when installing sport metal catalysts or cat-replacement pipes</p> </li> <li> <p>Seamless integration with factory engine management</p> </li> <li> <p>Maintains OEM-level drivability and performance</p> </li> <li> <p>Developed specifically for McLaren Senna</p> </li> </ul> <h4>Technical Details</h4> <ul> <li> <p>Manufacturer: NOVITEC</p> </li> <li> <p>Product Type: Electronic Control Module</p> </li> <li> <p>Application: Exhaust error prevention</p> </li> <li> <p>Requirement: Must be installed together with NOVITEC exhaust system</p> </li> </ul> <h4>Installation</h4> <p>Professional installation is strongly recommended.<br>To be installed in combination with NOVITEC exhaust and catalyst upgrades.</p> <h4>Part Number</h4> <ul> <li> <p>C1 888 80</p> </li> </ul> <h4>Special Order</h4> <p>Lead time approximately <strong>4–6 weeks</strong></p>",Novitec,Exhaust,"brand_novitec, car_mclaren, category_exhaust, condition_new, install_available, model_senna, pricing_buy_now",TRUE,Title,Default Title,C1 888 80,0,shopify,5,deny,manual,4900.00,TRUE,TRUE,https://cdn.shopify.com/s/files/1/0701/4472/0949/files/tempImageSC1Wyu.jpg,1,TECTRONIC Module - McLaren Senna - C1 888 80 - Novitec,FALSE,active
novitec-sport-metal-catalysts-set-heat-protected-senna,"Sport Metal Catalysts (Set) - McLaren Senna - C1 888 12, 52 - Novitec","<h4>Description</h4> <p>The <strong>NOVITEC Sport Metal Catalysts (Set)</strong> for the <strong>McLaren Senna</strong> are engineered to improve exhaust efficiency and maximize performance. Featuring <strong>100-cell Zeller sport metal catalysts</strong>, this system significantly reduces exhaust back pressure while enhancing throttle response and overall engine performance.</p> <p>Designed for use with both NOVITEC and original factory exhaust systems, all versions are fully covered with high-temperature heat protection to ensure durability under extreme thermal loads.</p> <h4>Compatibility</h4> <p>McLaren Senna<br>Compatible with <strong>NOVITEC exhaust systems</strong> and <strong>original factory exhaust systems</strong></p> <h4>Key Features</h4> <ul> <li> <p>100-cell Zeller sport metal catalysts</p> </li> <li> <p>Reduced exhaust back pressure</p> </li> <li> <p>Improved throttle response and engine performance</p> </li> <li> <p>Designed for use with NOVITEC and original exhaust systems</p> </li> <li> <p>High-temperature heat-protected construction</p> </li> <li> <p>Developed specifically for McLaren Senna</p> </li> <li> <p>Direct replacement installation</p> </li> </ul> <h4>Available Versions</h4> <p><strong>Heat-Protected</strong></p> <ul> <li> <p>100-cell Zeller sport metal catalysts</p> </li> <li> <p>Covered with high-temperature heat protection</p> </li> <li> <p>Optimized for durability and performance</p> </li> </ul> <p><strong>Gold-Plated (999 Fine Gold)</strong></p> <ul> <li> <p>100-cell Zeller sport metal catalysts</p> </li> <li> <p>Covered with high-temperature heat protection</p> </li> <li> <p>Gold-plated with 999 fine gold</p> </li> <li> <p>Maximum thermal efficiency</p> </li> <li> <p>Reduced heat radiation and exclusive motorsport appearance</p> </li> </ul> <p><strong>Technical Details</strong></p> <ul> <li> <p>Manufacturer: NOVITEC</p> </li> <li> <p>Product Type: Sport Metal Catalysts</p> </li> <li> <p>Catalyst",Novitec,Exhaust,"brand_novitec, car_mclaren, category_exhaust, condition_new, install_available, model_senna, pricing_buy_now",TRUE,Variant,Regular,C1 888 12,0,shopify,1,deny,manual,26900.00,TRUE,TRUE,https://cdn.shopify.com/s/files/1/0701/4472/0949/files/Screenshot2026-01-23at21.45.01.png,1,"Sport Metal Catalysts (Set) - McLaren Senna - C1 888 12, 52 - Novitec",FALSE,active
novitec-sport-metal-catalysts-set-heat-protected-senna,,,,,,,,Gold Plated 999,C1 888 52,0,shopify,1,deny,manual,35900.00,TRUE,TRUE,,,,,
novitec-sport-metal-catalysts-set-heat-protected-senna,,,,,,,,,,,,,,,,,,https://cdn.shopify.com/s/files/1/0701/4472/0949/files/Screenshot2026-01-23at21.46.06.png,2,"Sport Metal Catalysts (Set) - McLaren Senna - C1 888 12, 52 - Novitec",,
novitec-catalyst-replacement-pipes-set-of-2-heat-protected-senna,"Catalyst Replacement Pipes (Set of 2) - McLaren Senna - C1 888 11, 51 - Novitec","<h4>Description</h4> <p>The <strong>NOVITEC Catalyst-Replacement Pipes (Set of 2)</strong> for the <strong>McLaren Senna</strong> are engineered to further optimize exhaust flow and intensify the vehicle’s performance character. Designed for use with both NOVITEC and original factory exhaust systems, these replacement pipes reduce backpressure and enhance throttle response.</p> <p>All versions are fully covered with high-temperature heat protection to ensure maximum durability and thermal stability under extreme track and performance conditions.</p> <h4>Compatibility</h4> <p>McLaren Senna<br>Compatible with <strong>NOVITEC exhaust systems</strong> and <strong>original factory exhaust systems</strong></p> <h4>Key Features</h4> <ul> <li> <p>Catalyst-replacement pipes (set of 2)</p> </li> <li> <p>Optimized exhaust flow and reduced backpressure</p> </li> <li> <p>Improved throttle response</p> </li> <li> <p>Designed for use with NOVITEC and original exhaust systems</p> </li> <li> <p>High-temperature heat-protected construction</p> </li> <li> <p>Developed specifically for McLaren Senna</p> </li> <li> <p>Direct replacement installation</p> </li> </ul> <h4>Available Versions</h4> <p><strong>Heat-Protected</strong></p> <ul> <li> <p>Covered with high-temperature heat protection</p> </li> <li> <p>Enhanced thermal durability</p> </li> <li> <p>Motorsport-focused performance upgrade</p> </li> </ul> <p><strong>Gold-Plated (999 Fine Gold)</strong></p> <ul> <li> <p>Covered with high-temperature heat protection</p> </li> <li> <p>Gold-plated with 999 fine gold</p> </li> <li> <p>Maximum thermal efficiency</p> </li> <li> <p>Reduced heat radiation and exclusive motorsport appearance</p> </li> </ul> <h4>Technical Details</h4> <ul> <li> <p>Manufacturer: NOVITEC</p> </li> <li> <p>Product Type: Catalyst-Replacement Pipes</p> </li> <li> <p>Quantity: Set of 2</p> </li> <li> <p>Heat Protection: High-temperature heat protection</p> </li> </ul> <h4",Novitec,Exhaust,"brand_novitec, car_mclaren, category_exhaust, condition_new, install_available, model_senna, pricing_buy_now",TRUE,Variant,Inconel,C1 888 11,0,shopify,4,deny,manual,14900.00,TRUE,TRUE,https://cdn.shopify.com/s/files/1/0701/4472/0949/files/Screenshot2026-01-23at21.44.02.png,1,"Catalyst Replacement Pipes (Set of 2) - McLaren Senna - C1 888 11, 51 - Novitec",FALSE,active
novitec-catalyst-replacement-pipes-set-of-2-heat-protected-senna,,,,,,,,Inconel Gold 999,C1 888 51,0,shopify,2,deny,manual,22900.00,TRUE,TRUE,,,,,
novitec-catalyst-replacement-pipes-set-of-2-heat-protected-senna,,,,,,,,,,,,,,,,,,https://cdn.shopify.com/s/files/1/0701/4472/0949/files/Screenshot2026-01-23at21.44.35.png,2,"Catalyst Replacement Pipes (Set of 2) - McLaren Senna - C1 888 11, 51 - Novitec",,
novitec-ferrari-812-f4-812-22,NF11 Forged Aluminium Wheel Set with Central Lock - Ferrari 812 Superfast & GTS - F4 812 22/ 20/21 - Novitec,"<h4>Description</h4> <p>The <strong>NOVITEC NF11 Forged Aluminium Wheel Set – Central Lock LOOK</strong> for the <strong>Ferrari 812 Superfast and 812 GTS</strong> combines ultra-lightweight forged construction with an aggressive and refined motorsport-inspired center-lock design. Developed specifically for the 812 platform, the NF11 enhances steering precision, cornering stability, and high-speed performance while elevating the visual presence of the naturally aspirated V12 Ferrari.</p> <p>The wheel set includes a central cover available in <strong>black, red, or silver</strong>, allowing subtle customization while maintaining a clean, race-inspired aesthetic.</p> <h4>Compatibility</h4> <p>Ferrari 812 <strong>Superfast</strong><br>Ferrari 812 <strong>GTS</strong></p> <h4>Key Features</h4> <ul> <li> <p>Forged aluminium wheel set NF11</p> </li> <li> <p>Central Lock LOOK design</p> </li> <li> <p>Includes central cover in black, red, or silver</p> </li> <li> <p>Lightweight forged construction</p> </li> <li> <p>Developed specifically for Ferrari 812 Superfast &amp; GTS</p> </li> <li> <p>Precision fitment for front and rear axles</p> </li> <li> <p>Enhanced handling, stability, and dynamic performance</p> </li> <li> <p>Available with or without tyres</p> </li> </ul> <h4>Wheel Specifications</h4> <p><strong>Front Axle</strong></p> <p>10.0J x 21""</p> <p><strong>Rear Axle</strong></p> <p>12.5J x 22""</p> <h4>Tyre Options</h4> <p><strong>With Tyres</strong></p> <ul> <li> <p>Front: 275/30 R21</p> </li> <li> <p>Rear: 335/25 R22</p> </li> </ul> <p><strong>Without Tyres</strong></p> <ul> <li> <p>Wheels supplied without tyres</p> </li> </ul> <h4>Technical Details</h4> <ul> <li> <p>Manufacturer: NOVITEC</p> </li> <li> <p>Wheel Type: Forged Aluminium</p> </li> <li> <p>Model: NF11</p> </li> <li> <p>Design: Central Lock LOOK</p> </li> <li> <p>Center",Novitec,Wheels,"brand_novitec, car_ferrari, category_wheels, condition_new, install_available, model_812_gts, model_812_superfast, pricing_buy_now",TRUE,Variant,With Tyres,F4 812 22,0,shopify,6,deny,manual,69900.00,TRUE,TRUE,https://cdn.shopify.com/s/files/1/0701/4472/0949/files/Screenshot2026-01-22at20.22.02.png,1,NF11 Forged Aluminium Wheel Set with Central Lock - Ferrari 812 Superfast & GTS - F4 812 22/ 20/21 - Novitec,FALSE,active
novitec-ferrari-812-f4-812-22,,,,,,,,Without Tyres,F4 812 20/21,0,shopify,5,deny,manual,59900.00,TRUE,TRUE,,,,,
novitec-ferrari-812-f4-812-22,,,,,,,,,,,,,,,,,,https://cdn.shopify.com/s/files/1/0701/4472/0949/files/Screenshot_2026-02-15_at_11.55.46.png,2,NF11 Forged Aluminium Wheel Set with Central Lock - Ferrari 812 Superfast & GTS - F4 812 22/ 20/21 - Novitec,,
novitec-ferrari-812-f4-812-62,NF10 Forged Aluminium Wheel Set with Central Lock - Ferrari 812 Superfast & GTS - F4 812 62/ 60/61 - Novitec,"<h4>Description</h4> <p>The <strong>NOVITEC NF10 Forged Aluminium Wheel Set – Central Lock LOOK</strong> for the <strong>Ferrari 812 Superfast and 812 GTS</strong> combines ultra-lightweight forged construction with an authentic motorsport-inspired center-lock design. Developed specifically for the 812 platform, the NF10 enhances steering precision, high-speed stability, and overall driving dynamics while delivering a bold and race-inspired appearance.</p> <p>The set includes a central cover available in <strong>black, red, or silver</strong>, allowing subtle customization while maintaining a clean and aggressive performance aesthetic.</p> <h4>Compatibility</h4> <p>Ferrari 812 <strong>Superfast</strong><br>Ferrari 812 <strong>GTS</strong></p> <h4>Key Features</h4> <ul> <li> <p>Forged aluminium wheel set NF10</p> </li> <li> <p>Central Lock LOOK design</p> </li> <li> <p>Includes central cover in black, red, or silver</p> </li> <li> <p>Lightweight forged construction</p> </li> <li> <p>Developed specifically for Ferrari 812 Superfast &amp; GTS</p> </li> <li> <p>Precision fitment for front and rear axles</p> </li> <li> <p>Enhanced handling, stability, and performance presence</p> </li> <li> <p>Available with or without tyres</p> </li> </ul> <h4>Wheel Specifications</h4> <p><strong>Front Axle</strong></p> <p>10.0J x 21""</p> <p><strong>Rear Axle</strong></p> <p>12.5J x 22""</p> <h4>Tyre Options</h4> <p><strong>With Tyres</strong></p> <ul> <li> <p>Front: 275/30 R21</p> </li> <li> <p>Rear: 335/25 R22</p> </li> </ul> <p><strong>Without Tyres</strong></p> <ul> <li> <p>Wheels supplied without tyres</p> </li> </ul> <h4>Technical Details</h4> <ul> <li> <p>Manufacturer: NOVITEC</p> </li> <li> <p>Wheel Type: Forged Aluminium</p> </li> <li> <p>Model: NF10</p> </li> <li> <p>Design: Central Lock LOOK</p> </li> <li> <p>Center Cover Colors: Black, Red",Novitec,Wheels,"brand_novitec, car_ferrari, category_wheels, condition_new, install_available, model_812_gts, model_812_superfast, pricing_buy_now",TRUE,Variant,With Tyres,F4 812 62,0,shopify,6,deny,manual,69900.00,TRUE,TRUE,https://cdn.shopify.com/s/files/1/0701/4472/0949/files/Screenshot2026-01-22at20.21.42.png,1,NF10 Forged Aluminium Wheel Set with Central Lock - Ferrari 812 Superfast & GTS - F4 812 62/ 60/61 - Novitec,FALSE,active
novitec-ferrari-812-f4-812-62,,,,,,,,Without Tyres,F4 812 60/61,0,shopify,4,deny,manual,59900.00,TRUE,TRUE,,,,,
novitec-ferrari-812-f4-812-62,,,,,,,,,,,,,,,,,,https://cdn.shopify.com/s/files/1/0701/4472/0949/files/Screenshot2026-01-22at19.02.37.png,2,NF10 Forged Aluminium Wheel Set with Central Lock - Ferrari 812 Superfast & GTS - F4 812 62/ 60/61 - Novitec,,
novitec-ferrari-812-f4-812-62,,,,,,,,,,,,,,,,,,https://cdn.shopify.com/s/files/1/0701/4472/0949/files/Screenshot_2026-02-15_at_11.42.44.png,3,NF10 Forged Aluminium Wheel Set with Central Lock - Ferrari 812 Superfast & GTS - F4 812 62/ 60/61 - Novitec,,
novitec-ferrari-812-f4-812-70,NF9 Forged Aluminium Wheel Set - Ferrari 812 Superfast & GTS - F4 812 70/ 00/01 - Novitec,"<h4>Description</h4> <p>The <strong>NOVITEC NF9 Forged Aluminium Wheel Set</strong> for the <strong>Ferrari 812 Superfast and 812 GTS </strong>combines lightweight forged construction with a dynamic, motorsport-inspired design. Developed specifically for the 812 platform, the NF9 wheels enhance steering precision, cornering stability, and high-speed performance while maintaining the refined yet aggressive character of the naturally aspirated V12.</p> <p>Manufactured using advanced forging technology, the wheels reduce unsprung mass and optimize overall driving dynamics without compromising strength or durability.</p> <h4>Compatibility</h4> <p>Ferrari 812 <strong>Superfast</strong><br>Ferrari 812 <strong>GTS</strong></p> <h4>Key Features</h4> <ul> <li> <p>Forged aluminium wheel set NF9</p> </li> <li> <p>Lightweight forged construction</p> </li> <li> <p>Developed specifically for Ferrari 812 Superfast &amp; GTS</p> </li> <li> <p>Precision fitment for front and rear axles</p> </li> <li> <p>Improved handling, agility, and stability</p> </li> <li> <p>Available with or without tyres</p> </li> </ul> <h4><br></h4> <h4>Wheel Specifications</h4> <p><strong>Front Axle</strong></p> <p>10.0J x 21""</p> <p><strong>Rear Axle</strong></p> <p>12.5J x 22""</p> <h4><br></h4> <h4>Tyre Options</h4> <p><strong>With Tyres</strong></p> <ul> <li> <p>Front: 275/30 R21</p> </li> <li> <p>Rear: 335/25 R22</p> </li> </ul> <p><strong>Without Tyres</strong></p> <ul> <li> <p>Wheels supplied without tyres</p> </li> </ul> <h4><br></h4> <h4>Technical Details</h4> <ul> <li> <p>Manufacturer: NOVITEC</p> </li> <li> <p>Wheel Type: Forged Aluminium</p> </li> <li> <p>Model: NF9</p> </li> <li> <p>Quantity: Complete wheel set (front and rear)</p> </li> </ul> <h4><br></h4> <h4>Installation</h4> <p>Professional installation and wheel alignment are strongly recommended.</p> <h4><br></h4> <h4>Part Numbers</h4> <p><strong>With Tyres</strong></p> <ul da",Novitec,Wheels,"brand_novitec, car_ferrari, category_wheels, condition_new, install_available, model_812_gts, model_812_superfast, pricing_buy_now",TRUE,Variant,With Tyres,F4 812 70,0,shopify,1,deny,manual,69900.00,TRUE,TRUE,https://cdn.shopify.com/s/files/1/0701/4472/0949/files/Screenshot2026-01-22at20.21.13.png,1,NF9 Forged Aluminium Wheel Set - Ferrari 812 Superfast & GTS - F4 812 70/ 00/01 - Novitec,FALSE,active
novitec-ferrari-812-f4-812-70,,,,,,,,Without Tyres,F4 812 00/01,0,shopify,3,deny,manual,59900.00,TRUE,TRUE,,,,,
novitec-ferrari-812-f4-812-70,,,,,,,,,,,,,,,,,,https://cdn.shopify.com/s/files/1/0701/4472/0949/files/Screenshot2026-01-22at18.56.24.png,2,NF9 Forged Aluminium Wheel Set - Ferrari 812 Superfast & GTS - F4 812 70/ 00/01 - Novitec,,
novitec-ferrari-812-f4-812-70,,,,,,,,,,,,,,,,,,https://cdn.shopify.com/s/files/1/0701/4472/0949/files/Screenshot_2026-02-14_at_15.47.43.png,3,NF9 Forged Aluminium Wheel Set - Ferrari 812 Superfast & GTS - F4 812 70/ 00/01 - Novitec,,
novitec-ferrari-812-f4-812-80,NF8 Forged Aluminium Wheel Set - Ferrari 812 Superfast & GTS - F4 812 80/ 10/12 - Novitec,"<h4>Description</h4> <p>The <strong>NOVITEC NF8 Forged Aluminium Wheel Set</strong> for the <strong>Ferrari 812 Superfast and 812 GTS </strong>combines ultra-lightweight forged construction with a bold and performance-oriented design. Developed specifically for the 812 platform, the NF8 wheels enhance steering precision, high-speed stability, and overall driving dynamics while maintaining the aggressive character of the naturally aspirated V12.</p> <p>Engineered using advanced forging technology, the wheels reduce unsprung mass and improve handling performance without compromising strength or durability.</p> <h4>Compatibility</h4> <p>Ferrari 812 <strong>Superfast (Coupé)</strong><br>Ferrari 812 <strong>GTS (Spider)</strong></p> <h4>Key Features</h4> <ul> <li> <p>Forged aluminium wheel set NF8</p> </li> <li> <p>Lightweight forged construction</p> </li> <li> <p>Developed specifically for Ferrari 812 Superfast &amp; GTS</p> </li> <li> <p>Precision fitment for front and rear axles</p> </li> <li> <p>Enhanced handling and high-speed stability</p> </li> <li> <p>Available with or without tyres</p> </li> </ul> <h4>Wheel Specifications</h4> <p><strong>Front Axle</strong></p> <p>10.0J x 21""</p> <p><strong>Rear Axle</strong></p> <p>12.5J x 22""</p> <h4>Tyre Options</h4> <p><strong>With Tyres</strong></p> <ul> <li> <p>Front: 275/30 R21</p> </li> <li> <p>Rear: 335/25 R22</p> </li> </ul> <p><strong>Without Tyres</strong></p> <ul> <li> <p>Wheels supplied without tyres</p> </li> </ul> <h4>Technical Details</h4> <ul> <li> <p>Manufacturer: NOVITEC</p> </li> <li> <p>Wheel Type: Forged Aluminium</p> </li> <li> <p>Model: NF8</p> </li> <li> <p>Quantity: Complete wheel set (front and rear)</p> </li> </ul> <h4>Installation</h4> <p>Professional installation and wheel alignment are strongly recommended.</p> <h4>Part Numbers</h4> <p><strong>With Tyres</strong></p> <ul data-en",Novitec,Wheels,"brand_novitec, car_ferrari, category_wheels, condition_new, install_available, model_812_gts, model_812_superfast, pricing_buy_now",TRUE,Variant,With Tyres,F4 812 80,0,shopify,4,deny,manual,69900.00,TRUE,TRUE,https://cdn.shopify.com/s/files/1/0701/4472/0949/files/Screenshot2026-01-22at20.20.55.png,1,NF8 Forged Aluminium Wheel Set - Ferrari 812 Superfast & GTS - F4 812 80/ 10/12 - Novitec,FALSE,active
novitec-ferrari-812-f4-812-80,,,,,,,,Without Tyres,F4 812 10/12,0,shopify,4,deny,manual,59900.00,TRUE,TRUE,,,,,
novitec-ferrari-812-f4-812-80,,,,,,,,,,,,,,,,,,https://cdn.shopify.com/s/files/1/0701/4472/0949/files/Screenshot_2026-01-22_at_18.56.48.png,2,NF8 Forged Aluminium Wheel Set - Ferrari 812 Superfast & GTS - F4 812 80/ 10/12 - Novitec,,
novitec-ferrari-812-f4-812-80,,,,,,,,,,,,,,,,,,https://cdn.shopify.com/s/files/1/0701/4472/0949/files/Screenshot_2026-02-26_at_17.09.21.png,3,NF8 Forged Aluminium Wheel Set - Ferrari 812 Superfast & GTS - F4 812 80/ 10/12 - Novitec,,
novitec-ferrari-812-f5-812-15,Titanium Wheel Bolts Set (10 pcs) - Ferrari 812 Superfast & GTS - F5 812 15 - Novitec,"<h4>Description</h4> <p>The <strong>NOVITEC Titanium Wheel Bolts Set (10 Pieces)</strong> for the <strong>Ferrari 812 Superfast and 812 GTS </strong>is engineered for maximum strength and weight reduction. Manufactured from high-grade titanium, these wheel bolts offer superior durability while reducing unsprung mass for enhanced performance.</p> <p>Featuring an inner octagonal head design, the bolts are specifically developed for use with NOVITEC 10 mm and 15 mm wheel spacers, ensuring precise fitment and secure installation.</p> <h4>Compatibility</h4> <p>Ferrari 812 <strong>Superfast</strong><br>Ferrari 812 <strong>GTS</strong></p> <p>Designed for use with <strong>NOVITEC spacers 10 mm and 15 mm</strong></p> <h4>Key Features</h4> <ul> <li> <p>Titanium wheel bolts set (10 pieces)</p> </li> <li> <p>High-grade titanium construction</p> </li> <li> <p>Reduced weight compared to standard steel bolts</p> </li> <li> <p>Inner octagonal head design</p> </li> <li> <p>Developed specifically for NOVITEC spacers</p> </li> <li> <p>Precision-engineered for secure fitment</p> </li> </ul> <h4>Technical Details</h4> <ul> <li> <p>Manufacturer: NOVITEC</p> </li> <li> <p>Product Type: Wheel Bolts</p> </li> <li> <p>Material: Titanium</p> </li> <li> <p>Head Type: Inner octagonal</p> </li> <li> <p>Quantity: Set of 10 pieces</p> </li> <li> <p>Application: For NOVITEC spacers 10 mm &amp; 15 mm</p> </li> </ul> <h4>Installation</h4> <p>Professional installation is strongly recommended.<br>Correct torque specifications must be observed.</p> <h4>Part Number</h4> <ul> <li> <p>F5 812 15</p> </li> </ul> <h4>Special Order</h4> <p>Lead time approximately <strong>4–6 weeks</strong></p>",Novitec,Suspension,"brand_novitec, car_ferrari, category_suspension, condition_new, install_available, model_812_gts, model_812_superfast, pricing_buy_now",TRUE,Title,Default Title,F5 812 15,0,shopify,3,deny,manual,3900.00,TRUE,TRUE,https://cdn.shopify.com/s/files/1/0701/4472/0949/files/Screenshot2026-01-22at18.58.13.png,1,Titanium Wheel Bolts Set (10 pcs) - Ferrari 812 Superfast & GTS - F5 812 15 - Novitec,FALSE,active
novitec-ferrari-812-f5-812-10,Aluminium Wheel Spacers - Ferrari 812 Superfast & GTS - F5 812 10/ 11/ 12 - Novitec,"<h4>Description</h4> <p>The <strong>NOVITEC Aluminium Wheel Spacers</strong> for the <strong>Ferrari 812 Superfast and 812 GTS </strong>are engineered to enhance stance, stability, and visual presence. Manufactured from high-strength aluminium and corrosion-protected through anodizing, these spacers ensure durability, precision fitment, and long-term reliability under demanding driving conditions.</p> <p>By widening the track width, the spacers improve handling stability and give the 812 a more aggressive and planted appearance while maintaining OEM-level integration.</p> <h4>Compatibility</h4> <p>Ferrari 812 <strong>Superfast</strong><br>Ferrari 812 <strong>GTS</strong></p> <h4>Key Features</h4> <ul> <li> <p>Aluminium wheel spacers (set of 2)</p> </li> <li> <p>High-strength aluminium construction</p> </li> <li> <p>Corrosion-protected through anodized finish</p> </li> <li> <p>Enlarged track width for improved stance and stability</p> </li> <li> <p>Precision-engineered for OEM-level fitment</p> </li> <li> <p>Includes mounting material</p> </li> <li> <p>Available in 10 mm, 15 mm, and 20 mm versions</p> </li> </ul> <h4>Available Versions</h4> <p><strong>Spacer 10 mm</strong></p> <ul> <li> <p>Enlarged track width by 20 mm per axle</p> </li> <li> <p>Includes chromed bolts</p> </li> <li> <p>Set of 2 pieces including mounting material</p> </li> </ul> <p><strong>Spacer 15 mm</strong></p> <ul> <li> <p>Enlarged track width by 30 mm per axle</p> </li> <li> <p>Includes chromed bolts</p> </li> <li> <p>Set of 2 pieces including mounting material</p> </li> </ul> <p><strong>Spacer 20 mm</strong></p> <ul> <li> <p>Enlarged track width by 40 mm per axle</p> </li> <li> <p>Set of 2 pieces including mounting material</p> </li> </ul> <h4>Technical Details</h4> <ul> <li> <p>Manufacturer: NOVITEC</p> </li> <li> <p>Product Type: Wheel Spacers</p> </li> <li> <p>Material: High-strength aluminium</p> </li>",Novitec,Suspension,"brand_novitec, car_ferrari, category_suspension, condition_new, install_available, model_812_gts, model_812_superfast, pricing_buy_now",TRUE,Variant,Spacer 10mm,F5 812 10,0,shopify,2,deny,manual,1900.00,TRUE,TRUE,https://cdn.shopify.com/s/files/1/0701/4472/0949/files/Screenshot2026-01-22at18.57.49.png,1,Aluminium Wheel Spacers - Ferrari 812 Superfast & GTS - F5 812 10/ 11/ 12 - Novitec,FALSE,active
novitec-ferrari-812-f5-812-10,,,,,,,,Spacer 15mm,F5 812 11,0,shopify,1,deny,manual,2100.00,TRUE,TRUE,,,,,
novitec-ferrari-812-f5-812-10,,,,,,,,Spacer 20mm,F5 812 12,0,shopify,1,deny,manual,2300.00,TRUE,TRUE,,,,,
novitec-ferrari-812-f5-812-33,KW Variant 5 Coilover Suspension - Ferrari 812 Superfast & GTS - F5 812 33/ 39 - Novitec,"<h4>Description</h4> <p>The <strong>KW Variant 5 Coilover Suspension</strong> for the <strong>Ferrari 812 Superfast and 812 GTS</strong> delivers maximum performance adjustability for demanding drivers. Engineered for precision handling and track-focused performance, the system features fully adjustable 4-way dampers, allowing independent tuning of low- and high-speed compression as well as low- and high-speed rebound.</p> <p>With <strong>14 precise adjustment clicks (14 characteristic curves)</strong>, the KW Variant 5 suspension allows fine-tuning of vehicle dynamics for both road and track use, while maintaining exceptional stability and control.</p> <p>Available for vehicles with or without factory lift system.</p> <h4>Compatibility</h4> <p>Ferrari 812 <strong>Superfast (Coupé)</strong><br>Ferrari 812 <strong>GTS (Spider)</strong></p> <p>Available for:</p> <ul> <li> <p>Vehicles <strong>without factory lift system</strong></p> </li> <li> <p>Vehicles <strong>with factory lift system</strong></p> </li> </ul> <h4>Key Features</h4> <ul> <li> <p>KW Variant 5 coilover suspension system</p> </li> <li> <p>4-way adjustable dampers</p> </li> <li> <p>Low-speed compression adjustable</p> </li> <li> <p>High-speed compression adjustable</p> </li> <li> <p>Low-speed rebound adjustable</p> </li> <li> <p>High-speed rebound adjustable</p> </li> <li> <p>14 precise adjustment clicks (14 characteristic curves)</p> </li> <li> <p>Developed specifically for Ferrari 812 Superfast &amp; GTS</p> </li> <li> <p>Precision-engineered for maximum performance handling</p> </li> </ul> <h4>Technical Details</h4> <ul> <li> <p>Manufacturer: KW Automotive</p> </li> <li> <p>Product Type: Coilover Suspension System</p> </li> <li> <p>Variant: KW Variant 5</p> </li> <li> <p>Adjustment: 4-way adjustable dampers</p> </li> <li> <p>Characteristic Curves: 14 defined adjustment clicks</p> </li> <li> <p>Application: Road and track performance</p> </li> </ul> <h4>Installation</h4> <p dat",Novitec,Suspension,"brand_novitec, car_ferrari, category_suspension, condition_new, install_available, model_812_gts, model_812_superfast, pricing_buy_now",TRUE,Variant,Without factory lifter,F5 812 33,0,shopify,4,deny,manual,48900.00,TRUE,TRUE,https://cdn.shopify.com/s/files/1/0701/4472/0949/files/Screenshot2026-01-22at20.20.33.png,1,KW Variant 5 Coilover Suspension - Ferrari 812 Superfast & GTS - F5 812 33/ 39 - Novitec,FALSE,active
novitec-ferrari-812-f5-812-33,,,,,,,,With factory lifter,F5 812 39,0,shopify,5,deny,manual,51900.00,TRUE,TRUE,,,,,
novitec-ferrari-812-f5-812-03,Sport Spring Set - Ferrari 812 Superfast & GTS - F5 812 03 - Novitec,"<h4>Description</h4> <p>The <strong>NOVITEC Sport Spring Set</strong> for the <strong>Ferrari 812 Superfast and 812 GTS</strong> enhances handling dynamics while delivering a lower and more aggressive stance. Designed to operate in combination with the original factory suspension, the spring set lowers the vehicle to improve center of gravity, stability, and overall driving precision.</p> <p>The system is also compatible with vehicles equipped with the factory lift system, ensuring full functionality is retained while benefiting from a sportier setup.</p> <h4>Compatibility</h4> <p>Ferrari 812 <strong>Superfast</strong><br>Ferrari 812 <strong>GTS</strong></p> <p>Compatible with original factory suspension<br>Also suitable for vehicles equipped with factory lift system</p> <h4>Key Features</h4> <ul> <li> <p>Sport spring set for suspension lowering</p> </li> <li> <p>Designed for use with original factory suspension</p> </li> <li> <p>Compatible with factory lift-system</p> </li> <li> <p>Lowered ride height for enhanced stance</p> </li> <li> <p>Improved handling stability and reduced body roll</p> </li> <li> <p>Developed specifically for Ferrari 812 Superfast &amp; GTS</p> </li> <li> <p>Precision-engineered for OEM-level integration</p> </li> </ul> <h4>Technical Details</h4> <ul> <li> <p>Manufacturer: NOVITEC</p> </li> <li> <p>Product Type: Sport Spring Set</p> </li> <li> <p>Application: Lowering springs</p> </li> <li> <p>Suspension Compatibility: Original factory suspension (including factory lift-system)</p> </li> </ul> <h4>Installation</h4> <p>Professional installation and wheel alignment are strongly recommended.</p> <h4>Part Number</h4> <ul> <li> <p>F5 812 03</p> </li> </ul> <h4>Special Order</h4> <p>Lead time approximately <strong>4–6 weeks</strong></p>",Novitec,Suspension,"brand_novitec, car_ferrari, category_suspension, condition_new, install_available, model_812_gts, model_812_superfast, pricing_buy_now",TRUE,Title,Default Title,F5 812 03,0,shopify,3,deny,manual,5900.00,TRUE,TRUE,https://cdn.shopify.com/s/files/1/0701/4472/0949/files/Screenshot2026-01-22at18.57.26.png,1,Sport Spring Set - Ferrari 812 Superfast & GTS - F5 812 03 - Novitec,FALSE,active
novitec-ferrari-812-f5-812-03,,,,,,,,,,,,,,,,,,https://cdn.shopify.com/s/files/1/0701/4472/0949/files/Screenshot2026-01-22at19.02.16.png,2,Sport Spring Set - Ferrari 812 Superfast & GTS - F5 812 03 - Novitec,,
novitec-switchtronic-812,SWITCHTRONIC Module - Ferrari 812 Superfast & GTS - F1 812 90 - Novitec,"<h4>Description</h4> <p>The <strong>NOVITEC SWITCHTRONIC Module</strong> for the <strong>Ferrari 812 Superfast and 812 GTS</strong> enables active control of the exhaust flap system directly from the cockpit. Designed for use with exhaust systems equipped with flap regulation, SWITCHTRONIC allows the driver to open or close the exhaust valves via radio remote control.</p> <p>This system provides full control over the exhaust sound characteristics — from refined cruising comfort to a fully opened, aggressive V12 sound on demand.</p> <h4>Compatibility</h4> <p>Ferrari 812 <strong>Superfast</strong><br>Ferrari 812 <strong>GTS</strong></p> <p>For use with <strong>exhaust systems equipped with flap regulation</strong></p> <h4>Key Features</h4> <ul> <li> <p>Enables manual control of exhaust flaps</p> </li> <li> <p>Operation via radio remote control</p> </li> <li> <p>Allows valves to be opened or closed on demand</p> </li> <li> <p>Adjustable exhaust sound characteristics</p> </li> <li> <p>Seamless integration with factory exhaust system</p> </li> <li> <p>Developed specifically for Ferrari 812 Superfast &amp; GTS</p> </li> </ul> <h4>Technical Details</h4> <ul> <li> <p>Manufacturer: NOVITEC</p> </li> <li> <p>Product Type: Electronic Flap Control Module</p> </li> <li> <p>Application: Exhaust flap regulation</p> </li> <li> <p>Control Method: Radio remote</p> </li> </ul> <h4>Installation</h4> <p>Professional installation is strongly recommended.</p> <h4>Part Number</h4> <ul> <li> <p>F1 812 90</p> </li> </ul> <h4>Special Order</h4> <p>Lead time approximately <strong>4–6 weeks</strong></p>",Novitec,Exhaust,"brand_novitec, car_ferrari, category_exhaust, condition_new, install_available, model_812_gts, model_812_superfast, pricing_buy_now",TRUE,Title,Default Title,F1 812 90,0,shopify,4,deny,manual,3900.00,TRUE,TRUE,https://cdn.shopify.com/s/files/1/0701/4472/0949/files/Screenshot_2026-02-14_at_14.30.40.png,1,SWITCHTRONIC Module - Ferrari 812 Superfast & GTS - F1 812 90 - Novitec,FALSE,active
novitec-tectronic-812,TECTRONIC Module - Ferrari 812 Superfast & GTS - F1 812 80 - Novitec,"<h4>Description</h4> <p>The <strong>NOVITEC TECTRONIC Module</strong> for the <strong>Ferrari 812 Superfast and 812 GTS</strong> is engineered to ensure proper engine management when upgrading the exhaust system with NOVITEC sport metal catalysts or NOVITEC catalyst-replacement pipes. The module prevents exhaust-related error indications and maintains seamless communication with the vehicle’s factory electronics.</p> <p>Developed specifically for the naturally aspirated 6.5-liter V12 platform, TECTRONIC preserves OEM-level drivability while supporting enhanced exhaust performance.</p> <h4>Compatibility</h4> <p>Ferrari 812 <strong>Superfast</strong><br>Ferrari 812 <strong>GTS</strong></p> <p>For use with:</p> <ul> <li> <p><strong>NOVITEC Sport Metal Catalysts</strong></p> </li> <li> <p><strong>NOVITEC Catalyst-Replacement Pipes</strong></p> </li> </ul> <h4>Key Features</h4> <ul> <li> <p>Prevents exhaust system error indications</p> </li> <li> <p>Required when installing sport metal catalysts or cat-replacement pipes</p> </li> <li> <p>Seamless integration with factory engine management</p> </li> <li> <p>Maintains OEM-level drivability and performance</p> </li> <li> <p>Developed specifically for Ferrari 812 Superfast &amp; GTS</p> </li> </ul> <h4>Technical Details</h4> <ul> <li> <p>Manufacturer: NOVITEC</p> </li> <li> <p>Product Type: Electronic Control Module</p> </li> <li> <p>Application: Exhaust error prevention</p> </li> <li> <p>Designed for use with NOVITEC catalyst upgrades</p> </li> </ul> <h4><br></h4> <h4>Installation</h4> <p>Professional installation is strongly recommended.<br>To be installed in combination with NOVITEC catalyst upgrades.</p> <h4>Part Number</h4> <ul> <li> <p>F1 812 80</p> </li> </ul> <h4>Special Order</h4> <p>Lead time approximately <strong>4–6 weeks</strong></p>",Novitec,Exhaust,"brand_novitec, car_ferrari, category_exhaust, condition_new, install_available, model_812_gts, model_812_superfast, pricing_buy_now",TRUE,Title,Default Title,F1 812 80,0,shopify,2,deny,manual,4900.00,TRUE,TRUE,https://cdn.shopify.com/s/files/1/0701/4472/0949/files/tempImageSC1Wyu.jpg,1,TECTRONIC Module - Ferrari 812 Superfast & GTS - F1 812 80 - Novitec,FALSE,active
novitec-sport-cats-opf-heat-812,Sport Metal Catalysts (Set of 2) with OPF - Ferrari 812 Superfast & GTS - F1 812 33/ 76 - Novitec,"<h4>Description</h4> <p>The <strong>NOVITEC Sport Metal Catalysts (Set)</strong> for the <strong>Ferrari 812 Superfast and 812 GTS</strong> are engineered to enhance exhaust performance while maintaining compatibility with vehicles equipped <strong>with OPF (Otto Particulate Filter)</strong>. These high-performance sport catalysts reduce exhaust backpressure, improve throttle response, and deliver a sharper and more emotional V12 sound.</p> <p>Designed for use with both NOVITEC and original factory exhaust systems, all versions are covered with high-temperature heat protection to ensure durability under extreme thermal conditions.</p> <h4>Compatibility</h4> <p>Ferrari 812 <strong>Superfast</strong><br>Ferrari 812 <strong>GTS</strong></p> <p>For vehicles <strong>with OPF (Otto Particulate Filter)</strong><br>Compatible with <strong>NOVITEC exhaust systems</strong> and <strong>original factory exhaust systems</strong></p> <h4>Key Features</h4> <ul> <li> <p>Sport metal catalysts (set)</p> </li> <li> <p>Designed for vehicles equipped with OPF</p> </li> <li> <p>Reduced exhaust backpressure</p> </li> <li> <p>Improved throttle response and performance</p> </li> <li> <p>Enhanced and more aggressive V12 sound</p> </li> <li> <p>Covered with high-temperature heat protection</p> </li> <li> <p>Developed specifically for Ferrari 812 Superfast &amp; GTS</p> </li> <li> <p>Direct replacement installation</p> </li> </ul> <h4>Available Versions</h4> <p><strong>Heat-Protected</strong></p> <ul> <li> <p>Covered with high-temperature heat protection</p> </li> <li> <p>Optimized durability and performance</p> </li> </ul> <p><strong>Gold-Plated (999 Fine Gold)</strong></p> <ul> <li> <p>Covered with high-temperature heat protection</p> </li> <li> <p>Gold-plated with 999 fine gold</p> </li> <li> <p>Maximum thermal efficiency</p> </li> <li> <p>Reduced heat radiation</p> </li> <li> <p>Exclusive motorsport appearance</p> </li> </ul> <h4>Technical Details</h4> <ul> <li",Novitec,Exhaust,"brand_novitec, car_ferrari, category_exhaust, condition_new, install_available, model_812_gts, model_812_superfast, pricing_buy_now",TRUE,Variant,Stainless steel,F1 812 33,0,shopify,1,deny,manual,30900.00,TRUE,TRUE,https://cdn.shopify.com/s/files/1/0701/4472/0949/files/Screenshot2026-01-22at18.55.42_61a2f963-f4da-471c-b852-173aebae11a3.png,1,Sport Metal Catalysts (Set of 2) with OPF - Ferrari 812 Superfast & GTS - F1 812 33/ 76 - Novitec,FALSE,active
novitec-sport-cats-opf-heat-812,,,,,,,,Gold Plated 999,F1 812 76,0,shopify,2,deny,manual,41900.00,TRUE,TRUE,,,,,
novitec-sport-cats-opf-heat-812,,,,,,,,,,,,,,,,,,https://cdn.shopify.com/s/files/1/0701/4472/0949/files/Screenshot2026-01-22at20.20.11_36368b44-9905-4227-a9d7-1d8aad9281f2.png,2,Sport Metal Catalysts (Set of 2) with OPF - Ferrari 812 Superfast & GTS - F1 812 33/ 76 - Novitec,,
novitec-sport-cats-no-opf-heat-812,Sport Metal Catalysts (Set of 2) without OPF - Ferrari 812 Superfast & GTS - F1 812 25/ 75 - Novitec,"<h4>Description</h4> <p>The <strong>NOVITEC Sport Metal Catalysts (Set of 2)</strong> for the <strong>Ferrari 812 Superfast and 812 GTS </strong>are engineered to maximize exhaust efficiency and enhance overall engine performance. Designed specifically for vehicles <strong>without OPF (Otto Particulate Filter)</strong>, these high-performance sport catalysts reduce exhaust backpressure while intensifying the unmistakable V12 sound.</p> <p>Compatible with both NOVITEC and original factory exhaust systems, all versions are covered with high-temperature heat protection to ensure durability and thermal stability under extreme driving conditions.</p> <h4>Compatibility</h4> <p>Ferrari 812 <strong>Superfast</strong><br>Ferrari 812 <strong>GTS</strong></p> <p>For vehicles <strong>without OPF (Otto Particulate Filter)</strong><br>Compatible with <strong>NOVITEC exhaust systems</strong> and <strong>original factory exhaust systems</strong></p> <h4>Key Features</h4> <ul> <li> <p>Sport metal catalysts (set)</p> </li> <li> <p>Designed for vehicles without OPF</p> </li> <li> <p>Reduced exhaust backpressure</p> </li> <li> <p>Improved throttle response and engine performance</p> </li> <li> <p>Enhanced and more aggressive V12 sound</p> </li> <li> <p>Covered with high-temperature heat protection</p> </li> <li> <p>Developed specifically for Ferrari 812 Superfast &amp; GTS</p> </li> <li> <p>Direct replacement installation</p> </li> </ul> <h4>Available Versions</h4> <p><strong>Heat-Protected</strong></p> <ul> <li> <p>Covered with high-temperature heat protection</p> </li> <li> <p>Optimized durability and performance</p> </li> </ul> <p><strong>Gold-Plated (999 Fine Gold)</strong></p> <ul> <li> <p>Covered with high-temperature heat protection</p> </li> <li> <p>Gold-plated with 999 fine gold</p> </li> <li> <p>Maximum thermal efficiency</p> </li> <li> <p>Reduced heat radiation</p> </li> <li> <p>Exclusive motorsport appearance</p> </li> </ul> <h4>Technical Details</h4> <ul data-s",Novitec,Exhaust,"brand_novitec, car_ferrari, category_exhaust, condition_new, install_available, model_812_gts, model_812_superfast, pricing_buy_now",TRUE,Variant,Stainless steel,F1 812 25,0,shopify,1,deny,manual,28900.00,TRUE,TRUE,https://cdn.shopify.com/s/files/1/0701/4472/0949/files/Screenshot2026-01-22at18.55.42.png,1,Sport Metal Catalysts (Set of 2) without OPF - Ferrari 812 Superfast & GTS - F1 812 25/ 75 - Novitec,FALSE,active
novitec-sport-cats-no-opf-heat-812,,,,,,,,Gold Plated 999,F1 812 75,0,shopify,5,deny,manual,39900.00,TRUE,TRUE,,,,,
novitec-sport-cats-no-opf-heat-812,,,,,,,,,,,,,,,,,,https://cdn.shopify.com/s/files/1/0701/4472/0949/files/Screenshot2026-01-22at20.20.11.png,2,Sport Metal Catalysts (Set of 2) without OPF - Ferrari 812 Superfast & GTS - F1 812 25/ 75 - Novitec,,
novitec-cat-pipes-opf-heat-812,Catalyst Replacement Pipes (Set of 2) with OPF - Ferrari 812 Superfast & GTS - F1 812 32/ 74 - Novitec,"<h4>Description</h4> <p>The <strong>NOVITEC Catalyst-Replacement Pipes (Set of 2)</strong> for the <strong>Ferrari 812 Superfast and 812 GTS </strong>are engineered to optimize exhaust flow and intensify the unmistakable V12 sound. Designed specifically for vehicles <strong>equipped with OPF (Otto Particulate Filter)</strong>, these replacement pipes reduce backpressure and enhance throttle response while maintaining proper system integration.</p> <p>Compatible with both NOVITEC and original factory exhaust systems, all versions are covered with high-temperature heat protection to ensure maximum durability under extreme thermal conditions.</p> <h4>Compatibility</h4> <p>Ferrari 812 <strong>Superfast</strong><br>Ferrari 812 <strong>GTS</strong></p> <p>For vehicles <strong>with OPF (Otto Particulate Filter)</strong><br>Compatible with <strong>NOVITEC exhaust systems</strong> and <strong>original factory exhaust systems</strong></p> <h4>Key Features</h4> <ul> <li> <p>Catalyst-replacement pipes (set of 2)</p> </li> <li> <p>Designed for vehicles equipped with OPF</p> </li> <li> <p>Reduced exhaust backpressure</p> </li> <li> <p>Improved throttle response</p> </li> <li> <p>Enhanced and more aggressive V12 sound</p> </li> <li> <p>Covered with high-temperature heat protection</p> </li> <li> <p>Developed specifically for Ferrari 812 Superfast &amp; GTS</p> </li> <li> <p>Direct replacement installation</p> </li> </ul> <h4>Available Versions</h4> <p><strong>Heat-Protected</strong></p> <ul> <li> <p>Covered with high-temperature heat protection</p> </li> <li> <p>Optimized durability and performance</p> </li> </ul> <p><strong>Gold-Plated (999 Fine Gold)</strong></p> <ul> <li> <p>Covered with high-temperature heat protection</p> </li> <li> <p>Gold-plated with 999 fine gold</p> </li> <li> <p>Maximum thermal efficiency</p> </li> <li> <p>Reduced heat radiation</p> </li> <li> <p>Exclusive motorsport appearance</p> </li> </ul> <h4>Technical Details</h4> <ul>",Novitec,Exhaust,"brand_novitec, car_ferrari, category_exhaust, condition_new, install_available, model_812_gts, model_812_superfast, pricing_buy_now",TRUE,Variant,Stainless steel,F1 812 32,0,shopify,5,deny,manual,18900.00,TRUE,TRUE,https://cdn.shopify.com/s/files/1/0701/4472/0949/files/Screenshot_2026-02-26_at_15.01.53.png,1,Catalyst Replacement Pipes (Set of 2) with OPF - Ferrari 812 Superfast & GTS - F1 812 32/ 74 - Novitec,FALSE,active
novitec-cat-pipes-opf-heat-812,,,,,,,,Gold Plated 999,F1 812 74,0,shopify,1,deny,manual,27900.00,TRUE,TRUE,,,,,
novitec-cat-pipes-opf-heat-812,,,,,,,,,,,,,,,,,,https://cdn.shopify.com/s/files/1/0701/4472/0949/files/Screenshot_2026-02-26_at_13.35.26.png,2,Catalyst Replacement Pipes (Set of 2) with OPF - Ferrari 812 Superfast & GTS - F1 812 32/ 74 - Novitec,,
novitec-cat-pipes-no-opf-heat-812,Catalyst Replacement Pipes (Set of 2) without OPF - Ferrari 812 Superfast & GTS - F1 812 24/ 73 - Novitec,"<h4>Description</h4> <p>The <strong>NOVITEC Catalyst-Replacement Pipes (Set of 2)</strong> for the <strong>Ferrari 812 Superfast and 812 GTS </strong>are engineered to optimize exhaust flow and intensify the sound of the naturally aspirated V12 engine. Designed specifically for vehicles <strong>without OPF (Otto Particulate Filter)</strong>, these replacement pipes reduce backpressure and improve throttle response.</p> <p>Compatible with both NOVITEC and original factory exhaust systems, all versions are covered with high-temperature heat protection to ensure durability and thermal stability under extreme driving conditions.</p> <h4>Compatibility</h4> <p>Ferrari 812 <strong>Superfast</strong><br>Ferrari 812 <strong>GTS</strong></p> <p>For vehicles <strong>without OPF (Otto Particulate Filter)</strong><br>Compatible with <strong>NOVITEC exhaust systems</strong> and <strong>original factory exhaust systems</strong></p> <h4>Key Features</h4> <ul> <li> <p>Catalyst-replacement pipes (set of 2)</p> </li> <li> <p>Designed for vehicles without OPF</p> </li> <li> <p>Reduced exhaust backpressure</p> </li> <li> <p>Improved throttle response</p> </li> <li> <p>More intense and emotional V12 sound</p> </li> <li> <p>Covered with high-temperature heat protection</p> </li> <li> <p>Developed specifically for Ferrari 812 Superfast &amp; GTS</p> </li> <li> <p>Direct replacement installation</p> </li> </ul> <h4>Available Versions</h4> <p><strong>Heat-Protected</strong></p> <ul> <li> <p>Covered with high-temperature heat protection</p> </li> <li> <p>Optimized durability and performance</p> </li> </ul> <p><strong>Gold-Plated (999 Fine Gold)</strong></p> <ul> <li> <p>Covered with high-temperature heat protection</p> </li> <li> <p>Gold-plated with 999 fine gold</p> </li> <li> <p>Maximum thermal efficiency</p> </li> <li> <p>Reduced heat radiation</p> </li> <li> <p>Exclusive motorsport appearance</p> </li> </ul> <h4>Technical Details</h4> <ul> <li d",Novitec,Exhaust,"brand_novitec, car_ferrari, category_exhaust, condition_new, install_available, model_812_gts, model_812_superfast, pricing_buy_now",TRUE,Variant,Stainless steel,F1 812 24,0,shopify,5,deny,manual,16900.00,TRUE,TRUE,https://cdn.shopify.com/s/files/1/0701/4472/0949/files/Screenshot2026-01-22at18.52.58.png,1,Catalyst Replacement Pipes (Set of 2) without OPF - Ferrari 812 Superfast & GTS - F1 812 24/ 73 - Novitec,FALSE,active
novitec-cat-pipes-no-opf-heat-812,,,,,,,,Gold Plated 999,F1 812 73,0,shopify,2,deny,manual,25900.00,TRUE,TRUE,,,,,
novitec-cat-pipes-no-opf-heat-812,,,,,,,,,,,,,,,,,,https://cdn.shopify.com/s/files/1/0701/4472/0949/files/Screenshot_2026-02-26_at_13.34.03.png,2,Catalyst Replacement Pipes (Set of 2) without OPF - Ferrari 812 Superfast & GTS - F1 812 24/ 73 - Novitec,,
novitec-xpipe-heat-protected-812,X-Pipe Exhaust Replacement System - Ferrari 812 Superfast & GTS - F1 812 23/ 72 - Novitec,"<h4>Description</h4> <p>The <strong>NOVITEC X-Pipe Exhaust Replacement System</strong> for the <strong>Ferrari 812 Superfast and 812 GTS </strong>is engineered to optimize exhaust flow and intensify the unmistakable sound of the naturally aspirated V12 engine. By improving gas flow dynamics, the X-Pipe enhances throttle response and delivers a sharper, more aggressive exhaust note.</p> <p>All versions are covered with high-temperature heat protection to ensure durability and thermal stability under extreme performance conditions.</p> <h4>Compatibility</h4> <p>Ferrari 812 <strong>Superfast</strong><br>Ferrari 812 <strong>GTS</strong></p> <p>Compatible with <strong>NOVITEC exhaust systems</strong> and <strong>original factory exhaust</strong></p> <h4>Key Features</h4> <ul> <li> <p>X-Pipe exhaust replacement system</p> </li> <li> <p>Optimized exhaust gas flow</p> </li> <li> <p>Enhanced throttle response</p> </li> <li> <p>More intense and aggressive exhaust sound</p> </li> <li> <p>Covered with high-temperature heat protection</p> </li> <li> <p>Developed specifically for Ferrari 812 Superfast &amp; GTS</p> </li> <li> <p>Direct replacement installation</p> </li> </ul> <h4>Available Versions</h4> <p><strong>Heat-Protected Stainless Steel</strong></p> <ul> <li> <p>High-grade stainless steel construction</p> </li> <li> <p>Covered with high-temperature heat protection</p> </li> <li> <p>Optimized durability and performance</p> </li> </ul> <p><strong>Gold-Plated (999 Fine Gold)</strong></p> <ul> <li> <p>Stainless steel construction</p> </li> <li> <p>Covered with high-temperature heat protection</p> </li> <li> <p>Gold-plated with 999 fine gold</p> </li> <li> <p>Maximum thermal efficiency</p> </li> <li> <p>Reduced heat radiation and exclusive motorsport appearance</p> </li> </ul> <h4>Technical Details</h4> <ul> <li> <p>Manufacturer: NOVITEC</p> </li> <li> <p>Product Type: X-Pipe Exhaust Replacement System</p> </li> <li data-end=""",Novitec,Exhaust,"brand_novitec, car_ferrari, category_exhaust, condition_new, install_available, model_812_gts, model_812_superfast, pricing_buy_now",TRUE,Variant,Stainless steel,F1 812 23,0,shopify,2,deny,manual,12900.00,TRUE,TRUE,https://cdn.shopify.com/s/files/1/0701/4472/0949/files/Screenshot2026-01-22at18.55.20.png,1,X-Pipe Exhaust Replacement System - Ferrari 812 Superfast & GTS - F1 812 23/ 72 - Novitec,FALSE,active
novitec-xpipe-heat-protected-812,,,,,,,,Gold Plated 999,F1 812 72,0,shopify,3,deny,manual,19900.00,TRUE,TRUE,,,,,
novitec-xpipe-heat-protected-812,,,,,,,,,,,,,,,,,,https://cdn.shopify.com/s/files/1/0701/4472/0949/files/Screenshot2026-01-22at20.23.21.png,2,X-Pipe Exhaust Replacement System - Ferrari 812 Superfast & GTS - F1 812 23/ 72 - Novitec,,
novitec-tailpipes-polished-mesh-812,Tailpipes with Mesh Insert (Set of 2) - Ferrari 812 Superfast & GTS - F1 812 22/ BL - Novitec,"<h4>Description</h4> <p>The <strong>NOVITEC Tailpipes with Mesh Insert (Set of 2)</strong> for the <strong>Ferrari 812 Superfast and 812 GTS </strong>enhance the rear design with a refined and performance-oriented finish. Designed for use with both NOVITEC exhaust systems and the original factory exhaust, these tailpipes integrate seamlessly while adding a distinctive motorsport-inspired detail.</p> <p>Featuring a newly designed mesh insert, the system sharpens the rear appearance and complements the aggressive character of the naturally aspirated V12 Ferrari 812.</p> <h4>Compatibility</h4> <p>Ferrari 812 <strong>Superfast</strong><br>Ferrari 812 <strong>GTS</strong></p> <p>Compatible with <strong>NOVITEC exhaust systems</strong> and <strong>original factory exhaust</strong></p> <h4>Key Features</h4> <ul> <li> <p>Tailpipes with integrated mesh insert (set of 2)</p> </li> <li> <p>Designed for NOVITEC and original exhaust systems</p> </li> <li> <p>Enhances rear styling and performance appearance</p> </li> <li> <p>Precision-engineered for perfect fitment</p> </li> <li> <p>Available in polished finish</p> </li> <li> <p>Optional black finish available</p> </li> </ul> <h4>Available Versions</h4> <p><strong>Polished Tailpipes</strong></p> <ul> <li> <p>High-grade stainless steel construction</p> </li> <li> <p>Polished performance finish</p> </li> <li> <p>Integrated mesh insert</p> </li> </ul> <p><strong>Black Tailpipes</strong></p> <ul> <li> <p>Black-coated finish</p> </li> <li> <p>Integrated mesh insert</p> </li> <li> <p>Sportier and more aggressive appearance</p> </li> </ul> <h4>Technical Details</h4> <ul> <li> <p>Manufacturer: NOVITEC</p> </li> <li> <p>Product Type: Tailpipes with Mesh Insert</p> </li> <li> <p>Quantity: Set of 2</p> </li> <li> <p>Material: Stainless Steel</p> </li> <li> <p>Finish: Polished (standard) or Black</p> </li> </ul> <h4>Installa",Novitec,Exhaust,"brand_novitec, car_ferrari, category_exhaust, condition_new, install_available, model_812_gts, model_812_superfast, pricing_buy_now",TRUE,Variant,Polished,F1 812 22,0,shopify,6,deny,manual,12900.00,TRUE,TRUE,https://cdn.shopify.com/s/files/1/0701/4472/0949/files/Screenshot2026-01-22at18.54.14.png,1,Tailpipes with Mesh Insert (Set of 2) - Ferrari 812 Superfast & GTS - F1 812 22/ BL - Novitec,FALSE,active
novitec-tailpipes-polished-mesh-812,,,,,,,,Black,F1 812 BL,0,shopify,2,deny,manual,14900.00,TRUE,TRUE,,,,,
novitec-tailpipes-polished-mesh-812,,,,,,,,,,,,,,,,,,https://cdn.shopify.com/s/files/1/0701/4472/0949/files/Screenshot_2026-02-26_at_12.21.20.png,2,Tailpipes with Mesh Insert (Set of 2) - Ferrari 812 Superfast & GTS - F1 812 22/ BL - Novitec,,
novitec-exhaust-with-flap-stainless-812,Power Optimized Exhaust System with Flap Regulation - Ferrari 812 Superfast & GTS - F1 812 21/ 41/ 71 - Novitec,"<h4>Description</h4> <p>The <strong>NOVITEC Power-Optimized Exhaust System with Flap Regulation</strong> for the <strong>Ferrari 812 Superfast and 812 GTS</strong> is engineered to enhance performance while offering active sound control. Developed specifically for the naturally aspirated 6.5-liter V12 engine, this system optimizes exhaust flow, reduces backpressure, and improves throttle response.</p> <p>The integrated flap regulation system allows dynamic sound adjustment, combining refined cruising comfort with an aggressive motorsport-inspired exhaust note when fully opened.</p> <p>Available in multiple high-performance material configurations, each version offers a unique balance of weight reduction, thermal efficiency, and acoustic character.</p> <h4>Compatibility</h4> <p>Ferrari 812 <strong>Superfast</strong><br>Ferrari 812 <strong>GTS</strong></p> <p>Exhaust system <strong>with integrated flap regulation</strong></p> <h4>Key Features</h4> <ul> <li> <p>Power-optimized exhaust system</p> </li> <li> <p>Integrated flap regulation (valved system)</p> </li> <li> <p>Adjustable exhaust sound characteristics</p> </li> <li> <p>Reduced exhaust backpressure</p> </li> <li> <p>Enhanced throttle response</p> </li> <li> <p>Developed specifically for Ferrari 812 Superfast &amp; GTS</p> </li> <li> <p>Direct replacement using factory mounting points</p> </li> <li> <p>Available in Stainless Steel or INCONEL</p> </li> </ul> <h4>Available Versions</h4> <p><strong>Stainless Steel</strong></p> <ul> <li> <p>High-grade stainless steel construction</p> </li> <li> <p>Optimized durability and sound enhancement</p> </li> </ul> <p><strong>INCONEL</strong></p> <ul> <li> <p>Lightweight high-performance alloy</p> </li> <li> <p>Reduced overall system weight</p> </li> <li> <p>Sharper, motorsport-inspired exhaust note</p> </li> </ul> <p><strong>INCONEL – Gold-Plated (999 Fine Gold)</strong></p> <ul> <li> <p>Lightweight INCONEL construction</p> </li> <li> <p>Covered with high-temperature heat protection</p> </li> <li> <p>Gold-plated with 999 fine gol",Novitec,Exhaust,"brand_novitec, car_ferrari, category_exhaust, condition_new, install_available, model_812_gts, model_812_superfast, pricing_buy_now",TRUE,Variant,Stainless steel,F1 812 21,0,shopify,5,deny,manual,34900.00,TRUE,TRUE,https://cdn.shopify.com/s/files/1/0701/4472/0949/files/Screenshot_2026-02-26_at_12.50.34.png,1,Power Optimized Exhaust System with Flap Regulation - Ferrari 812 Superfast & GTS - F1 812 21/ 41/ 71 - Novitec,FALSE,active
novitec-exhaust-with-flap-stainless-812,,,,,,,,Inconel,F1 812 41,0,shopify,4,deny,manual,45900.00,TRUE,TRUE,,,,,
novitec-exhaust-with-flap-stainless-812,,,,,,,,Inconel Gold 999,F1 812 71,0,shopify,5,deny,manual,59900.00,TRUE,TRUE,,,,,
novitec-exhaust-with-flap-stainless-812,,,,,,,,,,,,,,,,,,https://cdn.shopify.com/s/files/1/0701/4472/0949/files/Screenshot2026-01-22at18.50.09.png,2,Power Optimized Exhaust System with Flap Regulation - Ferrari 812 Superfast & GTS - F1 812 21/ 41/ 71 - Novitec,,
novitec-exhaust-no-flap-stainless-812,Power Optimized Exhaust System without Flap Regulation - Ferrari 812 Superfast & GTS - F1 812 20/ 40/ 70 - Novitec,"<h4>Description</h4> <p>The <strong>NOVITEC Power-Optimized Exhaust System (Without Flap Regulation)</strong> for the <strong>Ferrari 812 Superfast and 812 GTS</strong> is engineered to enhance performance, reduce backpressure, and deliver a sharper, more aggressive V12 sound. Developed specifically for the naturally aspirated 6.5-liter engine, this system optimizes exhaust flow while maintaining precise OEM-level fitment.</p> <p>Available in multiple high-performance material configurations, each version offers a unique balance of durability, weight reduction, thermal efficiency, and acoustic character.</p> <h4>Compatibility</h4> <p>Ferrari 812 <strong>Superfast</strong><br>Ferrari 812 <strong>GTS</strong></p> <p>Exhaust system <strong>without flap regulation</strong></p> <h4>Key Features</h4> <ul> <li> <p>Power-optimized exhaust system</p> </li> <li> <p>Non-valved configuration (without flap regulation)</p> </li> <li> <p>Reduced exhaust backpressure</p> </li> <li> <p>Enhanced throttle response</p> </li> <li> <p>More aggressive and emotional V12 sound</p> </li> <li> <p>Developed specifically for Ferrari 812 Superfast &amp; GTS</p> </li> <li> <p>Direct replacement using factory mounting points</p> </li> <li> <p>Available in Stainless Steel or INCONEL</p> </li> </ul> <h4>Available Versions</h4> <p><strong>Stainless Steel</strong></p> <ul> <li> <p>High-grade stainless steel construction</p> </li> <li> <p>Optimized durability and sound enhancement</p> </li> </ul> <p><strong>INCONEL</strong></p> <ul> <li> <p>Lightweight high-performance alloy</p> </li> <li> <p>Reduced overall system weight</p> </li> <li> <p>Sharper, motorsport-inspired exhaust note</p> </li> </ul> <p><strong>INCONEL – Gold-Plated (999 Fine Gold)</strong></p> <ul> <li> <p>Lightweight INCONEL construction</p> </li> <li> <p>Covered with high-temperature heat protection</p> </li> <li> <p>Gold-plated with 999 fine gold</p> </li> <li> <p>Maximum thermal efficiency</p> </li> <li> <p data-end=""",Novitec,Exhaust,"brand_novitec, car_ferrari, category_exhaust, condition_new, install_available, model_812_gts, model_812_superfast, pricing_buy_now",TRUE,Variant,Stainless steel,F1 812 20,0,shopify,6,deny,manual,28900.00,TRUE,TRUE,https://cdn.shopify.com/s/files/1/0701/4472/0949/files/Screenshot2026-01-22at18.49.35.png,1,Power Optimized Exhaust System without Flap Regulation - Ferrari 812 Superfast & GTS - F1 812 20/ 40/ 70 - Novitec,FALSE,active
novitec-exhaust-no-flap-stainless-812,,,,,,,,Inconel,F1 812 40,0,shopify,5,deny,manual,37900.00,TRUE,TRUE,,,,,
novitec-exhaust-no-flap-stainless-812,,,,,,,,Inconel Gold 999,F1 812 70,0,shopify,5,deny,manual,54900.00,TRUE,TRUE,,,,,
novitec-exhaust-no-flap-stainless-812,,,,,,,,,,,,,,,,,,https://cdn.shopify.com/s/files/1/0701/4472/0949/files/Screenshot_2026-01-22_at_18.54.36.png,2,Power Optimized Exhaust System without Flap Regulation - Ferrari 812 Superfast & GTS - F1 812 20/ 40/ 70 - Novitec,,
novitec-ferrari-812-f6-812-70,Rear Diffusor N-LARGO - Ferrari 812 Superfast - F6 812 70 - Novitec,"<h4>Description</h4> <p>The <strong>NOVITEC Rear Diffuser N-LARGO</strong> for the <strong>Ferrari 812 Superfast</strong> completes the aggressive rear transformation of the exclusive N-LARGO widebody program. Designed to enhance aerodynamic efficiency and visual impact, the diffuser sharpens the lower rear section while reinforcing the high-performance character of the naturally aspirated V12.</p> <p>Manufactured from visible carbon fiber, the N-LARGO diffuser combines lightweight construction with a premium high-gloss finish, perfectly complementing the dramatic stance of the Ferrari 812 N-LARGO.</p> <h4>Compatibility</h4> <p>Ferrari 812 <strong>Superfast</strong></p> <p>Designed for <strong>N-LARGO configuration</strong></p> <h4>Key Features</h4> <ul> <li> <p>Rear diffuser – N-LARGO design</p> </li> <li> <p>Manufactured from visible carbon fiber</p> </li> <li> <p>Developed for the NOVITEC N-LARGO widebody program</p> </li> <li> <p>Enhances rear aerodynamics and visual presence</p> </li> <li> <p>Complements N-LARGO rear wing and body components</p> </li> <li> <p>Lightweight construction</p> </li> <li> <p>Precision-engineered for OEM-level fitment</p> </li> </ul> <h4>Technical Details</h4> <ul> <li> <p>Manufacturer: NOVITEC</p> </li> <li> <p>Product Type: Rear Diffuser</p> </li> <li> <p>Version: N-LARGO</p> </li> <li> <p>Material: Visible Carbon Fiber</p> </li> <li> <p>Finish: High-gloss exposed carbon</p> </li> <li> <p>Application: Coupé only</p> </li> </ul> <h4>Installation</h4> <p>Professional installation is strongly recommended.</p> <h4>Part Number</h4> <ul> <li> <p>F6 812 70</p> </li> </ul> <h4>Special Order</h4> <p>Lead time approximately <strong>4–6 weeks</strong></p>",Novitec,Aerodynamics,"brand_novitec, car_ferrari, category_aerodynamic, condition_new, install_available, model_812_gts, model_812_superfast, pricing_buy_now",TRUE,Variant,Visible Carbon,F6 812 70,0,shopify,6,deny,manual,15900.00,TRUE,TRUE,https://cdn.shopify.com/s/files/1/0701/4472/0949/files/Screenshot2026-01-22at22.45.16.png,1,Rear Diffusor N-LARGO - Ferrari 812 Superfast - F6 812 70 - Novitec,FALSE,active
novitec-ferrari-812-f6-812-70,,,,,,,,Ferrari Carbon,F6 812 70-2,0,shopify,5,deny,manual,15900.00,TRUE,TRUE,,,,,
novitec-ferrari-812-f6-812-70,,,,,,,,,,,,,,,,,,https://cdn.shopify.com/s/files/1/0701/4472/0949/files/Screenshot_2026-01-15_at_00.30.11_df9037c1-74d2-4b4b-b857-33ba5b67e150.png,2,Rear Diffusor N-LARGO - Ferrari 812 Superfast - F6 812 70 - Novitec,,
novitec-ferrari-812-f6-812-70,,,,,,,,,,,,,,,,,,https://cdn.shopify.com/s/files/1/0701/4472/0949/files/Screenshot_2026-01-18_at_00.27.57.png,3,Rear Diffusor N-LARGO - Ferrari 812 Superfast - F6 812 70 - Novitec,,
novitec-ferrari-812-f6-812-54,Rear Wing N-LARGO - Ferrari 812 Superfast - F6 812 54 - Novitec,"<h4>Description</h4> <p>The <strong>NOVITEC Rear Wing N-LARGO</strong> for the <strong>Ferrari 812 Superfast</strong> delivers maximum aerodynamic presence and an unmistakable motorsport character. Developed as part of the exclusive N-LARGO widebody program, this rear wing enhances high-speed stability while dramatically sharpening the rear profile.</p> <p>Manufactured from visible carbon fiber, the rear wing combines lightweight construction with a premium high-gloss finish, perfectly complementing the aggressive design language of the Ferrari 812 N-LARGO.</p> <h4>Compatibility</h4> <p>Ferrari 812 <strong>Superfast</strong></p> <p>Designed for <strong>N-LARGO configuration</strong></p> <h4>Key Features</h4> <ul> <li> <p>Rear wing – N-LARGO design</p> </li> <li> <p>Manufactured from visible carbon fiber</p> </li> <li> <p>Developed for the NOVITEC N-LARGO widebody program</p> </li> <li> <p>Enhances rear downforce and high-speed stability</p> </li> <li> <p>Aggressive motorsport-inspired styling</p> </li> <li> <p>Lightweight construction</p> </li> <li> <p>Precision-engineered for OEM-level fitment</p> </li> </ul> <h4>Technical Details</h4> <ul> <li> <p>Manufacturer: NOVITEC</p> </li> <li> <p>Product Type: Rear Wing</p> </li> <li> <p>Version: N-LARGO</p> </li> <li> <p>Material: Visible Carbon Fiber</p> </li> <li> <p>Finish: High-gloss exposed carbon</p> </li> <li> <p>Application: Coupé only</p> </li> </ul> <h4>Installation</h4> <p>Professional installation is strongly recommended.</p> <h4>Part Number</h4> <ul> <li> <p>F6 812 54</p> </li> </ul> <h4>Special Order</h4> <p>Lead time approximately <strong>4–6 weeks</strong></p>",Novitec,Aerodynamics,"brand_novitec, car_ferrari, category_aerodynamic, condition_new, install_available, model_812_gts, model_812_superfast, pricing_buy_now",TRUE,Variant,Visible Carbon,F6 812 54,0,shopify,4,deny,manual,26900.00,TRUE,TRUE,https://cdn.shopify.com/s/files/1/0701/4472/0949/files/Screenshot2026-01-22at22.42.55.png,1,Rear Wing N-LARGO - Ferrari 812 Superfast - F6 812 54 - Novitec,FALSE,active
novitec-ferrari-812-f6-812-54,,,,,,,,Ferrari Carbon,F6 812 54-2,0,shopify,2,deny,manual,26900.00,TRUE,TRUE,,,,,
novitec-ferrari-812-f6-812-54,,,,,,,,,,,,,,,,,,https://cdn.shopify.com/s/files/1/0701/4472/0949/files/Screenshot2026-01-22at22.43.16.png,2,Rear Wing N-LARGO - Ferrari 812 Superfast - F6 812 54 - Novitec,,
novitec-ferrari-812-f6-812-54,,,,,,,,,,,,,,,,,,https://cdn.shopify.com/s/files/1/0701/4472/0949/files/Screenshot_2026-01-15_at_00.30.11_df9037c1-74d2-4b4b-b857-33ba5b67e150.png,3,Rear Wing N-LARGO - Ferrari 812 Superfast - F6 812 54 - Novitec,,
novitec-ferrari-812-f6-812-53,Cover for Trunk Lid & Taillights N-LARGO - Ferrari 812 Superfast - F6 812 53 - Novitec,"<h4>Description</h4> <p>The <strong>NOVITEC Cover for Trunk Lid and Taillights N-LARGO</strong> for the <strong>Ferrari 812 Superfast</strong> enhances the rear design with a bold and unmistakable widebody presence. Developed as part of the exclusive N-LARGO program, this component sharpens the rear section while emphasizing the aggressive character of the V12-powered 812.</p> <p>Manufactured from visible carbon fiber, the cover integrates seamlessly into the rear design, combining lightweight construction with a premium high-gloss finish for a distinctive motorsport-inspired appearance.</p> <h4>Compatibility</h4> <p>Ferrari 812 <strong>Superfast</strong></p> <p>Designed for <strong>N-LARGO configuration</strong></p> <h4>Key Features</h4> <ul> <li> <p>Trunk lid and taillight cover – N-LARGO design</p> </li> <li> <p>Manufactured from visible carbon fiber</p> </li> <li> <p>Developed for the NOVITEC N-LARGO widebody program</p> </li> <li> <p>Enhances rear styling and visual presence</p> </li> <li> <p>Lightweight construction</p> </li> <li> <p>Precision-engineered for OEM-level fitment</p> </li> </ul> <h4>Technical Details</h4> <ul> <li> <p>Manufacturer: NOVITEC</p> </li> <li> <p>Product Type: Trunk Lid &amp; Taillight Cover</p> </li> <li> <p>Version: N-LARGO</p> </li> <li> <p>Material: Visible Carbon Fiber</p> </li> <li> <p>Finish: High-gloss exposed carbon</p> </li> <li> <p>Application: Coupé only</p> </li> </ul> <h4>Installation</h4> <p>Professional installation is strongly recommended.</p> <h4>Part Number</h4> <ul> <li> <p>F6 812 53</p> </li> </ul> <h4>Special Order</h4> <p>Lead time approximately <strong>4–6 weeks</strong></p>",Novitec,Aerodynamics,"brand_novitec, car_ferrari, category_aerodynamic, condition_new, install_available, model_812_gts, model_812_superfast, pricing_buy_now",TRUE,Variant,Visible Carbon,F6 812 53,0,shopify,5,deny,manual,9900.00,TRUE,TRUE,https://cdn.shopify.com/s/files/1/0701/4472/0949/files/Screenshot2026-01-22at22.37.18.png,1,Cover for Trunk Lid & Taillights N-LARGO - Ferrari 812 Superfast - F6 812 53 - Novitec,FALSE,active
novitec-ferrari-812-f6-812-53,,,,,,,,Ferrari Carbon,F6 812 53-2,0,shopify,2,deny,manual,9900.00,TRUE,TRUE,,,,,
novitec-ferrari-812-f6-812-53,,,,,,,,,,,,,,,,,,https://cdn.shopify.com/s/files/1/0701/4472/0949/files/Screenshot2026-01-22at22.37.34.png,2,Cover for Trunk Lid & Taillights N-LARGO - Ferrari 812 Superfast - F6 812 53 - Novitec,,
novitec-ferrari-812-f6-812-53,,,,,,,,,,,,,,,,,,https://cdn.shopify.com/s/files/1/0701/4472/0949/files/Screenshot_2026-01-15_at_00.30.11_df9037c1-74d2-4b4b-b857-33ba5b67e150.png,3,Cover for Trunk Lid & Taillights N-LARGO - Ferrari 812 Superfast - F6 812 53 - Novitec,,
novitec-ferrari-812-f6-812-51,Insert for Air-Outlet Engine Bonnet N-LARGO - Ferrari 812 Superfast & GTS - F6 812 51 - Novitec,"<h4>Description</h4> <p>The <strong>NOVITEC Insert for Air-Outlet Engine Bonnet N-LARGO</strong> for the <strong>Ferrari 812 Superfast and 812 GTS</strong> enhances the upper body aerodynamics with an aggressive N-LARGO design. Developed as part of the widebody N-LARGO program, this component sharpens the bonnet appearance while emphasizing the high-performance character of the naturally aspirated V12.</p> <p>Manufactured from visible carbon fiber, the insert combines lightweight construction with a premium high-gloss finish, perfectly complementing the distinctive styling of the Ferrari 812 N-LARGO.</p> <h4>Compatibility</h4> <p>Ferrari 812 <strong>Superfast</strong><br>Ferrari 812 <strong>GTS</strong></p> <p>Designed for <strong>N-LARGO configuration</strong></p> <h4>Key Features</h4> <ul> <li> <p>Engine bonnet air-outlet insert – N-LARGO design</p> </li> <li> <p>Manufactured from visible carbon fiber</p> </li> <li> <p>Developed for the NOVITEC N-LARGO program</p> </li> <li> <p>Enhances aerodynamic styling and visual presence</p> </li> <li> <p>Lightweight construction</p> </li> <li> <p>Precision-engineered for OEM-level fitment</p> </li> </ul> <h4>Technical Details</h4> <ul> <li> <p>Manufacturer: NOVITEC</p> </li> <li> <p>Product Type: Engine Bonnet Air-Outlet Insert</p> </li> <li> <p>Version: N-LARGO</p> </li> <li> <p>Material: Visible Carbon Fiber</p> </li> <li> <p>Finish: High-gloss exposed carbon</p> </li> </ul> <h4>Installation</h4> <p>Professional installation is strongly recommended.</p> <h4>Part Number</h4> <ul> <li> <p>F6 812 51</p> </li> </ul> <h4>Special Order</h4> <p>Lead time approximately <strong>4–6 weeks</strong></p>",Novitec,Aerodynamics,"brand_novitec, car_ferrari, category_aerodynamic, condition_new, install_available, model_812_gts, model_812_superfast, pricing_buy_now",TRUE,Variant,Visible Carbon,F6-812-51,0,shopify,6,deny,manual,8955.00,TRUE,TRUE,https://cdn.shopify.com/s/files/1/0701/4472/0949/files/Screenshot2026-01-22at19.01.26.png,1,Insert for Air-Outlet Engine Bonnet N-LARGO - Ferrari 812 Superfast & GTS - F6 812 51 - Novitec,FALSE,active
novitec-ferrari-812-f6-812-51,,,,,,,,Ferrari Carbon,F6-812-51-2,0,shopify,5,deny,manual,8955.00,TRUE,TRUE,,,,,
novitec-ferrari-812-f6-812-51,,,,,,,,Forged Carbon,F6-812-51-3,0,shopify,4,deny,manual,8955.00,TRUE,TRUE,,,,,
novitec-ferrari-812-f6-812-51,,,,,,,,,,,,,,,,,,https://cdn.shopify.com/s/files/1/0701/4472/0949/files/Screenshot2026-01-22at19.01.04.png,2,Insert for Air-Outlet Engine Bonnet N-LARGO - Ferrari 812 Superfast & GTS - F6 812 51 - Novitec,,
novitec-ferrari-812-f6-812-51,,,,,,,,,,,,,,,,,,https://cdn.shopify.com/s/files/1/0701/4472/0949/files/Screenshot_2026-01-15_at_00.30.11_df9037c1-74d2-4b4b-b857-33ba5b67e150.png,3,Insert for Air-Outlet Engine Bonnet N-LARGO - Ferrari 812 Superfast & GTS - F6 812 51 - Novitec,,
novitec-ferrari-812-f6-812-27,Rear Bumper Attachment - Ferrari 812 Superfast & GTS - F6 812 27 - Novitec,"<h4>Description</h4> <p>The <strong>NOVITEC Rear Bumper Attachment</strong> for the <strong>Ferrari 812 Superfast and 812 GTS </strong>enhances the rear-end design with a sharper and more aggressive aerodynamic accent. Developed specifically for the 812 platform, this component refines the lower rear section while reinforcing the vehicle’s motorsport-inspired character.</p> <p>Manufactured from visible carbon fiber, the rear bumper attachment combines lightweight construction with a premium high-gloss finish, perfectly complementing the dynamic styling of the naturally aspirated V12 Ferrari 812.</p> <h4>Compatibility</h4> <p>Ferrari 812 <strong>Superfast</strong><br>Ferrari 812 <strong>GTS</strong></p> <h4>Key Features</h4> <ul> <li> <p>Rear bumper attachment</p> </li> <li> <p>Manufactured from visible carbon fiber</p> </li> <li> <p>Enhances rear styling and aerodynamic detailing</p> </li> <li> <p>Developed specifically for Ferrari 812 Superfast &amp; GTS</p> </li> <li> <p>Lightweight construction</p> </li> <li> <p>Precision-engineered for OEM-level fitment</p> </li> </ul> <h4>Technical Details</h4> <ul> <li> <p>Manufacturer: NOVITEC</p> </li> <li> <p>Product Type: Rear Bumper Attachment</p> </li> <li> <p>Material: Visible Carbon Fiber</p> </li> <li> <p>Finish: High-gloss exposed carbon</p> </li> </ul> <h4>Installation</h4> <p>Professional installation is strongly recommended.</p> <h4>Part Number</h4> <ul> <li> <p>F6 812 27</p> </li> </ul> <h4>Special Order</h4> <p>Lead time approximately <strong>4–6 weeks</strong></p>",Novitec,Aerodynamics,"brand_novitec, car_ferrari, category_aerodynamic, condition_new, install_available, model_812_gts, model_812_superfast, pricing_buy_now",TRUE,Variant,Visible Carbon,F6 812 27,0,shopify,3,deny,manual,15900.00,TRUE,TRUE,https://cdn.shopify.com/s/files/1/0701/4472/0949/files/Screenshot2026-01-22at19.00.37.png,1,Rear Bumper Attachment - Ferrari 812 Superfast & GTS - F6 812 27 - Novitec,FALSE,active
novitec-ferrari-812-f6-812-27,,,,,,,,Ferrari Carbon,F6 812 27-2,0,shopify,6,deny,manual,15900.00,TRUE,TRUE,,,,,
novitec-ferrari-812-f6-812-27,,,,,,,,,,,,,,,,,,https://cdn.shopify.com/s/files/1/0701/4472/0949/files/Screenshot2026-01-22at18.53.27.png,2,Rear Bumper Attachment - Ferrari 812 Superfast & GTS - F6 812 27 - Novitec,,
novitec-ferrari-812-f6-812-27,,,,,,,,,,,,,,,,,,https://cdn.shopify.com/s/files/1/0701/4472/0949/files/Screenshot_2026-01-15_at_00.30.11_df9037c1-74d2-4b4b-b857-33ba5b67e150.png,3,Rear Bumper Attachment - Ferrari 812 Superfast & GTS - F6 812 27 - Novitec,,
novitec-ferrari-812-f6-812-30,Rear Spoiler Lip - Ferrari 812 GTS - F6 812 30 - Novitec,"<h4>Description</h4> <p>The <strong>NOVITEC Rear Spoiler Lip</strong> for the <strong>Ferrari 812 GTS</strong> enhances the rear profile with a refined and performance-oriented aerodynamic accent. Developed specifically for the open-top GTS model, this component sharpens the rear design while supporting aerodynamic balance at higher speeds.</p> <p>Manufactured from visible carbon fiber, the rear spoiler lip combines lightweight construction with a premium high-gloss finish, perfectly complementing the elegant yet aggressive character of the Ferrari 812 GTS.</p> <h4>Compatibility</h4> <p>Ferrari 812 <strong>GTS</strong></p> <h4>Key Features</h4> <ul> <li> <p>Rear spoiler lip</p> </li> <li> <p>Manufactured from visible carbon fiber</p> </li> <li> <p>Enhances rear styling and aerodynamic presence</p> </li> <li> <p>Developed specifically for Ferrari 812 GTS (Spider)</p> </li> <li> <p>Lightweight construction</p> </li> <li> <p>Precision-engineered for OEM-level fitment</p> </li> </ul> <h4>Technical Details</h4> <ul> <li> <p>Manufacturer: NOVITEC</p> </li> <li> <p>Product Type: Rear Spoiler Lip</p> </li> <li> <p>Material: Visible Carbon Fiber</p> </li> <li> <p>Finish: High-gloss exposed carbon</p> </li> <li> <p>Application: GTS (Spider only)</p> </li> </ul> <h4>Installation</h4> <p>Professional installation is strongly recommended.</p> <h4>Part Number</h4> <ul> <li> <p>F6 812 30</p> </li> </ul> <h4>Special Order</h4> <p>Lead time approximately <strong>4–6 weeks</strong></p>",Novitec,Aerodynamics,"brand_novitec, car_ferrari, category_aerodynamic, condition_new, install_available, model_812_gts, model_812_superfast, pricing_buy_now",TRUE,Variant,Visible Carbon,F6 812 30,0,shopify,4,deny,manual,15900.00,TRUE,TRUE,https://cdn.shopify.com/s/files/1/0701/4472/0949/files/Screenshot2026-01-22at19.03.52.png,1,Rear Spoiler Lip - Ferrari 812 GTS - F6 812 30 - Novitec,FALSE,active
novitec-ferrari-812-f6-812-30,,,,,,,,Ferrari Carbon,F6 812 30-2,0,shopify,3,deny,manual,15900.00,TRUE,TRUE,,,,,
novitec-ferrari-812-f6-812-30,,,,,,,,,,,,,,,,,,https://cdn.shopify.com/s/files/1/0701/4472/0949/files/Screenshot2026-01-22at20.19.35.png,2,Rear Spoiler Lip - Ferrari 812 GTS - F6 812 30 - Novitec,,
novitec-ferrari-812-f6-812-30,,,,,,,,,,,,,,,,,,https://cdn.shopify.com/s/files/1/0701/4472/0949/files/Screenshot_2026-01-15_at_00.30.11_df9037c1-74d2-4b4b-b857-33ba5b67e150.png,3,Rear Spoiler Lip - Ferrari 812 GTS - F6 812 30 - Novitec,,
novitec-ferrari-812-f6-812-26,Rear Spoiler Lip - Ferrari 812 Superfast - F6 812 26 - Novitec,"<h4>Description</h4> <p>The <strong>NOVITEC Rear Spoiler Lip</strong> for the <strong>Ferrari 812 Superfast</strong> enhances the rear profile with a subtle yet performance-oriented aerodynamic accent. Developed specifically for the Coupé model, this component improves rear-end presence while supporting aerodynamic balance at high speeds.</p> <p>Manufactured from visible carbon fiber, the rear spoiler lip combines lightweight construction with a premium high-gloss finish, perfectly complementing the aggressive styling of the naturally aspirated V12 Ferrari 812.</p> <h4>Compatibility</h4> <p>Ferrari 812 <strong>Superfast</strong></p> <h4>Key Features</h4> <ul> <li> <p>Rear spoiler lip</p> </li> <li> <p>Manufactured from visible carbon fiber</p> </li> <li> <p>Enhances rear styling and aerodynamic presence</p> </li> <li> <p>Developed specifically for Ferrari 812 Superfast Coupé</p> </li> <li> <p>Lightweight construction</p> </li> <li> <p>Precision-engineered for OEM-level fitment</p> </li> </ul> <h4>Technical Details</h4> <ul> <li> <p>Manufacturer: NOVITEC</p> </li> <li> <p>Product Type: Rear Spoiler Lip</p> </li> <li> <p>Material: Visible Carbon Fiber</p> </li> <li> <p>Finish: High-gloss exposed carbon</p> </li> <li> <p>Application: Coupé only</p> </li> </ul> <h4>Installation</h4> <p>Professional installation is strongly recommended.</p> <h4>Part Number</h4> <ul> <li> <p>F6 812 26</p> </li> </ul> <h4>Special Order</h4> <p>Lead time approximately <strong>4–6 weeks</strong></p>",Novitec,Aerodynamics,"brand_novitec, car_ferrari, category_aerodynamic, condition_new, install_available, model_812_gts, model_812_superfast, pricing_buy_now",TRUE,Variant,Visible Carbon,F6 812 26,0,shopify,2,deny,manual,15900.00,TRUE,TRUE,https://cdn.shopify.com/s/files/1/0701/4472/0949/files/Screenshot2026-01-22at22.19.52.png,1,Rear Spoiler Lip - Ferrari 812 Superfast - F6 812 26 - Novitec,FALSE,active
novitec-ferrari-812-f6-812-26,,,,,,,,Ferrari Carbon,F6 812 26-2,0,shopify,3,deny,manual,15900.00,TRUE,TRUE,,,,,
novitec-ferrari-812-f6-812-26,,,,,,,,,,,,,,,,,,https://cdn.shopify.com/s/files/1/0701/4472/0949/files/Screenshot2026-01-22at22.20.14.png,2,Rear Spoiler Lip - Ferrari 812 Superfast - F6 812 26 - Novitec,,
novitec-ferrari-812-f6-812-26,,,,,,,,,,,,,,,,,,https://cdn.shopify.com/s/files/1/0701/4472/0949/files/Screenshot_2026-01-15_at_00.30.11_df9037c1-74d2-4b4b-b857-33ba5b67e150.png,3,Rear Spoiler Lip - Ferrari 812 Superfast - F6 812 26 - Novitec,,
novitec-ferrari-812-f6-812-25,Side Panels (Set) - Ferrari 812 Superfast & GTS - F6 812 25 - Novitec,"<h4>Description</h4> <p>The <strong>NOVITEC Side Panels (Set)</strong> for the <strong>Ferrari 812 Superfast and 812 GTS</strong> enhance the vehicle’s side profile with a sharper and more aggressive motorsport-inspired appearance. Developed specifically for the 812 platform, these panels emphasize the flowing body lines while adding a distinctive exposed carbon accent.</p> <p>Manufactured from visible carbon fiber, the set combines lightweight construction with a premium high-gloss finish, perfectly complementing the dynamic character of the naturally aspirated V12 Ferrari 812.</p> <h4>Compatibility</h4> <p>Ferrari 812 <strong>Superfast</strong><br>Ferrari 812 <strong>GTS</strong></p> <h4>Key Features</h4> <ul> <li> <p>Side panels (set)</p> </li> <li> <p>Manufactured from visible carbon fiber</p> </li> <li> <p>Enhances side styling and aerodynamic presence</p> </li> <li> <p>Developed specifically for Ferrari 812 Superfast &amp; GTS</p> </li> <li> <p>Lightweight construction</p> </li> <li> <p>Precision-engineered for OEM-level fitment</p> </li> </ul> <h4>Technical Details</h4> <ul> <li> <p>Manufacturer: NOVITEC</p> </li> <li> <p>Product Type: Side Panels (Set)</p> </li> <li> <p>Material: Visible Carbon Fiber</p> </li> <li> <p>Finish: High-gloss exposed carbon</p> </li> </ul> <h4>Installation</h4> <p>Professional installation is strongly recommended.</p> <h4>Part Number</h4> <ul> <li> <p>F6 812 25</p> </li> </ul> <h4>Special Order</h4> <p>Lead time approximately <strong>4–6 weeks</strong></p>",Novitec,Aerodynamics,"brand_novitec, car_ferrari, category_aerodynamic, condition_new, install_available, model_812_gts, model_812_superfast, pricing_buy_now",TRUE,Variant,Visible Carbon,F6 812 25,0,shopify,1,deny,manual,21900.00,TRUE,TRUE,https://cdn.shopify.com/s/files/1/0701/4472/0949/files/Screenshot2026-01-22at19.00.16.png,1,Side Panels (Set) - Ferrari 812 Superfast & GTS - F6 812 25 - Novitec,FALSE,active
novitec-ferrari-812-f6-812-25,,,,,,,,Ferrari Carbon,F6 812 25-2,0,shopify,5,deny,manual,21900.00,TRUE,TRUE,,,,,
novitec-ferrari-812-f6-812-25,,,,,,,,,,,,,,,,,,https://cdn.shopify.com/s/files/1/0701/4472/0949/files/Screenshot2026-01-22at20.22.25.png,2,Side Panels (Set) - Ferrari 812 Superfast & GTS - F6 812 25 - Novitec,,
novitec-ferrari-812-f6-812-25,,,,,,,,,,,,,,,,,,https://cdn.shopify.com/s/files/1/0701/4472/0949/files/Screenshot_2026-01-15_at_00.30.11_df9037c1-74d2-4b4b-b857-33ba5b67e150.png,3,Side Panels (Set) - Ferrari 812 Superfast & GTS - F6 812 25 - Novitec,,
novitec-ferrari-812-f6-812-43,Mirror Covers for cars from 09/2019 - Ferrari 812 Superfast & GTS - F6 812 43 - Novitec,"<h4>Description</h4> <p>The <strong>NOVITEC Mirror Covers</strong> for the <strong>Ferrari 812 Superfast and 812 GTS</strong> enhance the exterior styling with a refined motorsport-inspired carbon finish. Designed specifically for vehicles produced <strong>from 09/2019 onwards</strong>, these covers integrate seamlessly with the original mirror housings while adding a distinctive exposed carbon accent.</p> <p>Manufactured from visible carbon fiber, the mirror covers combine lightweight construction with a premium high-gloss surface, perfectly complementing the performance-focused design of the Ferrari 812.</p> <h4>Compatibility</h4> <p>Ferrari 812 <strong>Superfast</strong><br>Ferrari 812 <strong>GTS</strong></p> <p>For vehicles produced <strong>from 09/2019 onwards</strong></p> <h4>Key Features</h4> <ul> <li> <p>Mirror covers</p> </li> <li> <p>Manufactured from visible carbon fiber</p> </li> <li> <p>Designed for vehicles from 09/2019 onwards</p> </li> <li> <p>Enhances exterior styling with premium carbon appearance</p> </li> <li> <p>Developed specifically for Ferrari 812 Superfast &amp; GTS</p> </li> <li> <p>Lightweight construction</p> </li> <li> <p>Precision-engineered for OEM-level fitment</p> </li> </ul> <h4>Technical Details</h4> <ul> <li> <p>Manufacturer: NOVITEC</p> </li> <li> <p>Product Type: Mirror Covers</p> </li> <li> <p>Material: Visible Carbon Fiber</p> </li> <li> <p>Finish: High-gloss exposed carbon</p> </li> <li> <p>Vehicle Compatibility: From 09/2019 production</p> </li> </ul> <h4>Installation</h4> <p>Professional installation is strongly recommended.</p> <h4>Part Number</h4> <ul> <li> <p>F6 812 43</p> </li> </ul> <h4>Special Order</h4> <p>Lead time approximately <strong>4–6 weeks</strong></p>",Novitec,Aerodynamics,"brand_novitec, car_ferrari, category_aerodynamic, condition_new, install_available, model_812_gts, model_812_superfast, pricing_buy_now",TRUE,Variant,Visible Carbon,F6 812 43,0,shopify,3,deny,manual,4900.00,TRUE,TRUE,https://cdn.shopify.com/s/files/1/0701/4472/0949/files/Screenshot2026-01-22at18.58.30_d06e1e1b-9f0e-41f7-bba7-fcb4257b93b0.png,1,Mirror Covers for cars from 09/2019 - Ferrari 812 Superfast & GTS - F6 812 43 - Novitec,FALSE,active
novitec-ferrari-812-f6-812-43,,,,,,,,Ferrari Carbon,F6 812 43-2,0,shopify,6,deny,manual,4900.00,TRUE,TRUE,,,,,
novitec-ferrari-812-f6-812-43,,,,,,,,Forged Carbon,F6 812 43-3,0,shopify,2,deny,manual,4900.00,TRUE,TRUE,,,,,
novitec-ferrari-812-f6-812-43,,,,,,,,,,,,,,,,,,https://cdn.shopify.com/s/files/1/0701/4472/0949/files/Screenshot2026-01-22at20.22.43_f01f851f-fe44-4b59-b2fb-479355e2e140.png,2,Mirror Covers for cars from 09/2019 - Ferrari 812 Superfast & GTS - F6 812 43 - Novitec,,
novitec-ferrari-812-f6-812-43,,,,,,,,,,,,,,,,,,https://cdn.shopify.com/s/files/1/0701/4472/0949/files/Screenshot_2026-01-15_at_00.30.11_df9037c1-74d2-4b4b-b857-33ba5b67e150.png,3,Mirror Covers for cars from 09/2019 - Ferrari 812 Superfast & GTS - F6 812 43 - Novitec,,
novitec-ferrari-812-f6-812-24,Mirror Covers for cars until 08/2019 - Ferrari 812 Superfast & GTS - F6 812 24 - Novitec,"<h4>Description</h4> <p>The <strong>NOVITEC Mirror Covers</strong> for the <strong>Ferrari 812 Superfast and 812 GTS</strong> refine the exterior styling with a premium motorsport-inspired carbon finish. Designed specifically for vehicles produced <strong>up to 08/2019</strong>, these covers integrate seamlessly with the original mirror housings and enhance the overall performance aesthetic.</p> <p>Manufactured from visible carbon fiber, the mirror covers combine lightweight construction with a high-gloss finish, perfectly complementing the dynamic design of the Ferrari 812.</p> <h4>Compatibility</h4> <p>Ferrari 812 <strong>Superfast</strong><br>Ferrari 812 <strong>GTS</strong></p> <p>For vehicles produced <strong>until 08/2019</strong></p> <h4>Key Features</h4> <ul> <li> <p>Mirror covers</p> </li> <li> <p>Manufactured from visible carbon fiber</p> </li> <li> <p>Designed for vehicles up to 08/2019</p> </li> <li> <p>Enhances exterior styling with premium carbon appearance</p> </li> <li> <p>Developed specifically for Ferrari 812 Superfast &amp; GTS</p> </li> <li> <p>Lightweight construction</p> </li> <li> <p>Precision-engineered for OEM-level fitment</p> </li> </ul> <h4>Technical Details</h4> <ul> <li> <p>Manufacturer: NOVITEC</p> </li> <li> <p>Product Type: Mirror Covers</p> </li> <li> <p>Material: Visible Carbon Fiber</p> </li> <li> <p>Finish: High-gloss exposed carbon</p> </li> <li> <p>Vehicle Compatibility: Up to 08/2019 production</p> </li> </ul> <h4>Installation</h4> <p>Professional installation is strongly recommended.</p> <h4>Part Number</h4> <ul> <li> <p>F6 812 24</p> </li> </ul> <h4>Special Order</h4> <p>Lead time approximately <strong>4–6 weeks</strong></p>",Novitec,Aerodynamics,"brand_novitec, car_ferrari, category_aerodynamic, condition_new, install_available, model_812_gts, model_812_superfast, pricing_buy_now",TRUE,Variant,Visible Carbon,F6 812 24,0,shopify,3,deny,manual,4900.00,TRUE,TRUE,https://cdn.shopify.com/s/files/1/0701/4472/0949/files/Screenshot2026-01-22at18.58.30.png,1,Mirror Covers for cars until 08/2019 - Ferrari 812 Superfast & GTS - F6 812 24 - Novitec,FALSE,active
novitec-ferrari-812-f6-812-24,,,,,,,,Ferrari Carbon,F6 812 24-2,0,shopify,6,deny,manual,4900.00,TRUE,TRUE,,,,,
novitec-ferrari-812-f6-812-24,,,,,,,,Forged Carbon,F6 812 24-3,0,shopify,4,deny,manual,4900.00,TRUE,TRUE,,,,,
novitec-ferrari-812-f6-812-24,,,,,,,,,,,,,,,,,,https://cdn.shopify.com/s/files/1/0701/4472/0949/files/Screenshot2026-01-22at20.22.43.png,2,Mirror Covers for cars until 08/2019 - Ferrari 812 Superfast & GTS - F6 812 24 - Novitec,,
novitec-ferrari-812-f6-812-24,,,,,,,,,,,,,,,,,,https://cdn.shopify.com/s/files/1/0701/4472/0949/files/Screenshot_2026-01-15_at_00.30.11_df9037c1-74d2-4b4b-b857-33ba5b67e150.png,3,Mirror Covers for cars until 08/2019 - Ferrari 812 Superfast & GTS - F6 812 24 - Novitec,,
novitec-ferrari-812-f6-812-31,Insert for Engine Bonnet - Ferrari 812 Superfast & GTS - F6 812 31 - Novitec,"<h4>Description</h4> <p>The <strong>NOVITEC Insert for Engine Bonnet</strong> for the <strong>Ferrari 812 Superfast and 812 GTS </strong>enhances the upper body styling with a precise motorsport-inspired carbon detail. Designed to integrate seamlessly into the original engine bonnet, this insert sharpens the bonnet design while emphasizing the performance character of the naturally aspirated V12.</p> <p>Manufactured from visible carbon fiber, the component combines lightweight construction with a premium high-gloss finish, perfectly complementing the aggressive design language of the Ferrari 812.</p> <h4>Compatibility</h4> <p>Ferrari 812 <strong>Superfast</strong><br>Ferrari 812 <strong>GTS</strong></p> <p>Designed for integration into the original engine bonnet.</p> <h4>Key Features</h4> <ul> <li> <p>Engine bonnet insert</p> </li> <li> <p>Manufactured from visible carbon fiber</p> </li> <li> <p>Enhances bonnet styling and visual depth</p> </li> <li> <p>Integrates into original factory bonnet</p> </li> <li> <p>Developed specifically for Ferrari 812 Superfast &amp; GTS</p> </li> <li> <p>Lightweight construction</p> </li> <li> <p>Precision-engineered for OEM-level fitment</p> </li> </ul> <h4>Technical Details</h4> <ul> <li> <p>Manufacturer: NOVITEC</p> </li> <li> <p>Product Type: Engine Bonnet Insert</p> </li> <li> <p>Material: Visible Carbon Fiber</p> </li> <li> <p>Finish: High-gloss exposed carbon</p> </li> </ul> <h4>Installation</h4> <p>Professional installation is strongly recommended.</p> <h4>Part Number</h4> <ul> <li> <p>F6 812 31</p> </li> </ul> <h4>Special Order</h4> <p>Lead time approximately <strong>4–6 weeks</strong></p>",Novitec,Aerodynamics,"brand_novitec, car_ferrari, category_aerodynamic, condition_new, install_available, model_812_gts, model_812_superfast, pricing_buy_now",TRUE,Variant,Visible Carbon,F6 812 31,0,shopify,5,deny,manual,11900.00,TRUE,TRUE,https://cdn.shopify.com/s/files/1/0701/4472/0949/files/Screenshot2026-01-22at19.05.05.png,1,Insert for Engine Bonnet - Ferrari 812 Superfast & GTS - F6 812 31 - Novitec,FALSE,active
novitec-ferrari-812-f6-812-31,,,,,,,,Ferrari Carbon,F6 812 31-2,0,shopify,2,deny,manual,11900.00,TRUE,TRUE,,,,,
novitec-ferrari-812-f6-812-31,,,,,,,,Forged Carbon,F6 812 31-3,0,shopify,1,deny,manual,11900.00,TRUE,TRUE,,,,,
novitec-ferrari-812-f6-812-31,,,,,,,,,,,,,,,,,,https://cdn.shopify.com/s/files/1/0701/4472/0949/files/Screenshot2026-01-22at20.19.13.png,2,Insert for Engine Bonnet - Ferrari 812 Superfast & GTS - F6 812 31 - Novitec,,
novitec-ferrari-812-f6-812-31,,,,,,,,,,,,,,,,,,https://cdn.shopify.com/s/files/1/0701/4472/0949/files/Screenshot_2026-01-15_at_00.30.11_df9037c1-74d2-4b4b-b857-33ba5b67e150.png,3,Insert for Engine Bonnet - Ferrari 812 Superfast & GTS - F6 812 31 - Novitec,,
novitec-ferrari-812-f6-812-28,Engine Bonnet - Ferrari 812 Superfast & GTS - F6 812 28/ 29 - Novitec,"<h4>Description</h4> <p>The <strong>NOVITEC Engine Bonnet</strong> for the <strong>Ferrari 812 Superfast and 812 GTS</strong> enhances the vehicle’s front design with a more aggressive and performance-oriented appearance. Developed specifically for the 812 platform, the bonnet emphasizes the V12 character while reducing weight and reinforcing the motorsport-inspired styling.</p> <p>Available in visible carbon fiber or primed for painting, the engine bonnet allows full customization from exposed performance aesthetics to seamless body-color integration.</p> <h4>Compatibility</h4> <p>Ferrari 812 <strong>Superfast</strong><br>Ferrari 812 <strong>GTS</strong></p> <h4>Key Features</h4> <ul> <li> <p>Engine bonnet upgrade</p> </li> <li> <p>Developed specifically for Ferrari 812 Superfast &amp; GTS</p> </li> <li> <p>Enhances front styling and performance presence</p> </li> <li> <p>Lightweight construction</p> </li> <li> <p>Precision-engineered for OEM-level fitment</p> </li> <li> <p>Available in visible carbon or primed version</p> </li> </ul> <h4>Available Versions</h4> <p><strong>Visible Carbon</strong></p> <ul> <li> <p>Manufactured from visible carbon fiber</p> </li> <li> <p>Lightweight construction</p> </li> <li> <p>Premium high-gloss exposed carbon finish</p> </li> </ul> <p><strong>Primed for Painting</strong></p> <ul> <li> <p>Supplied primed</p> </li> <li> <p>Designed for paint finishing in vehicle color</p> </li> <li> <p>Ideal for OEM-style integration</p> </li> </ul> <h4>Technical Details</h4> <ul> <li> <p>Manufacturer: NOVITEC</p> </li> <li> <p>Product Type: Engine Bonnet</p> </li> <li> <p>Material: Visible Carbon or Primed Composite (depending on version)</p> </li> </ul> <h4>Installation</h4> <p>Professional installation and paint preparation (if applicable) are strongly recommended.</p> <h4>Part Numbers</h4> <p><strong>Visible Carbon</strong></p> <ul> <li data-start=""16",Novitec,Aerodynamics,"brand_novitec, car_ferrari, category_aerodynamic, condition_new, install_available, model_812_gts, model_812_superfast, pricing_buy_now",TRUE,Variant,Visible Carbon,F6 812 28,0,shopify,6,deny,manual,37900.00,TRUE,TRUE,https://cdn.shopify.com/s/files/1/0701/4472/0949/files/Screenshot2026-01-22at18.52.10.png,1,Engine Bonnet - Ferrari 812 Superfast & GTS - F6 812 28/ 29 - Novitec,FALSE,active
novitec-ferrari-812-f6-812-28,,,,,,,,Primed for painting,F6 812 29,0,shopify,1,deny,manual,31900.00,TRUE,TRUE,,,,,
novitec-ferrari-812-f6-812-28,,,,,,,,,,,,,,,,,,https://cdn.shopify.com/s/files/1/0701/4472/0949/files/Screenshot2026-01-22at19.04.42.png,2,Engine Bonnet - Ferrari 812 Superfast & GTS - F6 812 28/ 29 - Novitec,,
novitec-ferrari-812-f6-812-28,,,,,,,,,,,,,,,,,,https://cdn.shopify.com/s/files/1/0701/4472/0949/files/Screenshot_2026-01-15_at_00.30.11_df9037c1-74d2-4b4b-b857-33ba5b67e150.png,3,Engine Bonnet - Ferrari 812 Superfast & GTS - F6 812 28/ 29 - Novitec,,
novitec-ferrari-812-f6-812-23,Insert for Air-Outlet Engine Bonnet - Ferrari 812 Superfast & GTS - F6 812 23 - Novitec,"<h4>Description</h4> <p>The <strong>NOVITEC Insert for Air-Outlet Engine Bonnet</strong> for the <strong>Ferrari 812 Superfast and 812 GTS </strong>enhances the upper body aerodynamics with a refined motorsport-inspired carbon detail. Designed to integrate seamlessly into the factory engine bonnet air outlet, this component emphasizes the performance character of the naturally aspirated V12.</p> <p>Manufactured from visible carbon fiber, the insert combines lightweight construction with a premium high-gloss finish, perfectly complementing the dynamic styling of the Ferrari 812.</p> <h4>Compatibility</h4> <p>Ferrari 812 <strong>Superfast</strong><br>Ferrari 812 <strong>GTS</strong></p> <p>Designed for the original engine bonnet air-outlet.</p> <h4>Key Features</h4> <ul> <li> <p>Engine bonnet air-outlet insert</p> </li> <li> <p>Manufactured from visible carbon fiber</p> </li> <li> <p>Enhances upper body styling and aerodynamic detailing</p> </li> <li> <p>Integrates into original factory bonnet outlet</p> </li> <li> <p>Developed specifically for Ferrari 812 Superfast &amp; GTS</p> </li> <li> <p>Lightweight construction</p> </li> <li> <p>Precision-engineered for OEM-level fitment</p> </li> </ul> <h4>Technical Details</h4> <ul> <li> <p>Manufacturer: NOVITEC</p> </li> <li> <p>Product Type: Engine Bonnet Air-Outlet Insert</p> </li> <li> <p>Material: Visible Carbon Fiber</p> </li> <li> <p>Finish: High-gloss exposed carbon</p> </li> </ul> <h4>Installation</h4> <p>Professional installation is strongly recommended.</p> <h4>Part Number</h4> <ul> <li> <p>F6 812 23</p> </li> </ul> <h4>Special Order</h4> <p>Lead time approximately <strong>4–6 weeks</strong></p>",Novitec,Aerodynamics,"brand_novitec, car_ferrari, category_aerodynamic, condition_new, install_available, model_812_gts, model_812_superfast, pricing_buy_now",TRUE,Variant,Visible Carbon,F6 812 23,0,shopify,6,deny,manual,8900.00,TRUE,TRUE,https://cdn.shopify.com/s/files/1/0701/4472/0949/files/Screenshot2026-01-22at18.59.55_507f9272-0b64-4054-9c4f-be83afff5c37.png,1,Insert for Air-Outlet Engine Bonnet - Ferrari 812 Superfast & GTS - F6 812 23 - Novitec,FALSE,active
novitec-ferrari-812-f6-812-23,,,,,,,,Ferrari Carbon,F6 812 23-2,0,shopify,4,deny,manual,8900.00,TRUE,TRUE,,,,,
novitec-ferrari-812-f6-812-23,,,,,,,,Forged Carbon,F6 812 23-3,0,shopify,2,deny,manual,8900.00,TRUE,TRUE,,,,,
novitec-ferrari-812-f6-812-23,,,,,,,,,,,,,,,,,,https://cdn.shopify.com/s/files/1/0701/4472/0949/files/Screenshot2026-01-22at19.05.32_2da4b0a0-637b-4a53-ba12-d038e707dd13.png,2,Insert for Air-Outlet Engine Bonnet - Ferrari 812 Superfast & GTS - F6 812 23 - Novitec,,
novitec-ferrari-812-f6-812-23,,,,,,,,,,,,,,,,,,https://cdn.shopify.com/s/files/1/0701/4472/0949/files/Screenshot_2026-01-15_at_00.30.11_df9037c1-74d2-4b4b-b857-33ba5b67e150.png,3,Insert for Air-Outlet Engine Bonnet - Ferrari 812 Superfast & GTS - F6 812 23 - Novitec,,
novitec-ferrari-812-f6-812-22,Insert for Air-Outlet Front Fenders - Ferrari 812 Superfast & GTS - F6 812 22 - Novitec,"<h4>Description</h4> <p>The <strong>NOVITEC Insert for Air-Outlet Front Fenders</strong> for the <strong>Ferrari 812 Superfast and 812 GTS </strong>enhances the side aerodynamics with a refined motorsport-inspired carbon detail. Designed to integrate seamlessly into the factory front fender air outlets, this component emphasizes airflow management while adding a distinctive exposed carbon accent.</p> <p>Manufactured from visible carbon fiber, the insert combines lightweight construction with a premium high-gloss finish, perfectly complementing the aggressive design language of the Ferrari 812.</p> <h4>Compatibility</h4> <p>Ferrari 812 <strong>Superfast</strong><br>Ferrari 812 <strong>GTS</strong></p> <p>Designed for the original front fender air-outlet.</p> <h4>Key Features</h4> <ul> <li> <p>Air-outlet insert for front fenders</p> </li> <li> <p>Manufactured from visible carbon fiber</p> </li> <li> <p>Enhances side aerodynamic detailing</p> </li> <li> <p>Integrates into original factory air-outlet</p> </li> <li> <p>Developed specifically for Ferrari 812 Superfast &amp; GTS</p> </li> <li> <p>Lightweight construction</p> </li> <li> <p>Precision-engineered for OEM-level fitment</p> </li> </ul> <h4>Technical Details</h4> <ul> <li> <p>Manufacturer: NOVITEC</p> </li> <li> <p>Product Type: Front Fender Air-Outlet Insert</p> </li> <li> <p>Material: Visible Carbon Fiber</p> </li> <li> <p>Finish: High-gloss exposed carbon</p> </li> </ul> <h4>Installation</h4> <p>Professional installation is strongly recommended.</p> <h4>Part Number</h4> <ul> <li> <p>F6 812 22</p> </li> </ul> <h4>Special Order</h4> <p>Lead time approximately <strong>4–6 weeks</strong></p>",Novitec,Aerodynamics,"brand_novitec, car_ferrari, category_aerodynamic, condition_new, install_available, model_812_gts, model_812_superfast, pricing_buy_now",TRUE,Variant,Visible Carbon,F6 812 22,0,shopify,2,deny,manual,6900.00,TRUE,TRUE,https://cdn.shopify.com/s/files/1/0701/4472/0949/files/Screenshot2026-01-22at18.59.38.png,1,Insert for Air-Outlet Front Fenders - Ferrari 812 Superfast & GTS - F6 812 22 - Novitec,FALSE,active
novitec-ferrari-812-f6-812-22,,,,,,,,Ferrari Carbon,F6 812 22-2,0,shopify,2,deny,manual,6900.00,TRUE,TRUE,,,,,
novitec-ferrari-812-f6-812-22,,,,,,,,,,,,,,,,,,https://cdn.shopify.com/s/files/1/0701/4472/0949/files/Screenshot2026-01-22at18.52.36.png,2,Insert for Air-Outlet Front Fenders - Ferrari 812 Superfast & GTS - F6 812 22 - Novitec,,
novitec-ferrari-812-f6-812-22,,,,,,,,,,,,,,,,,,https://cdn.shopify.com/s/files/1/0701/4472/0949/files/Screenshot_2026-01-15_at_00.30.11_df9037c1-74d2-4b4b-b857-33ba5b67e150.png,3,Insert for Air-Outlet Front Fenders - Ferrari 812 Superfast & GTS - F6 812 22 - Novitec,,
novitec-ferrari-812-f6-812-21,Front Attachment - Ferrari 812 Superfast & GTS - F6 812 21 - Novitec,"<h4>Description</h4> <p>The <strong>NOVITEC Front Attachment</strong> for the <strong>Ferrari 812 Superfast and 812 GTS</strong> enhances the front-end aerodynamics while adding a sharper and more aggressive visual accent. Designed to fit the original factory front bumper, this component supports negative lift and contributes to improved high-speed stability.</p> <p>Manufactured from visible carbon fiber, the front attachment combines lightweight construction with a premium high-gloss finish, perfectly complementing the performance-driven design of the Ferrari 812.</p> <h4>Compatibility</h4> <p>Ferrari 812 <strong>Superfast</strong><br>Ferrari 812 <strong>GTS</strong></p> <p>Fits to the original factory front bumper.</p> <h4>Key Features</h4> <ul> <li> <p>Front attachment</p> </li> <li> <p>Supports negative lift and aerodynamic balance</p> </li> <li> <p>Fits original factory front bumper</p> </li> <li> <p>Manufactured from visible carbon fiber</p> </li> <li> <p>Enhances high-speed stability and front-end presence</p> </li> <li> <p>Developed specifically for Ferrari 812 Superfast &amp; GTS</p> </li> <li> <p>Precision-engineered for OEM-level fitment</p> </li> </ul> <h4>Technical Details</h4> <ul> <li> <p>Manufacturer: NOVITEC</p> </li> <li> <p>Product Type: Front Attachment</p> </li> <li> <p>Material: Visible Carbon Fiber</p> </li> <li> <p>Finish: High-gloss exposed carbon</p> </li> </ul> <h4>Installation</h4> <p>Professional installation is strongly recommended.</p> <h4>Part Number</h4> <ul> <li> <p>F6 812 21</p> </li> </ul> <h4>Special Order</h4> <p>Lead time approximately <strong>4–6 weeks</strong></p>",Novitec,Aerodynamics,"brand_novitec, car_ferrari, category_aerodynamic, condition_new, install_available, model_812_gts, model_812_superfast, pricing_buy_now",TRUE,Variant,Visible Carbon,F6-812-21,0,shopify,4,deny,manual,14900.00,TRUE,TRUE,https://cdn.shopify.com/s/files/1/0701/4472/0949/files/Screenshot2026-01-22at18.59.18.png,1,Front Attachment - Ferrari 812 Superfast & GTS - F6 812 21 - Novitec,FALSE,active
novitec-ferrari-812-f6-812-21,,,,,,,,Ferrari Carbon,F6 812 21,0,shopify,3,deny,manual,14900.00,TRUE,TRUE,,,,,
novitec-ferrari-812-f6-812-21,,,,,,,,,,,,,,,,,,https://cdn.shopify.com/s/files/1/0701/4472/0949/files/Screenshot2026-01-22at19.03.31.png,2,Front Attachment - Ferrari 812 Superfast & GTS - F6 812 21 - Novitec,,
novitec-ferrari-812-f6-812-21,,,,,,,,,,,,,,,,,,https://cdn.shopify.com/s/files/1/0701/4472/0949/files/Screenshot_2026-01-15_at_00.30.11_df9037c1-74d2-4b4b-b857-33ba5b67e150.png,3,Front Attachment - Ferrari 812 Superfast & GTS - F6 812 21 - Novitec,,
novitec-ferrari-812-f6-812-20,Front Spoiler Lip - Ferrari 812 Superfast & GTS - F6 812 20 - Novitec,"<h6>Description</h6> <p>The <strong>NOVITEC Front Spoiler Lip</strong> for the <strong>Ferrari 812 Superfast and 812 GTS</strong> enhances front-end aerodynamics while delivering a sharper and more aggressive visual presence. Designed to fit the original factory front bumper, this component supports negative lift and improves high-speed stability.</p> <p>Manufactured from visible carbon fiber, the front spoiler lip combines lightweight construction with a premium high-gloss finish, perfectly complementing the dynamic character of the naturally aspirated V12 Ferrari 812.</p> <h4>Compatibility</h4> <p>Ferrari 812 <strong>Superfast</strong><br>Ferrari 812 <strong>GTS</strong></p> <p>Fits to the original factory front bumper.</p> <h4>Key Features</h4> <ul> <li> <p>Front spoiler lip</p> </li> <li> <p>Supports negative lift and aerodynamic balance</p> </li> <li> <p>Fits original factory front bumper</p> </li> <li> <p>Manufactured from visible carbon fiber</p> </li> <li> <p>Enhances high-speed stability</p> </li> <li> <p>Developed specifically for Ferrari 812 Superfast &amp; GTS</p> </li> <li> <p>Precision-engineered for OEM-level fitment</p> </li> </ul> <h4>Technical Details</h4> <ul> <li> <p>Manufacturer: NOVITEC</p> </li> <li> <p>Product Type: Front Spoiler Lip</p> </li> <li> <p>Material: Visible Carbon Fiber</p> </li> <li> <p>Finish: High-gloss exposed carbon</p> </li> </ul> <h4>Installation</h4> <p>Professional installation is strongly recommended.</p> <h4>Part Number</h4> <ul> <li> <p>F6 812 20</p> </li> </ul> <h4>Special Order</h4> <p>Lead time approximately <strong>4–6 weeks</strong></p>",Novitec,Aerodynamics,"brand_novitec, car_ferrari, category_aerodynamic, condition_new, install_available, model_812_gts, model_812_superfast, pricing_buy_now",TRUE,Variant,Visible Carbon,F6 812 20,0,shopify,2,deny,manual,18900.00,TRUE,TRUE,https://cdn.shopify.com/s/files/1/0701/4472/0949/files/Screenshot2026-01-22at18.58.57.png,1,Front Spoiler Lip - Ferrari 812 Superfast & GTS - F6 812 20 - Novitec,FALSE,active
novitec-ferrari-812-f6-812-20,,,,,,,,Ferrari Carbon,F6-812-20,0,shopify,4,deny,manual,18900.00,TRUE,TRUE,,,,,
novitec-ferrari-812-f6-812-20,,,,,,,,,,,,,,,,,,https://cdn.shopify.com/s/files/1/0701/4472/0949/files/Screenshot2026-01-22at18.51.47.png,2,Front Spoiler Lip - Ferrari 812 Superfast & GTS - F6 812 20 - Novitec,,
novitec-ferrari-812-f6-812-20,,,,,,,,,,,,,,,,,,https://cdn.shopify.com/s/files/1/0701/4472/0949/files/Screenshot_2026-01-15_at_00.30.11_df9037c1-74d2-4b4b-b857-33ba5b67e150.png,3,Front Spoiler Lip - Ferrari 812 Superfast & GTS - F6 812 20 - Novitec,,
novitec-revuelto-l4-444-71,"NL4 Forged Aluminium Wheel Set with Central lock - Lamborghini Revuelto - L4 444 71, 51/61 - Novitec","<h4>Description</h4> <p>The <strong>NOVITEC NL4 Forged Aluminium Wheel Set – Central Lock LOOK</strong> for the <strong>Lamborghini Revuelto</strong> combines advanced forged construction with a distinctive motorsport-inspired center-lock design. Developed specifically for the Revuelto, this wheel set enhances steering precision, high-speed stability, and overall driving dynamics while delivering a bold and performance-focused appearance.</p> <p>Engineered to match the Revuelto’s aggressive proportions, the NL4 wheels provide lightweight strength and uncompromising visual impact.</p> <h4>Compatibility</h4> <p>Lamborghini Revuelto</p> <h4>Key Features</h4> <ul> <li> <p>Forged aluminium wheel set NL4</p> </li> <li> <p>Central Lock LOOK design</p> </li> <li> <p>Lightweight construction for improved handling and agility</p> </li> <li> <p>Developed specifically for Lamborghini Revuelto</p> </li> <li> <p>Precision fitment for front and rear axles</p> </li> <li> <p>Available with or without tyres</p> </li> </ul> <h4>Wheel Specifications</h4> <p><strong>Front Axle</strong><br>9.5J x 21""</p> <p><strong>Rear Axle</strong><br>12.5J x 22""</p> <h4>Tyre Options</h4> <p><strong>With Tyres</strong></p> <ul> <li> <p>Front: 265/30 R21</p> </li> <li> <p>Rear: 355/25 R22</p> </li> </ul> <p><strong>Without Tyres</strong></p> <ul> <li> <p>Wheels supplied without tyres</p> </li> </ul> <h4>Technical Details</h4> <ul> <li> <p>Manufacturer: NOVITEC</p> </li> <li> <p>Wheel Type: Forged Aluminium</p> </li> <li> <p>Model: NL4</p> </li> <li> <p>Design: Central Lock LOOK</p> </li> <li> <p>Quantity: Complete wheel set (front and rear)</p> </li> </ul> <h4>Installation</h4> <p>Professional installation and wheel alignment are strongly recommended.</p> <h4>Part Numbers</h4> <p><strong>With Tyres</strong></p> <ul> <li> <p>L4 444 71",Novitec,Wheels,"brand_novitec, car_lamborghini, category_wheels, condition_new, install_available, model_revuelto, pricing_buy_now",TRUE,Variant,With Tyres,L4 444 71,0,shopify,6,deny,manual,79900.00,TRUE,TRUE,https://cdn.shopify.com/s/files/1/0701/4472/0949/files/Screenshot2026-01-22at12.43.32.png,1,"NL4 Forged Aluminium Wheel Set with Central lock - Lamborghini Revuelto - L4 444 71, 51/61 - Novitec",FALSE,active
novitec-revuelto-l4-444-71,,,,,,,,Without Tyres,L4-444-51/61,0,shopify,3,deny,manual,69900.00,TRUE,TRUE,,,,,
novitec-revuelto-l4-444-71,,,,,,,,,,,,,,,,,,https://cdn.shopify.com/s/files/1/0701/4472/0949/files/Screenshot_2026-02-23_at_01.21.42.png,2,"NL4 Forged Aluminium Wheel Set with Central lock - Lamborghini Revuelto - L4 444 71, 51/61 - Novitec",,
novitec-switchtronic-flap-control-revuelto,SWITCHTRONIC Module - Lamborghini Revuelto - L1 444 91 - Novitec,"<h4>Description</h4> <p>The <strong>NOVITEC SWITCHTRONIC Module</strong> for the <strong>Lamborghini Revuelto</strong> enables manual control of exhaust systems equipped with flap regulation. Using a radio remote, the driver can open or close the exhaust valves directly from the cockpit, instantly adjusting the exhaust sound character.</p> <p>Designed for seamless integration with NOVITEC valved exhaust systems, SWITCHTRONIC enhances driving engagement while maintaining OEM-level functionality and comfort.</p> <h4>Compatibility</h4> <p>Lamborghini Revuelto<br>For use with <strong>exhaust systems equipped with flap regulation</strong></p> <h4>Key Features</h4> <ul> <li> <p>Remote control operation via radio signal</p> </li> <li> <p>Open and close exhaust flaps directly from the cockpit</p> </li> <li> <p>Designed for NOVITEC exhaust systems with flap regulation</p> </li> <li> <p>Enhances sound customization and driving experience</p> </li> <li> <p>Seamless integration with factory electronics</p> </li> </ul> <h4>Technical Details</h4> <ul> <li> <p>Manufacturer: NOVITEC</p> </li> <li> <p>Product Type: Exhaust Valve Control Module</p> </li> <li> <p>Operation: Radio remote control</p> </li> <li> <p>Function: Manual exhaust flap control</p> </li> </ul> <h4>Installation</h4> <p>Professional installation is strongly recommended.<br>To be installed in combination with exhaust systems featuring flap regulation.</p> <h4>Part Number</h4> <ul> <li> <p>L1 444 91</p> </li> </ul> <h4>Special Order</h4> <p>Lead time approximately <strong>4–6 weeks</strong></p>",Novitec,Exhaust,"brand_novitec, car_lamborghini, category_exhaust, condition_new, install_available, model_revuelto, pricing_buy_now",TRUE,Title,Default Title,L1 444 91,0,shopify,5,deny,manual,3900.00,TRUE,TRUE,https://cdn.shopify.com/s/files/1/0701/4472/0949/files/Screenshot_2026-02-14_at_14.30.40.png,1,SWITCHTRONIC Module - Lamborghini Revuelto - L1 444 91 - Novitec,FALSE,active
novitec-tectronic-with-novitec-exhaust-purchase-revuelto,TECTRONIC Module - Lamborghini Revuelto - L1 444 80 - Novitec,"<h4>Description</h4> <p>The <strong>NOVITEC TECTRONIC Module</strong> for the <strong>Lamborghini Revuelto</strong> is developed to ensure proper engine management when upgrading the exhaust system with NOVITEC sport metal catalysts or cat-replacement pipes. The module prevents catalyst-related error indications and maintains seamless communication with the vehicle’s factory electronics.</p> <p>Engineered specifically for the Revuelto’s advanced hybrid V12 powertrain, TECTRONIC preserves OEM-level functionality while supporting enhanced exhaust performance.</p> <h4>Compatibility</h4> <p>Lamborghini Revuelto<br>For use with <strong>NOVITEC Sport Metal Catalysts</strong> and <strong>Cat-Replacement Pipes</strong><br>To be purchased in combination with a <strong>NOVITEC exhaust system</strong></p> <h4>Key Features</h4> <ul> <li> <p>Prevents catalyst-related error indications</p> </li> <li> <p>Required when installing sport metal catalysts or cat-replacement pipes</p> </li> <li> <p>Seamless integration with factory engine management</p> </li> <li> <p>Maintains OEM-level drivability and functionality</p> </li> <li> <p>Developed specifically for Lamborghini Revuelto</p> </li> </ul> <h4>Technical Details</h4> <ul> <li> <p>Manufacturer: NOVITEC</p> </li> <li> <p>Product Type: Electronic Control Module</p> </li> <li> <p>Application: Catalyst error prevention</p> </li> <li> <p>Requirement: Must be installed together with NOVITEC exhaust system</p> </li> </ul> <h4>Installation</h4> <p>Professional installation is strongly recommended.<br>To be installed in combination with NOVITEC exhaust and catalyst upgrades.</p> <h4>Part Number</h4> <ul> <li> <p>L1 444 80</p> </li> </ul> <h4>Special Order</h4> <p>Lead time approximately <strong>4–6 weeks</strong></p>",Novitec,Exhaust,"brand_novitec, car_lamborghini, category_exhaust, condition_new, install_available, model_revuelto, pricing_buy_now",TRUE,Title,Default Title,L1-444-80,0,shopify,5,deny,manual,4900.00,TRUE,TRUE,https://cdn.shopify.com/s/files/1/0701/4472/0949/files/tempImageSC1Wyu.jpg,1,TECTRONIC Module - Lamborghini Revuelto - L1 444 80 - Novitec,FALSE,active
novitec-sport-metal-catalysts-set-heat-protected-revuelto,Sport Metal Catalysts (Set) - Lamborghini Revuelto - L1 444 13/ 33 - Novitec,"<h4>Description</h4> <p>The <strong>NOVITEC Sport Metal Catalysts (Set)</strong> for the <strong>Lamborghini Revuelto</strong> are engineered to improve exhaust efficiency and enhance overall engine responsiveness. Designed for use with both NOVITEC and original factory exhaust systems, these high-performance catalysts reduce backpressure while maintaining precise OEM-level integration.</p> <p>All versions are fully heat-protected to ensure maximum durability and thermal stability under extreme operating conditions.</p> <h4>Compatibility</h4> <p>Lamborghini Revuelto<br>Compatible with <strong>NOVITEC exhaust systems</strong> and <strong>original factory exhaust systems</strong></p> <h4>Key Features</h4> <ul> <li> <p>High-performance sport metal catalysts (set)</p> </li> <li> <p>Optimized exhaust flow and reduced backpressure</p> </li> <li> <p>Improved throttle response</p> </li> <li> <p>Designed for use with NOVITEC and original exhaust systems</p> </li> <li> <p>Complete heat-protected construction</p> </li> <li> <p>Developed specifically for Lamborghini Revuelto</p> </li> <li> <p>Direct replacement using factory mounting points</p> </li> </ul> <h4>Available Versions</h4> <p><strong>Complete Heat-Protected</strong></p> <ul> <li> <p>Fully covered with high-temperature heat protection</p> </li> <li> <p>Optimized for thermal durability and reliability</p> </li> </ul> <p><strong>Gold-Plated (999 Fine Gold)</strong></p> <ul> <li> <p>Covered with high-temperature heat protection</p> </li> <li> <p>Gold-plated with 999 fine gold</p> </li> <li> <p>Maximum thermal efficiency</p> </li> <li> <p>Reduced heat radiation and exclusive motorsport appearance</p> </li> </ul> <h4>Technical Details</h4> <ul> <li> <p>Manufacturer: NOVITEC</p> </li> <li> <p>Product Type: Sport Metal Catalysts</p> </li> <li> <p>Quantity: Set</p> </li> <li> <p>Heat Protection: Complete heat-protected system</p> </li> </ul> <h4>Installation</h4> <p>Professional",Novitec,Exhaust,"brand_novitec, car_lamborghini, category_exhaust, condition_new, install_available, model_revuelto, pricing_buy_now",TRUE,Variant,Regular,L1 444 13,0,shopify,2,deny,manual,48900.00,TRUE,TRUE,https://cdn.shopify.com/s/files/1/0701/4472/0949/files/Screenshot2026-01-22at12.50.16.png,1,Sport Metal Catalysts (Set) - Lamborghini Revuelto - L1 444 13/ 33 - Novitec,FALSE,active
novitec-sport-metal-catalysts-set-heat-protected-revuelto,,,,,,,,Gold Plated 999,L1 444 33,0,shopify,3,deny,manual,59900.00,TRUE,TRUE,,,,,
novitec-sport-metal-catalysts-set-heat-protected-revuelto,,,,,,,,,,,,,,,,,,https://cdn.shopify.com/s/files/1/0701/4472/0949/files/Screenshot_2026-02-23_at_00.08.10.png,2,Sport Metal Catalysts (Set) - Lamborghini Revuelto - L1 444 13/ 33 - Novitec,,
novitec-cat-replacement-pipes-set-of-2-heat-protected-revuelto,Cat-Replacement Pipes (Set of 2) - Lamborghini Revuelto - L1 444 12/ 32 - Novitec,"<h4>Description</h4> <p>The <strong>NOVITEC Cat-Replacement Pipes (Set of 2)</strong> for the <strong>Lamborghini Revuelto</strong> are engineered to further optimize exhaust flow and intensify the vehicle’s performance character. Designed for use with both NOVITEC and original factory exhaust systems, these replacement pipes reduce backpressure and enhance throttle response.</p> <p>All versions are fully heat-protected to ensure durability and thermal stability under extreme performance conditions.</p> <h4>Compatibility</h4> <p>Lamborghini Revuelto<br>Compatible with <strong>NOVITEC exhaust systems</strong> and <strong>original factory exhaust systems</strong></p> <h4>Key Features</h4> <ul> <li> <p>Cat-replacement pipes (set of 2)</p> </li> <li> <p>Optimized exhaust flow and reduced backpressure</p> </li> <li> <p>Enhanced throttle response</p> </li> <li> <p>Designed for use with NOVITEC and original exhaust systems</p> </li> <li> <p>Complete heat-protected construction</p> </li> <li> <p>Developed specifically for Lamborghini Revuelto</p> </li> <li> <p>Direct replacement using factory mounting points</p> </li> </ul> <h4>Available Versions</h4> <p><strong>Complete Heat-Protected</strong></p> <ul> <li> <p>High-grade construction</p> </li> <li> <p>Fully covered with heat protection</p> </li> <li> <p>Optimized thermal durability</p> </li> </ul> <p><strong>Gold-Plated (999 Fine Gold)</strong></p> <ul> <li> <p>Covered with high-temperature heat protection</p> </li> <li> <p>Gold-plated with 999 fine gold</p> </li> <li> <p>Maximum thermal efficiency</p> </li> <li> <p>Reduced heat radiation and premium motorsport finish</p> </li> </ul> <h4>Technical Details</h4> <ul> <li> <p>Manufacturer: NOVITEC</p> </li> <li> <p>Product Type: Cat-Replacement Pipes</p> </li> <li> <p>Quantity: Set of 2</p> </li> <li> <p>Heat Protection: Complete heat-protected system</p> </li> </ul> <h4>Installation</h4> <p data-s",Novitec,Exhaust,"brand_novitec, car_lamborghini, category_exhaust, condition_new, install_available, model_revuelto, pricing_buy_now",TRUE,Variant,Regular,L1 444 12,0,shopify,6,deny,manual,20900.00,TRUE,TRUE,https://cdn.shopify.com/s/files/1/0701/4472/0949/files/Screenshot2026-01-22at12.50.44.png,1,Cat-Replacement Pipes (Set of 2) - Lamborghini Revuelto - L1 444 12/ 32 - Novitec,FALSE,active
novitec-cat-replacement-pipes-set-of-2-heat-protected-revuelto,,,,,,,,Gold Plated 999,L1 444 32,0,shopify,1,deny,manual,29900.00,TRUE,TRUE,,,,,
novitec-cat-replacement-pipes-set-of-2-heat-protected-revuelto,,,,,,,,,,,,,,,,,,https://cdn.shopify.com/s/files/1/0701/4472/0949/files/Screenshot_2026-02-23_at_00.00.22.png,2,Cat-Replacement Pipes (Set of 2) - Lamborghini Revuelto - L1 444 12/ 32 - Novitec,,
novitec-power-optimized-exhaust-system-with-flap-regulation-stainless-steel-heat-protected-revuelto,Power Optimized Exhaust System with Flap Regulation - Lamborghini Revuelto - L1 444 10/ 20/ 30 - Novitec,"<h4>Description</h4> <p>The <strong>NOVITEC Power-Optimized Exhaust System with Flap Regulation</strong> for the <strong>Lamborghini Revuelto</strong> is engineered to enhance performance, reduce backpressure, and deliver a sharper, more aggressive exhaust note. Developed specifically for Lamborghini’s hybrid V12 powertrain, this system improves exhaust flow while maintaining precise OEM-level fitment and reliability.</p> <p>Available in multiple material configurations, each version offers a unique balance of performance, weight reduction, and thermal efficiency. All variants are fully heat-protected for optimal durability under extreme operating conditions.</p> <h4>Compatibility</h4> <p>Lamborghini Revuelto</p> <h4>Key Features</h4> <ul> <li> <p>Power-optimized exhaust system</p> </li> <li> <p>Integrated flap regulation (valved system)</p> </li> <li> <p>Complete heat-protected construction</p> </li> <li> <p>Improved exhaust flow and throttle response</p> </li> <li> <p>Developed specifically for Lamborghini Revuelto</p> </li> <li> <p>Direct replacement using factory mounting points</p> </li> <li> <p>Available in Stainless Steel, INCONEL, or Gold-Plated INCONEL</p> </li> </ul> <h4>Available Versions</h4> <p><strong>Stainless Steel – Complete Heat-Protected</strong></p> <ul> <li> <p>High-grade stainless steel construction</p> </li> <li> <p>Optimized performance and enhanced exhaust tone</p> </li> <li> <p>Fully heat-protected system</p> </li> </ul> <p><strong>INCONEL – Complete Heat-Protected</strong></p> <ul> <li> <p>Lightweight high-performance alloy</p> </li> <li> <p>Reduced overall system weight</p> </li> <li> <p>Motorsport-inspired exhaust character</p> </li> <li> <p>Fully heat-protected construction</p> </li> </ul> <p><strong>INCONEL – Gold-Plated (999 Fine Gold)</strong></p> <ul> <li> <p>Lightweight INCONEL construction</p> </li> <li> <p>Covered with high-temperature heat protection</p> </li> <li> <p>Gold-plated with 999 fine gold</p> </li> <li> <p>Significantly reduced heat radiation</p> </li> <li> <p>Maximum thermal efficien",Novitec,Exhaust,"brand_novitec, car_lamborghini, category_exhaust, condition_new, install_available, model_revuelto, pricing_buy_now",TRUE,Variant,Stainless Steel,L1 444 10,0,shopify,1,deny,manual,42900.00,TRUE,TRUE,https://cdn.shopify.com/s/files/1/0701/4472/0949/files/Screenshot2026-01-22at12.52.11.png,1,Power Optimized Exhaust System with Flap Regulation - Lamborghini Revuelto - L1 444 10/ 20/ 30 - Novitec,FALSE,active
novitec-power-optimized-exhaust-system-with-flap-regulation-stainless-steel-heat-protected-revuelto,,,,,,,,Inconel,L1 444 20,0,shopify,4,deny,manual,52900.00,TRUE,TRUE,,,,,
novitec-power-optimized-exhaust-system-with-flap-regulation-stainless-steel-heat-protected-revuelto,,,,,,,,Inconel Gold 999,L1 444 30,0,shopify,5,deny,manual,69900.00,TRUE,TRUE,,,,,
novitec-power-optimized-exhaust-system-with-flap-regulation-stainless-steel-heat-protected-revuelto,,,,,,,,,,,,,,,,,,https://cdn.shopify.com/s/files/1/0701/4472/0949/files/Screenshot_2026-02-22_at_23.22.38.png,2,Power Optimized Exhaust System with Flap Regulation - Lamborghini Revuelto - L1 444 10/ 20/ 30 - Novitec,,
novitec-power-optimized-exhaust-system-race-no-flap-regulation-stainless-steel-heat-protected-revuelto,Power Optimized Exhaust System RACE without Flap Regulation  - Lamborghini Revuelto - L1 444 11/ 21/ 31 - Novitec,"<h4>Description</h4> <p>The <strong>NOVITEC Power-Optimized RACE Exhaust System (without Flap Regulation)</strong> for the <strong>Lamborghini Revuelto</strong>is engineered for maximum performance and an uncompromising motorsport-inspired sound experience. Developed specifically for Lamborghini’s hybrid V12 powertrain, this RACE system optimizes exhaust flow, reduces backpressure, and delivers a consistently aggressive exhaust note.</p> <p>Without flap regulation, the system provides a permanent performance-focused sound character. All versions are fully heat-protected to ensure durability and reliability under extreme operating conditions.</p> <h4>Compatibility</h4> <p>Lamborghini Revuelto</p> <h4>Key Features</h4> <ul> <li> <p>Power-optimized RACE exhaust system</p> </li> <li> <p>Without flap regulation</p> </li> <li> <p>Complete heat-protected construction</p> </li> <li> <p>Enhanced exhaust flow and throttle response</p> </li> <li> <p>Permanent sporty exhaust character</p> </li> <li> <p>Developed specifically for Lamborghini Revuelto</p> </li> <li> <p>Direct replacement using factory mounting points</p> </li> <li> <p>Available in Stainless Steel, INCONEL, or Gold-Plated INCONEL</p> </li> </ul> <h4>Available Versions</h4> <p><strong>Stainless Steel – Complete Heat-Protected</strong></p> <ul> <li> <p>High-grade stainless steel construction</p> </li> <li> <p>Optimized performance and dynamic exhaust tone</p> </li> <li> <p>Fully heat-protected system</p> </li> </ul> <p><strong>INCONEL – Complete Heat-Protected</strong></p> <ul> <li> <p>Lightweight high-performance alloy</p> </li> <li> <p>Reduced overall system weight</p> </li> <li> <p>Sharper, motorsport-inspired exhaust sound</p> </li> <li> <p>Fully heat-protected construction</p> </li> </ul> <p><strong>INCONEL – Gold-Plated (999 Fine Gold)</strong></p> <ul> <li> <p>Lightweight INCONEL construction</p> </li> <li> <p>Covered with high-temperature heat protection</p> </li> <li> <p>Gold-plated with 999 fine gold</p> </li> <li> <p>Significantly reduced heat radiation</p> </li> <li dat",Novitec,Exhaust,"brand_novitec, car_lamborghini, category_exhaust, condition_new, install_available, model_revuelto, pricing_buy_now",TRUE,Variant,Stainless Steel,L1 444 11,0,shopify,3,deny,manual,31900.00,TRUE,TRUE,https://cdn.shopify.com/s/files/1/0701/4472/0949/files/Screenshot2026-01-22at12.51.04.png,1,Power Optimized Exhaust System RACE without Flap Regulation  - Lamborghini Revuelto - L1 444 11/ 21/ 31 - Novitec,FALSE,active
novitec-power-optimized-exhaust-system-race-no-flap-regulation-stainless-steel-heat-protected-revuelto,,,,,,,,Inconel,L1 444 21,0,shopify,3,deny,manual,40900.00,TRUE,TRUE,,,,,
novitec-power-optimized-exhaust-system-race-no-flap-regulation-stainless-steel-heat-protected-revuelto,,,,,,,,Inconel Gold 999,L1 444 31,0,shopify,5,deny,manual,52900.00,TRUE,TRUE,,,,,
novitec-power-optimized-exhaust-system-race-no-flap-regulation-stainless-steel-heat-protected-revuelto,,,,,,,,,,,,,,,,,,https://cdn.shopify.com/s/files/1/0701/4472/0949/files/Screenshot_2026-02-22_at_23.36.30.png,2,Power Optimized Exhaust System RACE without Flap Regulation  - Lamborghini Revuelto - L1 444 11/ 21/ 31 - Novitec,,
novitec-mclaren-750s-c4-750-92,MC4 Forged Wheel Set with Central Lock - McLaren 750S Coupé & Spider - C4 750 92/ 90/91 - Novitec,"<h4>Description</h4> <p>The <strong>NOVITEC MC4 Forged Wheel Set – Central Lock LOOK</strong> for the <strong>McLaren 750S Coupé &amp; Spider</strong> combines advanced forged engineering with a distinctive motorsport-inspired center-lock design. Developed specifically for the 750S, the MC4 wheels enhance steering precision, stability, and overall driving performance while reinforcing the vehicle’s aggressive racing character.</p> <p>Designed for maximum strength with minimal weight, the MC4 forged wheels deliver uncompromising performance and a bold, high-performance appearance.</p> <h4>Compatibility</h4> <p>McLaren 750S <strong>Coupé</strong><br>McLaren 750S <strong>Spider</strong></p> <h4>Key Features</h4> <ul> <li> <p>Forged aluminium wheel set MC4</p> </li> <li> <p>Central Lock LOOK design</p> </li> <li> <p>Lightweight forged construction</p> </li> <li> <p>Developed specifically for McLaren 750S</p> </li> <li> <p>Precision fitment for front and rear axles</p> </li> <li> <p>Available with or without tyres</p> </li> </ul> <h4>Wheel Specifications</h4> <p><strong>Front Axle</strong><br>9.0J x 20""</p> <p><strong>Rear Axle</strong><br>12.0J x 21""</p> <h4>Tyre Options</h4> <p><strong>With Tyres</strong></p> <ul> <li> <p>Front: 255/30 R20</p> </li> <li> <p>Rear: 325/25 R21</p> </li> </ul> <p><strong>Without Tyres</strong></p> <ul> <li> <p>Wheels supplied without tyres</p> </li> </ul> <h4>Technical Details</h4> <ul> <li> <p>Manufacturer: NOVITEC</p> </li> <li> <p>Wheel Type: Forged Aluminium</p> </li> <li> <p>Model: MC4</p> </li> <li> <p>Design: Central Lock LOOK</p> </li> <li> <p>Quantity: Complete wheel set (front and rear)</p> </li> </ul> <h4>Installation</h4> <p>Professional installation and wheel alignment are strongly recommended.</p> <h4>Part Numbers</h4> <p><strong>With Tyres</strong></p> <ul data",Novitec,Wheels,"brand_novitec, car_mclaren, category_wheels, condition_new, install_available, model_750s, pricing_buy_now",TRUE,Variant,With Tyres,C4 750 92,0,shopify,2,deny,manual,66900.00,TRUE,TRUE,https://cdn.shopify.com/s/files/1/0701/4472/0949/files/Screenshot2026-01-21at09.55.04.png,1,MC4 Forged Wheel Set with Central Lock - McLaren 750S Coupé & Spider - C4 750 92/ 90/91 - Novitec,FALSE,active
novitec-mclaren-750s-c4-750-92,,,,,,,,Without Tyres,C4 750 90/91,0,shopify,4,deny,manual,54900.00,TRUE,TRUE,,,,,
novitec-mclaren-750s-c4-750-92,,,,,,,,,,,,,,,,,,https://cdn.shopify.com/s/files/1/0701/4472/0949/files/Screenshot_2026-02-15_at_11.42.44.png,2,MC4 Forged Wheel Set with Central Lock - McLaren 750S Coupé & Spider - C4 750 92/ 90/91 - Novitec,,
novitec-novitronic-flap-module-mclaren-750s,NOVITRONIC Module - McLaren 750S Coupé & Spider - C1 750 85 - Novitec,"<h4>Description</h4> <p>The <strong>NOVITEC NOVITRONIC Module</strong> for the <strong>McLaren 750S Coupé &amp; Spider</strong> is designed to prevent diagnostic error messages when installing exhaust systems without flap regulation. The module ensures proper communication with the vehicle’s electronic systems, maintaining OEM-level functionality and reliability.</p> <p>Developed specifically for the 750S platform, NOVITRONIC enables seamless integration of non-valved exhaust systems without triggering fault indications.</p> <h4>Compatibility</h4> <p>McLaren 750S <strong>Coupé</strong><br>McLaren 750S <strong>Spider</strong><br>For use with <strong>exhaust systems without flap regulation</strong></p> <h4>Key Features</h4> <ul> <li> <p>Prevents diagnostic errors related to exhaust flap systems</p> </li> <li> <p>Required when installing exhaust systems without flap regulation</p> </li> <li> <p>Seamless integration with factory electronics</p> </li> <li> <p>Maintains OEM-level drivability and system functionality</p> </li> <li> <p>Developed specifically for McLaren 750S</p> </li> </ul> <h4>Technical Details</h4> <ul> <li> <p>Manufacturer: NOVITEC</p> </li> <li> <p>Product Type: Electronic Control Module</p> </li> <li> <p>Application: Exhaust flap diagnostic error prevention</p> </li> </ul> <h4>Installation</h4> <p>Professional installation is strongly recommended.</p> <h4>Part Number</h4> <ul> <li> <p>C1 750 85</p> </li> </ul> <h4>Special Order</h4> <p>Lead time approximately <strong>4–6 weeks</strong></p>",Novitec,Exhaust,"brand_novitec, car_mclaren, category_exhaust, condition_new, install_available, model_750s, pricing_buy_now",TRUE,Title,Default Title,C1 750 85,0,shopify,6,deny,manual,1900.00,TRUE,TRUE,https://cdn.shopify.com/s/files/1/0701/4472/0949/files/Screenshot2026-01-21at09.54.24.png,1,NOVITRONIC Module - McLaren 750S Coupé & Spider - C1 750 85 - Novitec,FALSE,active
novitec-tectronic-with-exhaust-order-mclaren-750s,TECTRONIC Module - McLaren 750S Coupé & Spider - C1 750 80 - Novitec,"<h4>Description</h4> <p>The <strong>NOVITEC TECTRONIC Module</strong> for the <strong>McLaren 750S Coupé &amp; Spider</strong> is engineered to ensure proper engine management when upgrading the exhaust system with NOVITEC sport metal catalysts or NOVITEC cat-replacement pipes. The module prevents exhaust-related error indications and maintains seamless communication with the vehicle’s factory electronics.</p> <p>Developed specifically for the McLaren 750S platform, TECTRONIC preserves OEM-level functionality while supporting enhanced exhaust performance.</p> <h4>Compatibility</h4> <p>McLaren 750S <strong>Coupé</strong><br>McLaren 750S <strong>Spider</strong><br>For use with <strong>NOVITEC Sport Metal Catalysts</strong> or <strong>NOVITEC Cat-Replacement Pipes</strong><br>To be ordered in combination with a <strong>NOVITEC exhaust system</strong></p> <h4>Key Features</h4> <ul> <li> <p>Prevents exhaust system error indications</p> </li> <li> <p>Required when installing sport metal catalysts or cat-replacement pipes</p> </li> <li> <p>Seamless integration with factory engine management</p> </li> <li> <p>Maintains OEM-level drivability and performance</p> </li> <li> <p>Developed specifically for McLaren 750S</p> </li> </ul> <h4>Technical Details</h4> <ul> <li> <p>Manufacturer: NOVITEC</p> </li> <li> <p>Product Type: Electronic Control Module</p> </li> <li> <p>Application: Exhaust error prevention</p> </li> <li> <p>Requirement: Must be installed together with NOVITEC exhaust system</p> </li> </ul> <h4>Installation</h4> <p>Professional installation is strongly recommended.<br>To be installed in combination with NOVITEC exhaust and catalyst upgrades.</p> <h4>Part Number</h4> <ul> <li> <p>C1 750 80</p> </li> </ul> <h4>Special Order</h4> <p>Lead time approximately <strong>4–6 weeks</strong></p>",Novitec,Exhaust,"brand_novitec, car_mclaren, category_exhaust, condition_new, install_available, model_750s, pricing_buy_now",TRUE,Title,Default Title,C1 750 80,0,shopify,3,deny,manual,4900.00,TRUE,TRUE,https://cdn.shopify.com/s/files/1/0701/4472/0949/files/tempImageSC1Wyu.jpg,1,TECTRONIC Module - McLaren 750S Coupé & Spider - C1 750 80 - Novitec,FALSE,active
novitec-cat-replacement-pipes-heat-protected-mclaren-750s,Catalyst Replacement Pipes - McLaren 750S Coupé & Spider - C1 750 50/ 55 - Novitec,"<h4>Description</h4> <p>The <strong>NOVITEC Catalyst-Replacement Pipes (Set of 2)</strong> for the <strong>McLaren 750S Coupé &amp; Spider</strong> are engineered to optimize exhaust flow and intensify the vehicle’s performance character. Designed for use with both NOVITEC and original factory exhaust systems, these replacement pipes reduce backpressure and improve throttle response.</p> <p>All versions are covered with high-temperature heat protection to ensure durability and thermal stability under extreme driving conditions.</p> <h4>Compatibility</h4> <p>McLaren 750S <strong>Coupé</strong><br>McLaren 750S <strong>Spider</strong><br>Compatible with <strong>NOVITEC exhaust systems</strong> and <strong>original factory exhaust systems</strong></p> <h4>Key Features</h4> <ul> <li> <p>Catalyst-replacement pipes (set of 2)</p> </li> <li> <p>Optimized exhaust flow and reduced backpressure</p> </li> <li> <p>Improved throttle response</p> </li> <li> <p>Designed for use with NOVITEC and original exhaust systems</p> </li> <li> <p>Covered with high-temperature heat protection</p> </li> <li> <p>Developed specifically for McLaren 750S</p> </li> <li> <p>Direct replacement installation</p> </li> </ul> <h4>Available Versions</h4> <p><strong>Heat-Protected</strong></p> <ul> <li> <p>Covered with high-temperature heat protection</p> </li> <li> <p>Optimized for durability and performance</p> </li> </ul> <p><strong>Gold-Plated (999 Fine Gold)</strong></p> <ul> <li> <p>Covered with high-temperature heat protection</p> </li> <li> <p>Gold-plated with 999 fine gold</p> </li> <li> <p>Maximum thermal efficiency</p> </li> <li> <p>Reduced heat radiation and exclusive motorsport appearance</p> </li> </ul> <h4>Technical Details</h4> <ul> <li> <p>Manufacturer: NOVITEC</p> </li> <li> <p>Product Type: Catalyst-Replacement Pipes</p> </li> <li> <p>Quantity: Set of 2</p> </li> <li> <p>Heat Protection: High-temperature heat protection</p> </li> </ul> <h6 data-start=""172",Novitec,Exhaust,"brand_novitec, car_mclaren, category_exhaust, condition_new, install_available, model_750s, pricing_buy_now",TRUE,Variant,Regular,C1 750 50,0,shopify,2,deny,manual,15900.00,TRUE,TRUE,https://cdn.shopify.com/s/files/1/0701/4472/0949/files/Screenshot_2026-01-21_at_09.52.59.png,1,Catalyst Replacement Pipes - McLaren 750S Coupé & Spider - C1 750 50/ 55 - Novitec,FALSE,active
novitec-cat-replacement-pipes-heat-protected-mclaren-750s,,,,,,,,Gold Plated 999,C1 750 55,0,shopify,4,deny,manual,22900.00,TRUE,TRUE,,,,,
novitec-cat-replacement-pipes-heat-protected-mclaren-750s,,,,,,,,,,,,,,,,,,https://cdn.shopify.com/s/files/1/0701/4472/0949/files/Screenshot_2026-02-25_at_11.51.04.png,2,Catalyst Replacement Pipes - McLaren 750S Coupé & Spider - C1 750 50/ 55 - Novitec,,
novitec-turbo-inlet-ceramic-mclaren-750s,Turbo Inlet (Set of 2) - McLaren 750S Coupé & Spider - C1 750 70 - Novitec,"<h4>Description</h4> <p>The <strong>NOVITEC Turbo Inlet (Set of 2)</strong> for the <strong>McLaren 750S Coupé &amp; Spider</strong> is engineered to improve airflow efficiency and increase overall engine performance. Designed specifically for the 750S twin-turbo platform, the optimized inlet design reduces flow resistance and enhances turbocharger response.</p> <p>Ceramic-coated for improved thermal management, the system contributes to a measurable power increase of <strong>+13 kW</strong>, while maintaining OEM-level reliability and integration.</p> <h4>Compatibility</h4> <p>McLaren 750S <strong>Coupé</strong><br>McLaren 750S <strong>Spider</strong></p> <h4>Key Features</h4> <ul> <li> <p>Turbo inlet system (2 pieces)</p> </li> <li> <p>Optimized airflow design</p> </li> <li> <p>+13 kW power increase</p> </li> <li> <p>Improved turbo response</p> </li> <li> <p>Ceramic-coated for enhanced heat resistance</p> </li> <li> <p>Developed specifically for McLaren 750S</p> </li> <li> <p>Precision-engineered for OEM-level fitment</p> </li> </ul> <h4>Technical Details</h4> <ul> <li> <p>Manufacturer: NOVITEC</p> </li> <li> <p>Product Type: Turbo Inlet</p> </li> <li> <p>Quantity: Set of 2 pieces</p> </li> <li> <p>Power Increase: +13 kW</p> </li> <li> <p>Finish: Ceramic-coated</p> </li> </ul> <h4>Installation</h4> <p>Professional installation is strongly recommended.</p> <h4>Part Number</h4> <ul> <li> <p>C1 750 70</p> </li> </ul> <h4>Special Order</h4> <p>Lead time approximately <strong>4–6 weeks</strong></p>",Novitec,Exhaust,"brand_novitec, car_mclaren, category_exhaust, condition_new, install_available, model_750s, pricing_buy_now",TRUE,Title,Default Title,C1 750 70,0,shopify,1,deny,manual,7900.00,TRUE,TRUE,https://cdn.shopify.com/s/files/1/0701/4472/0949/files/Screenshot2026-01-21at09.53.44.png,1,Turbo Inlet (Set of 2) - McLaren 750S Coupé & Spider - C1 750 70 - Novitec,FALSE,active
novitec-tailpipes-black-carbon-mclaren-750s,Tailpipes with Carbon Cover - McLaren 750S Coupé & Spider - C1 750 45/ 49 - Novitec,"<h4>Description</h4> <p>The <strong>NOVITEC Tailpipes with Carbon Cover (Set of 2)</strong> for the <strong>McLaren 750S Coupé &amp; Spider</strong> combine premium metal finishes with a visible carbon surround for an even more aggressive and refined rear appearance. Designed for use with both NOVITEC exhaust systems and the original factory exhaust, these tailpipes ensure seamless integration and precise OEM-level fitment.</p> <p>The integrated carbon cover enhances the motorsport-inspired styling while maintaining lightweight construction and a high-end performance aesthetic.</p> <h4>Compatibility</h4> <p>McLaren 750S <strong>Coupé</strong><br>McLaren 750S <strong>Spider</strong><br>Compatible with <strong>NOVITEC exhaust systems</strong> and <strong>original factory exhaust</strong></p> <h4>Key Features</h4> <ul> <li> <p>Tailpipes with carbon cover (set of 2)</p> </li> <li> <p>Designed for NOVITEC and original exhaust systems</p> </li> <li> <p>Integrated visible carbon surround</p> </li> <li> <p>Enhances rear styling and performance appearance</p> </li> <li> <p>Precision-engineered for perfect fitment</p> </li> <li> <p>Available in Black or Gold-Plated finish</p> </li> </ul> <h4>Available Versions</h4> <p><strong>Black Tailpipes with Carbon Cover</strong></p> <ul> <li> <p>Stainless steel construction</p> </li> <li> <p>Black-coated finish</p> </li> <li> <p>Integrated visible carbon cover</p> </li> <li> <p>Sporty and aggressive appearance</p> </li> </ul> <p><strong>Gold-Plated Tailpipes (999 Fine Gold) with Carbon Cover</strong></p> <ul> <li> <p>Stainless steel construction</p> </li> <li> <p>Gold-plated with 999 fine gold</p> </li> <li> <p>Integrated visible carbon cover</p> </li> <li> <p>Premium motorsport-inspired finish</p> </li> <li> <p>Reduced heat discoloration</p> </li> </ul> <h4>Technical Details</h4> <ul> <li> <p>Manufacturer: NOVITEC</p> </li> <li> <p>Product Type: Tailpipes with Carbon Cover</p> </li> <li data-start=",Novitec,Exhaust,"brand_novitec, car_mclaren, category_exhaust, condition_new, install_available, model_750s, pricing_buy_now",TRUE,Variant,Black with Carbon,C1 750 45,0,shopify,4,deny,manual,10900.00,TRUE,TRUE,https://cdn.shopify.com/s/files/1/0701/4472/0949/files/Screenshot2026-01-21at09.52.39.png,1,Tailpipes with Carbon Cover - McLaren 750S Coupé & Spider - C1 750 45/ 49 - Novitec,FALSE,active
novitec-tailpipes-black-carbon-mclaren-750s,,,,,,,,Gold with Carbon,C1 750 46,0,shopify,4,deny,manual,14900.00,TRUE,TRUE,,,,,
novitec-tailpipes-black-mclaren-750s,Tailpipes (Set of 2) - McLaren 750S Coupé & Spider - C1 750 40/ 41 - Novitec,"<h4>Description</h4> <p>The <strong>NOVITEC Tailpipes (Set of 2)</strong> for the <strong>McLaren 750S Coupé &amp; Spider</strong> are designed to enhance the rear appearance with a refined and performance-focused finish. Engineered for use with both NOVITEC exhaust systems and the original factory exhaust, these tailpipes ensure precise fitment and seamless integration.</p> <p>Available in two premium finishes, they add a distinctive visual accent while complementing the high-performance character of the McLaren 750S.</p> <h4>Compatibility</h4> <p>McLaren 750S <strong>Coupé</strong><br>McLaren 750S <strong>Spider</strong><br>Compatible with <strong>NOVITEC exhaust systems</strong> and <strong>original factory exhaust</strong></p> <h4>Key Features</h4> <ul> <li> <p>Tailpipes (set of 2)</p> </li> <li> <p>Designed for NOVITEC and original exhaust systems</p> </li> <li> <p>Precision-engineered for perfect fitment</p> </li> <li> <p>Enhances rear styling and performance appearance</p> </li> <li> <p>Available in Black or Gold-Plated finish</p> </li> <li> <p>Direct replacement installation</p> </li> </ul> <h4>Available Versions</h4> <p><strong>Black Tailpipes</strong></p> <ul> <li> <p>High-grade stainless steel construction</p> </li> <li> <p>Black-coated finish</p> </li> <li> <p>Sporty and aggressive appearance</p> </li> </ul> <p><strong>Gold-Plated Tailpipes (999 Fine Gold)</strong></p> <ul> <li> <p>Stainless steel construction</p> </li> <li> <p>Gold-plated with 999 fine gold</p> </li> <li> <p>Premium motorsport-inspired finish</p> </li> <li> <p>Reduced heat discoloration</p> </li> </ul> <h4>Technical Details</h4> <ul> <li> <p>Manufacturer: NOVITEC</p> </li> <li> <p>Product Type: Tailpipes</p> </li> <li> <p>Quantity: Set of 2</p> </li> <li> <p>Material: Stainless Steel</p> </li> <li> <p>Finish: Black or Gold-Plated</p> </li> </ul>",Novitec,Exhaust,"brand_novitec, car_mclaren, category_exhaust, condition_new, install_available, model_750s, pricing_buy_now",TRUE,Variant,Black,C1 750 40,0,shopify,6,deny,manual,8900.00,TRUE,TRUE,https://cdn.shopify.com/s/files/1/0701/4472/0949/files/Screenshot2026-01-21at09.51.53.png,1,Tailpipes (Set of 2) - McLaren 750S Coupé & Spider - C1 750 40/ 41 - Novitec,FALSE,active
novitec-tailpipes-black-mclaren-750s,,,,,,,,Gold Plated 999,C1 750 41,0,shopify,2,deny,manual,12900.00,TRUE,TRUE,,,,,
novitec-tailpipes-black-mclaren-750s,,,,,,,,,,,,,,,,,,https://cdn.shopify.com/s/files/1/0701/4472/0949/files/Screenshot_2026-02-24_at_22.45.23.png,2,Tailpipes (Set of 2) - McLaren 750S Coupé & Spider - C1 750 40/ 41 - Novitec,,
novitec-exhaust-system-race-stainless-mclaren-750s,Power Optimized Exhaust System RACE - McLaren 750S Coupé & Spider - C1 750 20/ 25/ 75 - Novitec,"<h4>Description</h4> <p>The <strong>NOVITEC Power-Optimized Exhaust System RACE</strong> for the <strong>McLaren 750S Coupé &amp; Spider</strong> is engineered to deliver enhanced performance and a sharper, motorsport-inspired exhaust sound. Developed specifically for the 750S platform, this system optimizes exhaust flow, reduces backpressure, and improves throttle response.</p> <p>Designed for use exclusively in combination with <strong>NOVITEC tailpipes</strong>, all versions are fully covered with high-temperature heat protection to ensure maximum durability under extreme thermal conditions. The system includes the <strong>NOVITRONIC control module</strong> for seamless electronic integration.</p> <h4>Compatibility</h4> <p>McLaren 750S <strong>Coupé</strong><br>McLaren 750S <strong>Spider</strong><br>Only in combination with <strong>NOVITEC tailpipes</strong></p> <h4>Key Features</h4> <ul> <li> <p>Power-optimized RACE exhaust system</p> </li> <li> <p>Designed exclusively for use with NOVITEC tailpipes</p> </li> <li> <p>Enhanced exhaust flow and throttle response</p> </li> <li> <p>Motorsport-inspired exhaust character</p> </li> <li> <p>Covered with high-temperature heat protection</p> </li> <li> <p>Includes NOVITRONIC control module</p> </li> <li> <p>Developed specifically for McLaren 750S</p> </li> </ul> <h4>Available Versions</h4> <p><strong>Stainless Steel – Heat-Protected (Including NOVITRONIC)</strong></p> <ul> <li> <p>High-grade stainless steel construction</p> </li> <li> <p>Covered with high-temperature heat protection</p> </li> <li> <p>Optimized durability and sound enhancement</p> </li> <li> <p>Includes NOVITRONIC</p> </li> </ul> <p><strong>INCONEL – Heat-Protected (Including NOVITRONIC)</strong></p> <ul> <li> <p>Lightweight high-performance INCONEL</p> </li> <li> <p>Covered with high-temperature heat protection</p> </li> <li> <p>Reduced overall system weight</p> </li> <li> <p>Sharper, race-inspired exhaust sound</p> </li> <li> <p>Includes NOVITRONIC</p> </li> </ul> <p><strong>INCONEL – Gold-Plated (999 Fine Gold, Includin",Novitec,Exhaust,"brand_novitec, car_mclaren, category_exhaust, condition_new, install_available, model_750s, pricing_buy_now",TRUE,Variant,Stainless steel,C1 750 20,0,shopify,2,deny,manual,21900.00,TRUE,TRUE,https://cdn.shopify.com/s/files/1/0701/4472/0949/files/Screenshot2026-01-21at09.51.31.png,1,Power Optimized Exhaust System RACE - McLaren 750S Coupé & Spider - C1 750 20/ 25/ 75 - Novitec,FALSE,active
novitec-exhaust-system-race-stainless-mclaren-750s,,,,,,,,Inconel,C1 750 25,0,shopify,2,deny,manual,27900.00,TRUE,TRUE,,,,,
novitec-exhaust-system-race-stainless-mclaren-750s,,,,,,,,Inconel Gold 999,C1 750 75,0,shopify,3,deny,manual,37900.00,TRUE,TRUE,,,,,
novitec-exhaust-system-race-stainless-mclaren-750s,,,,,,,,,,,,,,,,,,https://cdn.shopify.com/s/files/1/0701/4472/0949/files/Screenshot_2026-02-24_at_22.26.33.png,2,Power Optimized Exhaust System RACE - McLaren 750S Coupé & Spider - C1 750 20/ 25/ 75 - Novitec,,
novitec-mclaren-750s-c6-750-69,Diffuser Flaps - McLaren 750S Coupé & Spider - C6 750 69 - Novitec,"<h4>Description</h4> <p>The <strong>NOVITEC Diffuser Flaps</strong> for the <strong>McLaren 750S Coupé &amp; Spider</strong> enhance the rear aerodynamic design with a sharper and more aggressive motorsport-inspired appearance. Designed to integrate seamlessly with the rear diffuser assembly, the flaps emphasize airflow control while adding a distinctive exposed carbon accent.</p> <p>Manufactured from visible carbon fiber, the components combine lightweight construction with a premium high-gloss finish, reinforcing the performance-focused character of the McLaren 750S.</p> <h4>Compatibility</h4> <p>McLaren 750S <strong>Coupé</strong><br>McLaren 750S <strong>Spider</strong></p> <h4>Key Features</h4> <ul> <li> <p>Rear diffuser flaps</p> </li> <li> <p>Manufactured from visible carbon fiber</p> </li> <li> <p>Enhances rear aerodynamic styling</p> </li> <li> <p>Integrates with the rear diffuser system</p> </li> <li> <p>Developed specifically for McLaren 750S</p> </li> <li> <p>Precision-engineered for OEM-level fitment</p> </li> </ul> <h4>Technical Details</h4> <ul> <li> <p>Manufacturer: NOVITEC</p> </li> <li> <p>Product Type: Diffuser Flaps</p> </li> <li> <p>Material: Visible Carbon Fiber</p> </li> <li> <p>Finish: High-gloss exposed carbon</p> </li> </ul> <h4>Installation</h4> <p>Professional installation is strongly recommended.</p> <h4>Part Number</h4> <ul> <li> <p>C6 750 69</p> </li> </ul> <h4>Special Order</h4> <p>Lead time approximately <strong>4–6 weeks</strong></p>",Novitec,Aerodynamics,"brand_novitec, car_mclaren, category_aerodynamic, condition_new, install_available, model_750s, pricing_buy_now",TRUE,Variant,Visible Carbon,C6 750 69,0,shopify,3,deny,manual,5900.00,TRUE,TRUE,https://cdn.shopify.com/s/files/1/0701/4472/0949/files/Screenshot2026-01-21at10.01.38.png,1,Diffuser Flaps - McLaren 750S Coupé & Spider - C6 750 69 - Novitec,FALSE,active
novitec-mclaren-750s-c6-750-69,,,,,,,,Forged Carbon,C6 750 69-2,0,shopify,3,deny,manual,5900.00,TRUE,TRUE,,,,,
novitec-mclaren-750s-c6-750-69,,,,,,,,,,,,,,,,,,https://cdn.shopify.com/s/files/1/0701/4472/0949/files/Screenshot2026-01-21at10.00.22_0cb4f226-bc79-472d-add5-a2ea5703522e.png,2,Diffuser Flaps - McLaren 750S Coupé & Spider - C6 750 69 - Novitec,,
novitec-mclaren-750s-c6-750-69,,,,,,,,,,,,,,,,,,https://cdn.shopify.com/s/files/1/0701/4472/0949/files/Screenshot_2026-01-15_at_00.30.11_df9037c1-74d2-4b4b-b857-33ba5b67e150.png,3,Diffuser Flaps - McLaren 750S Coupé & Spider - C6 750 69 - Novitec,,
novitec-mclaren-750s-c6-750-68,Diffusor Fins Center - McLaren 750S Coupé & Spider - C6 750 68 - Novitec,"<h4>Description</h4> <p>The <strong>NOVITEC Diffuser Fins Center</strong> for the <strong>McLaren 750S Coupé &amp; Spider</strong> enhance the rear aerodynamic appearance with a sharper and more aggressive motorsport-inspired detail. Designed to integrate seamlessly into the rear diffuser assembly, the center fins emphasize airflow management while adding a distinctive carbon accent.</p> <p>Manufactured from visible carbon fiber, the component combines lightweight construction with a premium high-gloss finish, perfectly complementing the dynamic styling of the McLaren 750S.</p> <h4>Compatibility</h4> <p>McLaren 750S <strong>Coupé</strong><br>McLaren 750S <strong>Spider</strong></p> <h4>Key Features</h4> <ul> <li> <p>Center diffuser fins</p> </li> <li> <p>Manufactured from visible carbon fiber</p> </li> <li> <p>Enhances rear aerodynamic styling</p> </li> <li> <p>Integrates with the rear diffuser assembly</p> </li> <li> <p>Developed specifically for McLaren 750S</p> </li> <li> <p>Precision-engineered for OEM-level fitment</p> </li> </ul> <h4>Technical Details</h4> <ul> <li> <p>Manufacturer: NOVITEC</p> </li> <li> <p>Product Type: Diffuser Fins (Center)</p> </li> <li> <p>Material: Visible Carbon Fiber</p> </li> <li> <p>Finish: High-gloss exposed carbon</p> </li> </ul> <h4>Installation</h4> <p>Professional installation is strongly recommended.</p> <h4>Part Number</h4> <ul> <li> <p>C6 750 68</p> </li> </ul> <h4>Special Order</h4> <p>Lead time approximately <strong>4–6 weeks</strong></p>",Novitec,Aerodynamics,"brand_novitec, car_mclaren, category_aerodynamic, condition_new, install_available, model_750s, pricing_buy_now",TRUE,Variant,Visible Carbon,C6 750 68,0,shopify,6,deny,manual,1900.00,TRUE,TRUE,https://cdn.shopify.com/s/files/1/0701/4472/0949/files/Screenshot2026-01-21at10.01.20.png,1,Diffusor Fins Center - McLaren 750S Coupé & Spider - C6 750 68 - Novitec,FALSE,active
novitec-mclaren-750s-c6-750-68,,,,,,,,Forged Carbon,C6 750 68-2,0,shopify,3,deny,manual,1900.00,TRUE,TRUE,,,,,
novitec-mclaren-750s-c6-750-68,,,,,,,,,,,,,,,,,,https://cdn.shopify.com/s/files/1/0701/4472/0949/files/Screenshot2026-01-21at10.00.22_61ea6338-e3ee-47e3-b542-3b20c732616e.png,2,Diffusor Fins Center - McLaren 750S Coupé & Spider - C6 750 68 - Novitec,,
novitec-mclaren-750s-c6-750-68,,,,,,,,,,,,,,,,,,https://cdn.shopify.com/s/files/1/0701/4472/0949/files/Screenshot_2026-01-15_at_00.30.11_df9037c1-74d2-4b4b-b857-33ba5b67e150.png,3,Diffusor Fins Center - McLaren 750S Coupé & Spider - C6 750 68 - Novitec,,
novitec-mclaren-750s-c6-750-66,Rear Bumper - McLaren 750S Coupé & Spider - C6 750 66 - Novitec,"<h4>Description</h4> <p>The <strong>NOVITEC Rear Bumper</strong> for the <strong>McLaren 750S Coupé &amp; Spider</strong> enhances the vehicle’s rear design with a more aggressive and performance-oriented appearance. Developed specifically for the 750S, this component sharpens the rear profile while reinforcing aerodynamic styling and motorsport character.</p> <p>Manufactured from visible carbon fiber, the rear bumper combines lightweight construction with a premium high-gloss finish, perfectly complementing the dynamic design of the McLaren 750S.</p> <h4>Compatibility</h4> <p>McLaren 750S <strong>Coupé</strong><br>McLaren 750S <strong>Spider</strong></p> <h4>Key Features</h4> <ul> <li> <p>Rear bumper upgrade</p> </li> <li> <p>Manufactured from visible carbon fiber</p> </li> <li> <p>Enhances rear styling and aerodynamic presence</p> </li> <li> <p>Developed specifically for McLaren 750S</p> </li> <li> <p>Lightweight construction</p> </li> <li> <p>Precision-engineered for OEM-level fitment</p> </li> </ul> <h4>Technical Details</h4> <ul> <li> <p>Manufacturer: NOVITEC</p> </li> <li> <p>Product Type: Rear Bumper</p> </li> <li> <p>Material: Visible Carbon Fiber</p> </li> <li> <p>Finish: High-gloss exposed carbon</p> </li> </ul> <h4>Installation</h4> <p>Professional installation is strongly recommended.</p> <h4>Part Number</h4> <ul> <li> <p>C6 750 66</p> </li> </ul> <h4>Special Order</h4> <p>Lead time approximately <strong>4–6 weeks</strong></p>",Novitec,Aerodynamics,"brand_novitec, car_mclaren, category_aerodynamic, condition_new, install_available, model_750s, pricing_buy_now",TRUE,Variant,Visible Carbon,C6 750 66,0,shopify,1,deny,manual,17900.00,TRUE,TRUE,https://cdn.shopify.com/s/files/1/0701/4472/0949/files/Screenshot2026-01-21at10.00.02.png,1,Rear Bumper - McLaren 750S Coupé & Spider - C6 750 66 - Novitec,FALSE,active
novitec-mclaren-750s-c6-750-66,,,,,,,,Forged Carbon,C6 750 66-2,0,shopify,2,deny,manual,17900.00,TRUE,TRUE,,,,,
novitec-mclaren-750s-c6-750-66,,,,,,,,,,,,,,,,,,https://cdn.shopify.com/s/files/1/0701/4472/0949/files/Screenshot2026-01-21at10.00.22.png,2,Rear Bumper - McLaren 750S Coupé & Spider - C6 750 66 - Novitec,,
novitec-mclaren-750s-c6-750-66,,,,,,,,,,,,,,,,,,https://cdn.shopify.com/s/files/1/0701/4472/0949/files/Screenshot_2026-01-15_at_00.30.11_df9037c1-74d2-4b4b-b857-33ba5b67e150.png,3,Rear Bumper - McLaren 750S Coupé & Spider - C6 750 66 - Novitec,,
novitec-mclaren-750s-c6-750-65,Entrance Panel - McLaren 750S Coupé & Spider - C6 750 65 - Novitec,"<h4>Description</h4> <p>The <strong>NOVITEC Entrance Panel</strong> for the <strong>McLaren 750S Coupé &amp; Spider</strong> enhances the vehicle’s side profile with a refined motorsport-inspired carbon detail. Designed to integrate seamlessly into the factory bodywork, this component adds visual depth while maintaining the clean and aggressive styling of the 750S.</p> <p>Manufactured from visible carbon fiber, the entrance panel combines lightweight construction with a premium high-gloss finish, reinforcing the performance-focused character of the McLaren 750S.</p> <h4>Compatibility</h4> <p>McLaren 750S <strong>Coupé</strong><br>McLaren 750S <strong>Spider</strong></p> <h4>Key Features</h4> <ul> <li> <p>Entrance panel</p> </li> <li> <p>Manufactured from visible carbon fiber</p> </li> <li> <p>Enhances side styling and visual detail</p> </li> <li> <p>Developed specifically for McLaren 750S</p> </li> <li> <p>Lightweight construction</p> </li> <li> <p>Precision-engineered for OEM-level fitment</p> </li> </ul> <h4>Technical Details</h4> <ul> <li> <p>Manufacturer: NOVITEC</p> </li> <li> <p>Product Type: Entrance Panel</p> </li> <li> <p>Material: Visible Carbon Fiber</p> </li> <li> <p>Finish: High-gloss exposed carbon</p> </li> </ul> <h4>Installation</h4> <p>Professional installation is strongly recommended.</p> <h4>Part Number</h4> <ul> <li> <p>C6 750 65</p> </li> </ul> <h4>Special Order</h4> <p>Lead time approximately <strong>4–6 weeks</strong></p>",Novitec,Aerodynamics,"brand_novitec, car_mclaren, category_aerodynamic, condition_new, install_available, model_750s, pricing_buy_now",TRUE,Variant,Visible Carbon,C6 750 65,0,shopify,1,deny,manual,17900.00,TRUE,TRUE,https://cdn.shopify.com/s/files/1/0701/4472/0949/files/Screenshot2026-01-21at09.58.53.png,1,Entrance Panel - McLaren 750S Coupé & Spider - C6 750 65 - Novitec,FALSE,active
novitec-mclaren-750s-c6-750-65,,,,,,,,Forged Carbon,C6 750 65-2,0,shopify,2,deny,manual,17900.00,TRUE,TRUE,,,,,
novitec-mclaren-750s-c6-750-65,,,,,,,,,,,,,,,,,,https://cdn.shopify.com/s/files/1/0701/4472/0949/files/Screenshot2026-01-21at09.59.14.png,2,Entrance Panel - McLaren 750S Coupé & Spider - C6 750 65 - Novitec,,
novitec-mclaren-750s-c6-750-65,,,,,,,,,,,,,,,,,,https://cdn.shopify.com/s/files/1/0701/4472/0949/files/Screenshot_2026-01-15_at_00.30.11_df9037c1-74d2-4b4b-b857-33ba5b67e150.png,3,Entrance Panel - McLaren 750S Coupé & Spider - C6 750 65 - Novitec,,
novitec-mclaren-750s-c6-750-84,Side Air-Intakes (6-Piece Set) - McLaren 750S Spider - C6 750 84 - Novitec,"<h4>Description</h4> <p>The <strong>NOVITEC Side Air-Intakes (6-Piece Set)</strong> for the <strong>McLaren 750S Spider</strong> refine the vehicle’s side profile with enhanced aerodynamic detailing and a motorsport-inspired carbon finish. Designed specifically for the Spider model, these elements integrate seamlessly into the factory bodywork while maintaining OEM-level fitment.</p> <p>Manufactured from visible carbon fiber, the components provide lightweight construction and a premium high-gloss surface, reinforcing the dynamic appearance of the 750S Spider.</p> <h4>Compatibility</h4> <p>McLaren 750S <strong>Spider</strong></p> <h4>Key Features</h4> <ul> <li> <p>Side air-intake elements (6-piece set)</p> </li> <li> <p>Manufactured from visible carbon fiber</p> </li> <li> <p>Enhances aerodynamic styling and side profile</p> </li> <li> <p>Developed specifically for McLaren 750S Spider</p> </li> <li> <p>Lightweight construction</p> </li> <li> <p>Precision-engineered for OEM-level fitment</p> </li> </ul> <h4>Technical Details</h4> <ul> <li> <p>Manufacturer: NOVITEC</p> </li> <li> <p>Product Type: Side Air-Intakes</p> </li> <li> <p>Material: Visible Carbon Fiber</p> </li> <li> <p>Finish: High-gloss exposed carbon</p> </li> <li> <p>Quantity: 6 pieces</p> </li> </ul> <h4>Installation</h4> <p>Professional installation is strongly recommended.</p> <h4>Part Number</h4> <ul> <li> <p>C6 750 84</p> </li> </ul> <h4>Special Order</h4> <p>Lead time approximately <strong>4–6 weeks</strong></p>",Novitec,Aerodynamics,"brand_novitec, car_mclaren, category_aerodynamic, condition_new, install_available, model_750s, pricing_buy_now",TRUE,Variant,Visible Carbon,C6 750 84,0,shopify,5,deny,manual,10900.00,TRUE,TRUE,https://cdn.shopify.com/s/files/1/0701/4472/0949/files/Screenshot2026-01-21at10.03.19.png,1,Side Air-Intakes (6-Piece Set) - McLaren 750S Spider - C6 750 84 - Novitec,FALSE,active
novitec-mclaren-750s-c6-750-84,,,,,,,,Forged Carbon,C6-750-84,0,shopify,6,deny,manual,10900.00,TRUE,TRUE,,,,,
novitec-mclaren-750s-c6-750-84,,,,,,,,,,,,,,,,,,https://cdn.shopify.com/s/files/1/0701/4472/0949/files/Screenshot_2026-01-15_at_00.30.11_df9037c1-74d2-4b4b-b857-33ba5b67e150.png,2,Side Air-Intakes (6-Piece Set) - McLaren 750S Spider - C6 750 84 - Novitec,,
novitec-mclaren-750s-c6-750-84,,,,,,,,,,,,,,,,,,https://cdn.shopify.com/s/files/1/0701/4472/0949/files/Screenshot_2026-01-15_at_00.39.36_9cc53bc5-44b6-40b1-a668-0dd658c0884f.png,3,Side Air-Intakes (6-Piece Set) - McLaren 750S Spider - C6 750 84 - Novitec,,
novitec-mclaren-750s-c6-750-64,Side Air-Intakes (10-Piece Set) - McLaren 750S Coupé - C6 750 64 - Novitec,"<h4>Description</h4> <p>The <strong>NOVITEC Side Air-Intakes (10-Piece Set)</strong> for the <strong>McLaren 750S Coupé</strong> enhance the vehicle’s aerodynamic styling with a sharper and more aggressive appearance. Designed specifically for the Coupé model, these elements emphasize the side airflow channels while adding a distinctive motorsport-inspired carbon finish.</p> <p>Manufactured from visible carbon fiber, the components combine lightweight construction with a premium high-gloss surface, perfectly complementing the performance-focused character of the 750S Coupé.</p> <h4>Compatibility</h4> <p>McLaren 750S <strong>Coupé</strong></p> <h4>Key Features</h4> <ul> <li> <p>Side air-intake elements (10-piece set)</p> </li> <li> <p>Manufactured from visible carbon fiber</p> </li> <li> <p>Enhances aerodynamic styling and side profile</p> </li> <li> <p>Developed specifically for McLaren 750S Coupé</p> </li> <li> <p>Lightweight construction</p> </li> <li> <p>Precision-engineered for OEM-level fitment</p> </li> </ul> <h4>Technical Details</h4> <ul> <li> <p>Manufacturer: NOVITEC</p> </li> <li> <p>Product Type: Side Air-Intakes</p> </li> <li> <p>Material: Visible Carbon Fiber</p> </li> <li> <p>Finish: High-gloss exposed carbon</p> </li> <li> <p>Quantity: 10 pieces</p> </li> </ul> <h4>Installation</h4> <p>Professional installation is strongly recommended.</p> <h4>Part Number</h4> <ul> <li> <p>C6 750 64</p> </li> </ul> <h4>Special Order</h4> <p>Lead time approximately <strong>4–6 weeks</strong></p>",Novitec,Aerodynamics,"brand_novitec, car_mclaren, category_aerodynamic, condition_new, install_available, model_750s, pricing_buy_now",TRUE,Variant,Visible Carbon,C6 750 64,0,shopify,4,deny,manual,13900.00,TRUE,TRUE,https://cdn.shopify.com/s/files/1/0701/4472/0949/files/Screenshot2026-01-21at10.04.18.png,1,Side Air-Intakes (10-Piece Set) - McLaren 750S Coupé - C6 750 64 - Novitec,FALSE,active
novitec-mclaren-750s-c6-750-64,,,,,,,,Forged Carbon,C6-750-64,0,shopify,4,deny,manual,13900.00,TRUE,TRUE,,,,,
novitec-mclaren-750s-c6-750-64,,,,,,,,,,,,,,,,,,https://cdn.shopify.com/s/files/1/0701/4472/0949/files/Screenshot2026-01-21at10.04.38.png,2,Side Air-Intakes (10-Piece Set) - McLaren 750S Coupé - C6 750 64 - Novitec,,
novitec-mclaren-750s-c6-750-64,,,,,,,,,,,,,,,,,,https://cdn.shopify.com/s/files/1/0701/4472/0949/files/Screenshot_2026-01-15_at_00.30.11_834c5d14-56a9-40e5-9e1d-f9bcea3373ba.png,3,Side Air-Intakes (10-Piece Set) - McLaren 750S Coupé - C6 750 64 - Novitec,,
novitec-mclaren-750s-c6-750-63,Roof Air-Scoop N-Largo - McLaren 750S Coupé - C6 750 63 - Novitec,"<h4>Description</h4> <p>The <strong>NOVITEC Roof Air-Scoop N-LARGO</strong> for the <strong>McLaren 750S Coupé</strong> enhances the vehicle’s motorsport character with a distinctive and functional design element. Developed as part of the N-LARGO program, the roof scoop emphasizes the track-focused DNA of the 750S while adding an aggressive visual highlight.</p> <p>Manufactured from visible carbon fiber, the component combines lightweight construction with a premium high-gloss finish, perfectly complementing the aerodynamic profile of the Coupé model.</p> <h4>Compatibility</h4> <p>McLaren 750S <strong>Coupé only</strong></p> <h4>Key Features</h4> <ul> <li> <p>Roof air-scoop N-LARGO design</p> </li> <li> <p>Manufactured from visible carbon fiber</p> </li> <li> <p>Enhances motorsport styling and visual presence</p> </li> <li> <p>Developed specifically for McLaren 750S Coupé</p> </li> <li> <p>Lightweight construction</p> </li> <li> <p>Precision-engineered for OEM-level fitment</p> </li> </ul> <h4>Technical Details</h4> <ul> <li> <p>Manufacturer: NOVITEC</p> </li> <li> <p>Product Type: Roof Air-Scoop</p> </li> <li> <p>Model: N-LARGO</p> </li> <li> <p>Material: Visible Carbon Fiber</p> </li> <li> <p>Finish: High-gloss exposed carbon</p> </li> </ul> <h4>Installation</h4> <p>Professional installation is strongly recommended.</p> <h4>Part Number</h4> <ul> <li> <p>C6 750 63</p> </li> </ul> <h4>Special Order</h4> <p>Lead time approximately <strong>4–6 weeks</strong></p>",Novitec,Aerodynamics,"brand_novitec, car_mclaren, category_aerodynamic, condition_new, install_available, model_750s, pricing_buy_now",TRUE,Variant,Visible Carbon,C6 750 63,0,shopify,4,deny,manual,7900.00,TRUE,TRUE,https://cdn.shopify.com/s/files/1/0701/4472/0949/files/Screenshot2026-01-21at10.03.35.png,1,Roof Air-Scoop N-Largo - McLaren 750S Coupé - C6 750 63 - Novitec,FALSE,active
novitec-mclaren-750s-c6-750-63,,,,,,,,Forged Carbon,C6 750 63-2,0,shopify,6,deny,manual,7900.00,TRUE,TRUE,,,,,
novitec-mclaren-750s-c6-750-63,,,,,,,,,,,,,,,,,,https://cdn.shopify.com/s/files/1/0701/4472/0949/files/Screenshot2026-01-21at10.03.57.png,2,Roof Air-Scoop N-Largo - McLaren 750S Coupé - C6 750 63 - Novitec,,
novitec-mclaren-750s-c6-750-63,,,,,,,,,,,,,,,,,,https://cdn.shopify.com/s/files/1/0701/4472/0949/files/Screenshot_2026-01-15_at_00.30.11_df9037c1-74d2-4b4b-b857-33ba5b67e150.png,3,Roof Air-Scoop N-Largo - McLaren 750S Coupé - C6 750 63 - Novitec,,
novitec-mclaren-750s-c6-750-62,Mirror Covers - McLaren 750S Coupé & Spider - C6 750 62 - Novitec,"<h4>Description</h4> <p>The <strong>NOVITEC Mirror Covers</strong> for the <strong>McLaren 750S Coupé &amp; Spider</strong> enhance the exterior styling with a refined motorsport-inspired carbon finish. Designed to integrate seamlessly with the original mirror housings, these covers add a premium visual upgrade while maintaining precise OEM-level fitment.</p> <p>Manufactured from visible carbon fiber, they combine lightweight construction with a high-gloss finish, perfectly complementing the aggressive and aerodynamic character of the McLaren 750S.</p> <h4>Compatibility</h4> <p>McLaren 750S <strong>Coupé</strong><br>McLaren 750S <strong>Spider</strong></p> <h4></h4> <h4>Key Features</h4> <ul> <li> <p>Mirror covers</p> </li> <li> <p>Manufactured from visible carbon fiber</p> </li> <li> <p>Enhances exterior styling with premium carbon appearance</p> </li> <li> <p>Developed specifically for McLaren 750S</p> </li> <li> <p>Lightweight construction</p> </li> <li> <p>Precision-engineered for OEM-level fitment</p> </li> </ul> <h4></h4> <h4>Technical Details</h4> <ul> <li> <p>Manufacturer: NOVITEC</p> </li> <li> <p>Product Type: Mirror Covers</p> </li> <li> <p>Material: Visible Carbon Fiber</p> </li> <li> <p>Finish: High-gloss exposed carbon</p> </li> </ul> <h4></h4> <h4>Installation</h4> <p>Professional installation is strongly recommended.</p> <h4></h4> <h4>Part Number</h4> <ul> <li> <p>C6 750 62</p> </li> </ul> <h4></h4> <h4>Special Order</h4> <p>Lead time approximately <strong>4–6 week</strong><strong></strong></p>",Novitec,Aerodynamics,"brand_novitec, car_mclaren, category_aerodynamic, condition_new, install_available, model_750s, pricing_buy_now",TRUE,Variant,Visible Carbon,C6 750 62,0,shopify,3,deny,manual,5900.00,TRUE,TRUE,https://cdn.shopify.com/s/files/1/0701/4472/0949/files/Screenshot2026-01-21at09.58.14.png,1,Mirror Covers - McLaren 750S Coupé & Spider - C6 750 62 - Novitec,FALSE,active
novitec-mclaren-750s-c6-750-62,,,,,,,,Forged Carbon,C6 750 62-2,0,shopify,6,deny,manual,5900.00,TRUE,TRUE,,,,,
novitec-mclaren-750s-c6-750-62,,,,,,,,,,,,,,,,,,https://cdn.shopify.com/s/files/1/0701/4472/0949/files/Screenshot2026-01-21at09.58.34.png,2,Mirror Covers - McLaren 750S Coupé & Spider - C6 750 62 - Novitec,,
novitec-mclaren-750s-c6-750-62,,,,,,,,,,,,,,,,,,https://cdn.shopify.com/s/files/1/0701/4472/0949/files/Screenshot_2026-01-15_at_00.30.11_df9037c1-74d2-4b4b-b857-33ba5b67e150.png,3,Mirror Covers - McLaren 750S Coupé & Spider - C6 750 62 - Novitec,,
novitec-mclaren-750s-c6-750-70,Trunk Lid N-Largo - McLaren 750S Coupé & Spider - C6 750 70/ 71/ 72 - Novitec,"<h4>Description</h4> <p>The <strong>NOVITEC Trunk Lid N-LARGO</strong> for the <strong>McLaren 750S Coupé &amp; Spider</strong> enhances the vehicle’s rear design with a more aggressive and aerodynamic appearance. Developed as part of the N-LARGO program, this component sharpens the rear profile while reinforcing the high-performance character of the 750S.</p> <p>Available in multiple material configurations, the trunk lid allows for full customization — from paint-matched elegance to exposed carbon performance styling.</p> <h4>Compatibility</h4> <p>McLaren 750S <strong>Coupé</strong><br>McLaren 750S <strong>Spider</strong></p> <h4>Key Features</h4> <ul> <li> <p>Trunk lid N-LARGO design</p> </li> <li> <p>Developed specifically for McLaren 750S</p> </li> <li> <p>Enhances rear styling and aerodynamic presence</p> </li> <li> <p>Precision-engineered for OEM-level fitment</p> </li> <li> <p>Available in primed or visible carbon versions</p> </li> </ul> <h4>Available Versions</h4> <p><strong>Primed for Painting</strong></p> <ul> <li> <p>Manufactured for paint finishing</p> </li> <li> <p>Supplied primed</p> </li> <li> <p>Ideal for body-color customization</p> </li> </ul> <p><strong>Primed / Partial Visible Carbon</strong></p> <ul> <li> <p>Combination of paintable surfaces and exposed carbon elements</p> </li> <li> <p>Balanced OEM-plus performance look</p> </li> </ul> <p><strong>Visible Carbon</strong></p> <ul> <li> <p>Manufactured from visible carbon fiber</p> </li> <li> <p>Lightweight construction</p> </li> <li> <p>Premium high-gloss motorsport finish</p> </li> </ul> <h4>Technical Details</h4> <ul> <li> <p>Manufacturer: NOVITEC</p> </li> <li> <p>Product Type: Trunk Lid</p> </li> <li> <p>Model: N-LARGO</p> </li> <li> <p>Material: Primed composite or Visible Carbon (depending on version)</p> </li> </ul> <h4>Installation</h4> <p>Professional installation and paint preparat",Novitec,Aerodynamics,"brand_novitec, car_mclaren, category_aerodynamic, condition_new, install_available, model_750s, pricing_buy_now",TRUE,Variant,Ready for Painting,C6 750 70,0,shopify,2,deny,manual,19900.00,TRUE,TRUE,https://cdn.shopify.com/s/files/1/0701/4472/0949/files/Screenshot2026-01-21at10.01.56.png,1,Trunk Lid N-Largo - McLaren 750S Coupé & Spider - C6 750 70/ 71/ 72 - Novitec,FALSE,active
novitec-mclaren-750s-c6-750-70,,,,,,,,Primed / Carbon,C6 750 71,0,shopify,4,deny,manual,22900.00,TRUE,TRUE,,,,,
novitec-mclaren-750s-c6-750-70,,,,,,,,Visible Carbon,C6 750 72,0,shopify,1,deny,manual,26900.00,TRUE,TRUE,,,,,
novitec-mclaren-750s-c6-750-70,,,,,,,,,,,,,,,,,,https://cdn.shopify.com/s/files/1/0701/4472/0949/files/Screenshot2026-01-21at10.02.17.png,2,Trunk Lid N-Largo - McLaren 750S Coupé & Spider - C6 750 70/ 71/ 72 - Novitec,,
novitec-mclaren-750s-c6-750-70,,,,,,,,,,,,,,,,,,https://cdn.shopify.com/s/files/1/0701/4472/0949/files/Screenshot_2026-01-15_at_00.39.14.png,3,Trunk Lid N-Largo - McLaren 750S Coupé & Spider - C6 750 70/ 71/ 72 - Novitec,,
novitec-mclaren-750s-c6-750-81,Headlight Inserts - McLaren 750S Coupé & Spider - C6 750 81 - Novitec,"<h4>Description</h4> <p>The <strong>NOVITEC Headlight Inserts</strong> for the <strong>McLaren 750S Coupé &amp; Spider</strong> refine the front-end appearance with a subtle yet distinctive carbon fiber accent. Designed to integrate seamlessly around the factory headlights, these inserts enhance visual depth and add a motorsport-inspired detail to the vehicle’s signature lighting design.</p> <p>Manufactured from visible carbon fiber, they combine lightweight construction with a premium high-gloss finish, perfectly complementing the aggressive styling of the 750S.</p> <h4>Compatibility</h4> <p>McLaren 750S <strong>Coupé</strong><br>McLaren 750S <strong>Spider</strong></p> <h4>Key Features</h4> <ul> <li> <p>Headlight inserts</p> </li> <li> <p>Manufactured from visible carbon fiber</p> </li> <li> <p>Enhances front-end styling and visual detail</p> </li> <li> <p>Developed specifically for McLaren 750S</p> </li> <li> <p>Lightweight construction</p> </li> <li> <p>Precision-engineered for OEM-level fitment</p> </li> </ul> <h4>Technical Details</h4> <ul> <li> <p>Manufacturer: NOVITEC</p> </li> <li> <p>Product Type: Headlight Inserts</p> </li> <li> <p>Material: Visible Carbon Fiber</p> </li> <li> <p>Finish: High-gloss exposed carbon</p> </li> </ul> <h4>Installation</h4> <p>Professional installation is recommended.</p> <h4>Part Number</h4> <ul> <li> <p>C6 750 81</p> </li> </ul> <h4>Special Order</h4> <p>Lead time approximately <strong>4–6 weeks</strong></p>",Novitec,Aerodynamics,"brand_novitec, car_mclaren, category_aerodynamic, condition_new, install_available, model_750s, pricing_buy_now",TRUE,Variant,Visible Carbon,C6 750 81,0,shopify,1,deny,manual,14900.00,TRUE,TRUE,https://cdn.shopify.com/s/files/1/0701/4472/0949/files/Screenshot2026-01-21at10.02.43.png,1,Headlight Inserts - McLaren 750S Coupé & Spider - C6 750 81 - Novitec,FALSE,active
novitec-mclaren-750s-c6-750-81,,,,,,,,Forged Carbon,C6 750 81-2,0,shopify,4,deny,manual,14900.00,TRUE,TRUE,,,,,
novitec-mclaren-750s-c6-750-81,,,,,,,,,,,,,,,,,,https://cdn.shopify.com/s/files/1/0701/4472/0949/files/Screenshot2026-01-21at10.03.02.png,2,Headlight Inserts - McLaren 750S Coupé & Spider - C6 750 81 - Novitec,,
novitec-mclaren-750s-c6-750-81,,,,,,,,,,,,,,,,,,https://cdn.shopify.com/s/files/1/0701/4472/0949/files/Screenshot_2026-01-15_at_00.30.11_df9037c1-74d2-4b4b-b857-33ba5b67e150.png,3,Headlight Inserts - McLaren 750S Coupé & Spider - C6 750 81 - Novitec,,
novitec-mclaren-750s-c6-750-60,Front Spoiler Lip - McLaren 750S Coupé & Spider - C6 750 60 - Novitec,"<h4>Description</h4> <p>The <strong>NOVITEC Front Spoiler Lip</strong> for the <strong>McLaren 750S Coupé &amp; Spider</strong> enhances front-end aerodynamics while delivering a sharper and more aggressive visual presence. Developed specifically for the 750S, this component supports aerodynamic balance and improves high-speed stability.</p> <p>Manufactured from visible carbon fiber, the front spoiler lip combines lightweight construction with a premium high-gloss finish, perfectly complementing the performance-focused design of the McLaren 750S.</p> <h4>Compatibility</h4> <p>McLaren 750S <strong>Coupé</strong><br>McLaren 750S <strong>Spider</strong></p> <h4>Key Features</h4> <ul> <li> <p>Front spoiler lip</p> </li> <li> <p>Manufactured from visible carbon fiber</p> </li> <li> <p>Enhances front-end styling and aerodynamic balance</p> </li> <li> <p>Improves high-speed stability</p> </li> <li> <p>Developed specifically for McLaren 750S</p> </li> <li> <p>Precision-engineered for OEM-level fitment</p> </li> </ul> <h4>Technical Details</h4> <ul> <li> <p>Manufacturer: NOVITEC</p> </li> <li> <p>Product Type: Front Spoiler Lip</p> </li> <li> <p>Material: Visible Carbon Fiber</p> </li> <li> <p>Finish: High-gloss exposed carbon</p> </li> </ul> <h4>Installation</h4> <p>Professional installation is strongly recommended.</p> <h4>Part Number</h4> <ul> <li> <p>C6 750 60</p> </li> </ul> <h4>Special Order</h4> <p>Lead time approximately <strong>4–6 weeks</strong></p>",Novitec,Aerodynamics,"brand_novitec, car_mclaren, category_aerodynamic, condition_new, install_available, model_750s, pricing_buy_now",TRUE,Variant,Visible Carbon,C6 750 60,0,shopify,2,deny,manual,9900.00,TRUE,TRUE,https://cdn.shopify.com/s/files/1/0701/4472/0949/files/Screenshot2026-01-21at09.56.37.png,1,Front Spoiler Lip - McLaren 750S Coupé & Spider - C6 750 60 - Novitec,FALSE,active
novitec-mclaren-750s-c6-750-60,,,,,,,,Forged Carbon,C6 750 60-2,0,shopify,3,deny,manual,9900.00,TRUE,TRUE,,,,,
novitec-mclaren-750s-c6-750-60,,,,,,,,,,,,,,,,,,https://cdn.shopify.com/s/files/1/0701/4472/0949/files/Screenshot2026-01-21at09.56.54.png,2,Front Spoiler Lip - McLaren 750S Coupé & Spider - C6 750 60 - Novitec,,
novitec-mclaren-750s-c6-750-60,,,,,,,,,,,,,,,,,,https://cdn.shopify.com/s/files/1/0701/4472/0949/files/Screenshot_2026-01-15_at_00.30.11_df9037c1-74d2-4b4b-b857-33ba5b67e150.png,3,Front Spoiler Lip - McLaren 750S Coupé & Spider - C6 750 60 - Novitec,,
spofec-cullinan-series-ii-r4-333-10,SP2 Aluminium Wheel Set - Rolls-Royce Cullinan - R4 333 00/ 10 - Novitec,"<h4>Description</h4> <p>The <strong>SPOFEC SP2 Aluminium Wheel Set</strong> for the <strong>Rolls-Royce Cullinan Series I &amp; Series II</strong> combines bold 24-inch proportions with refined luxury styling. Developed specifically for the Cullinan, the SP2 wheels enhance road presence while maintaining driving comfort and stability.</p> <p>Finished in colors from the SPOFEC solid color range, this wheel set delivers an exclusive and commanding appearance tailored to the character of Rolls-Royce.</p> <h4>Compatibility</h4> <p>Rolls-Royce Cullinan <strong>Series I</strong><br>Rolls-Royce Cullinan <strong>Series II</strong></p> <h6><strong></strong></h6> <h4>Key Features</h4> <ul> <li> <p>Aluminium wheel set SP2</p> </li> <li> <p>Oversized 24-inch configuration</p> </li> <li> <p>Developed specifically for Rolls-Royce Cullinan</p> </li> <li> <p>Enhances luxury presence and stance</p> </li> <li> <p>Finished in SPOFEC solid color range</p> </li> <li> <p>Available with or without tyres</p> </li> </ul> <h4>Available Versions</h4> <p><strong>Without Tyres</strong></p> <ul> <li> <p>10.0J x 24""</p> </li> <li> <p>Supplied without tyres</p> </li> </ul> <p><strong>Complete Set Wheels / Tyres</strong></p> <ul> <li> <p>10.0J x 24""</p> </li> <li> <p>Tyre size: 295/30 R24</p> </li> <li> <p>Ready-to-install wheel and tyre combination</p> </li> </ul> <h4>Technical Details</h4> <ul> <li> <p>Manufacturer: SPOFEC by Novitec</p> </li> <li> <p>Product Type: Aluminium Wheel Set</p> </li> <li> <p>Model: SP2</p> </li> <li> <p>Finish: Solid color range</p> </li> <li> <p>Quantity: Complete wheel set (front and rear)</p> </li> </ul> <h4>Installation</h4> <p>Professional installation and wheel alignment are recommended.</p> <h4>Part Numbers</h4> <p><strong>Without Tyres</strong></p> <ul> <li> <p>R4 333 00</p> </li> </ul> <h",Novitec,Wheels,"brand_novitec, brand_spofec, car_rolls_royce, category_wheels, condition_new, install_available, model_cullinan, model_cullinan_series_ii, pricing_buy_now",TRUE,Variant,With Tyres,R4 333 10,0,shopify,4,deny,manual,77900.00,TRUE,TRUE,https://cdn.shopify.com/s/files/1/0701/4472/0949/files/Screenshot2026-01-20at21.47.21.png,1,SP2 Aluminium Wheel Set - Rolls-Royce Cullinan - R4 333 00/ 10 - Novitec,FALSE,active
spofec-cullinan-series-ii-r4-333-10,,,,,,,,Without Tyres,R4-333-00,0,shopify,1,deny,manual,67900.00,TRUE,TRUE,,,,,
spofec-cullinan-series-ii-r4-333-10,,,,,,,,,,,,,,,,,,https://cdn.shopify.com/s/files/1/0701/4472/0949/files/Screenshot_2026-02-20_at_21.22.37.png,2,SP2 Aluminium Wheel Set - Rolls-Royce Cullinan - R4 333 00/ 10 - Novitec,,
spofec-cullinan-series-ii-r4-333-10,,,,,,,,,,,,,,,,,,https://cdn.shopify.com/s/files/1/0701/4472/0949/files/Screenshot2026-01-20at21.48.04.png,3,SP2 Aluminium Wheel Set - Rolls-Royce Cullinan - R4 333 00/ 10 - Novitec,,
spofec-cullinan-series-ii-r5-333-20,Aluminium Wheel Spacers - Rolls-Royce Cullinan - R5 333 20/ 30 - Novitec,"<h4>Description</h4> <p>The <strong>SPOFEC Aluminium Wheel Spacers</strong> for the <strong>Rolls-Royce Cullinan Series I &amp; Series II</strong> are engineered to enhance stance, stability, and visual presence. Manufactured from high-strength aluminium and corrosion-protected through anodizing, these spacers ensure durability, precise fitment, and long-term reliability.</p> <p>By widening the track width, the spacers improve handling stability and give the Cullinan a more powerful and athletic appearance while maintaining OEM-level integration.</p> <h4>Compatibility</h4> <p>Rolls-Royce Cullinan <strong>Series I</strong><br>Rolls-Royce Cullinan <strong>Series II</strong></p> <h4>Key Features</h4> <ul> <li> <p>Aluminium wheel spacers set (2 pieces)</p> </li> <li> <p>High-strength aluminium construction</p> </li> <li> <p>Corrosion-protected through anodized finish</p> </li> <li> <p>Enlarged track width for improved stance and stability</p> </li> <li> <p>Precision-engineered for OEM-level fitment</p> </li> <li> <p>Includes complete mounting material</p> </li> </ul> <h4>Available Versions</h4> <p><strong>Front Axle – Spacer 20 mm</strong></p> <ul> <li> <p>Enlarged track width by 40 mm</p> </li> <li> <p>Designed for front axle application</p> </li> </ul> <p><strong>Rear Axle – Spacer 25 mm</strong></p> <ul> <li> <p>Enlarged track width by 50 mm</p> </li> <li> <p>Designed for rear axle application</p> </li> </ul> <h4>Technical Details</h4> <ul> <li> <p>Manufacturer: SPOFEC</p> </li> <li> <p>Product Type: Wheel Spacers</p> </li> <li> <p>Material: High-strength aluminium</p> </li> <li> <p>Finish: Anodized</p> </li> <li> <p>Quantity: Set of 2 pieces (including mounting material)</p> </li> </ul> <h4>Installation</h4> <p>Professional installation and wheel alignment are recommended.</p> <h4>Part Numbers</h4> <p><strong>Front Axle – Spacer 20 mm</strong></p> <ul> <li",Novitec,Suspension,"brand_novitec, brand_spofec, car_rolls_royce, category_suspension, condition_new, install_available, model_cullinan_series_ii, pricing_buy_now",TRUE,Variant,Spacers 20mm,R5 333 20,0,shopify,1,deny,manual,2100.00,TRUE,TRUE,https://cdn.shopify.com/s/files/1/0701/4472/0949/files/Screenshot2026-01-04at06.50.03_2e130ac0-7f14-46c2-afe7-fa8c375046a0.png,1,Aluminium Wheel Spacers - Rolls-Royce Cullinan - R5 333 20/ 30 - Novitec,FALSE,active
spofec-cullinan-series-ii-r5-333-20,,,,,,,,Spacers 25mm,R5 333 30,0,shopify,3,deny,manual,2400.00,TRUE,TRUE,,,,,
spofec-cullinan-series-ii-r1-333-20,SWITCHTRONIC Module - Rolls-Royce Cullinan - R1 333 20 - Novitec,"<h4>Description</h4> <p>The <strong>SPOFEC SWITCHTRONIC Module</strong> for the <strong>Rolls-Royce Cullinan Series I &amp; Series II</strong> allows convenient manual control of exhaust systems equipped with flap regulation. Using a radio remote, the system enables the driver to open or close the exhaust valves directly from the cockpit, instantly adjusting the exhaust sound character.</p> <p>Designed for seamless integration with SPOFEC valved exhaust systems, SWITCHTRONIC enhances the driving experience while maintaining the luxury standards expected from Rolls-Royce.</p> <h4>Compatibility</h4> <p>Rolls-Royce Cullinan <strong>Series I</strong><br>Rolls-Royce Cullinan <strong>Series II</strong><br>For use with <strong>exhaust systems equipped with flap regulation</strong></p> <h4>Key Features</h4> <ul> <li> <p>Remote control operation via radio signal</p> </li> <li> <p>Open and close exhaust flaps directly from the cockpit</p> </li> <li> <p>Designed for SPOFEC exhaust systems with flap regulation</p> </li> <li> <p>Enhances sound customization while maintaining luxury refinement</p> </li> <li> <p>Seamless integration with factory electronics</p> </li> </ul> <h4>Technical Details</h4> <ul> <li> <p>Manufacturer: SPOFEC</p> </li> <li> <p>Product Type: Exhaust Valve Control Module</p> </li> <li> <p>Operation: Radio remote control</p> </li> <li> <p>Function: Manual exhaust flap control</p> </li> </ul> <h4>Installation</h4> <p>Professional installation is recommended.<br>To be installed in combination with exhaust systems featuring flap regulation.</p> <h4>Part Number</h4> <ul> <li> <p>R1 333 20</p> </li> </ul> <h4>Special Order</h4> <p>Lead time approximately <strong>4–6 weeks</strong></p>",Novitec,Exhaust,"brand_novitec, brand_spofec, car_rolls_royce, category_exhaust, condition_new, install_available, model_cullinan_series_ii, pricing_buy_now",TRUE,Title,Default Title,R1-333-20,0,shopify,4,deny,manual,3900.00,TRUE,TRUE,https://cdn.shopify.com/s/files/1/0701/4472/0949/files/Screenshot_2026-02-14_at_14.30.40.png,1,SWITCHTRONIC Module - Rolls-Royce Cullinan - R1 333 20 - Novitec,FALSE,active
spofec-overdose-s2-widebody-kit-rolls-royce-cullinan-series-ii,OVERDOSE S2 Widebody Kit - Rolls-Royce Cullinan - R6 333 06 - Novitec,"<h4>Description</h4> <p>The <strong>SPOFEC OVERDOSE S2 Widebody Kit</strong> for the <strong>Rolls-Royce Cullinan Series II</strong> represents the most exclusive and performance-oriented evolution of the OVERDOSE program. Combining an aggressive widebody conversion with visible carbon aerodynamic highlights, the OVERDOSE S2 package delivers maximum road presence while preserving Rolls-Royce luxury.</p> <p>All core body components are manufactured from high-quality PU-RIM for durability and perfect fitment, while selected aerodynamic elements are crafted from visible carbon fiber for a motorsport-inspired finish.</p> <h4>Compatibility</h4> <p>Rolls-Royce Cullinan <strong>Series II</strong><br></p> <h4>Kit Includes</h4> <ul> <li> <p>Front bumper with integrated LED</p> </li> <li> <p>Grid inserts</p> </li> <li> <p>Rear bumper with tailpipe covers</p> </li> <li> <p>Rear diffuser</p> </li> <li> <p>Widebody kit (8 parts)</p> </li> <li> <p>Side panels</p> </li> <li> <p>Front attachment in visible carbon</p> </li> <li> <p>Rear diffuser elements in visible carbon</p> </li> <li> <p>Complete fixing material</p> </li> </ul> <p>(PU-RIM body components with additional visible carbon aerodynamic parts)</p> <h4>Key Features</h4> <ul> <li> <p>Complete OVERDOSE S2 widebody conversion</p> </li> <li> <p>Aggressive, luxury-performance design language</p> </li> <li> <p>PU-RIM body components for durability and OEM-level fitment</p> </li> <li> <p>Visible carbon front attachment and rear diffuser elements</p> </li> <li> <p>Maximum vehicle width and road presence</p> </li> <li> <p>Developed specifically for Rolls-Royce Cullinan</p> </li> <li> <p>Includes all required mounting hardware</p> </li> </ul> <h4>Technical Details</h4> <ul> <li> <p>Manufacturer: SPOFEC</p> </li> <li> <p>Product Type: Widebody Kit</p> </li> <li> <p>Model: OVERDOSE S2</p> </li> <li> <p>Material: PU-RIM (body components)</p> </li> <li> <p>Ca",Novitec,Aerodynamics,"brand_novitec, brand_spofec, car_rolls_royce, category_aerodynamic, condition_new, install_available, model_cullinan_series_ii, pricing_buy_now",TRUE,Title,Default Title,R6 333 06,0,shopify,3,deny,manual,164900.00,TRUE,TRUE,https://cdn.shopify.com/s/files/1/0701/4472/0949/files/Screenshot2026-01-20at21.52.41.png,1,OVERDOSE S2 Widebody Kit - Rolls-Royce Cullinan - R6 333 06 - Novitec,FALSE,active
spofec-overdose-s2-widebody-kit-rolls-royce-cullinan-series-ii,,,,,,,,,,,,,,,,,,https://cdn.shopify.com/s/files/1/0701/4472/0949/files/Screenshot2026-01-20at21.53.10.png,2,OVERDOSE S2 Widebody Kit - Rolls-Royce Cullinan - R6 333 06 - Novitec,,
novitec-ferrari-12cilindri-f4-012-22,"NF11 Forged Aluminium Wheel Set with Central Lock - Ferrari 12Cilindri - F4 012 22, 20/21 - Novitec","<h4>Description</h4> <p>The <strong>NOVITEC NF11 Forged Aluminium Wheel Set – Central Lock LOOK</strong> for the Ferrari 12Cilindri combines lightweight forged construction with a distinctive motorsport-inspired center-lock design. Developed specifically for the 12Cilindri, this wheel set enhances steering precision, high-speed stability, and overall driving dynamics while delivering a bold yet refined performance appearance.</p> <p>The set includes a central cover available in black, red, or silver, allowing subtle customization while maintaining a clean, race-inspired aesthetic.</p> <h4>Compatibility</h4> <p>Ferrari 12Cilindri</p> <h4>Key Features</h4> <ul> <li> <p>Forged aluminium wheel set</p> </li> <li> <p>Central Lock LOOK design</p> </li> <li> <p>Includes central cover in black, red, or silver</p> </li> <li> <p>Lightweight construction for improved handling and agility</p> </li> <li> <p>Developed specifically for the Ferrari 12Cilindri</p> </li> <li> <p>Precision fitment for front and rear axles</p> </li> <li> <p>Available with or without tyres</p> </li> </ul> <h4>Wheel Specifications</h4> <p><strong>Front Axle</strong></p> <ul> <li> <p>10J x 21""</p> </li> </ul> <p><strong>Rear Axle</strong></p> <ul> <li> <p>12J x 22""</p> </li> </ul> <h4>Tyre Options</h4> <p><strong>With Tyres</strong></p> <ul> <li> <p>Front: 275/35 R21</p> </li> <li> <p>Rear: 325/30 R22</p> </li> </ul> <p><strong>Without Tyres</strong></p> <ul> <li> <p>Wheels supplied without tyres</p> </li> </ul> <h4>Technical Details</h4> <ul> <li> <p>Manufacturer: NOVITEC</p> </li> <li> <p>Wheel Type: Forged Aluminium</p> </li> <li> <p>Model: NF11</p> </li> <li> <p>Design: Central Lock LOOK</p> </li> <li> <p>Center Cover Colors: Black, Red, or Silver</p> </li> <li> <p>Quantity: Complete wheel set (front and rear)</p> </li> </ul> <h4>Installati",Novitec,Wheels,"brand_novitec, car_ferrari, category_wheels, condition_new, install_available, model_12cilindri, pricing_buy_now",TRUE,Variant,With Tyres,F4 012 22,0,shopify,3,deny,manual,74900.00,TRUE,TRUE,https://cdn.shopify.com/s/files/1/0701/4472/0949/files/Screenshot2026-01-17at00.44.35.png,1,"NF11 Forged Aluminium Wheel Set with Central Lock - Ferrari 12Cilindri - F4 012 22, 20/21 - Novitec",FALSE,active
novitec-ferrari-12cilindri-f4-012-22,,,,,,,,Without Tyres,F4-012-20/21,0,shopify,3,deny,manual,62900.00,TRUE,TRUE,,,,,
novitec-ferrari-12cilindri-f4-012-22,,,,,,,,,,,,,,,,,,https://cdn.shopify.com/s/files/1/0701/4472/0949/files/Screenshot_2026-02-15_at_11.55.46.png,2,"NF11 Forged Aluminium Wheel Set with Central Lock - Ferrari 12Cilindri - F4 012 22, 20/21 - Novitec",,
novitec-ferrari-12cilindri-f4-012-62,"NF10 Forged Aluminium Wheel Set with Central Lock - Ferrari 12Cilindri - F4 012 62, 60/61 - Novitec","<h4>Description</h4> <p>The <strong>NOVITEC NF10 Forged Aluminium Wheel Set – Central Lock LOOK</strong> for the Ferrari 12Cilindri combines advanced forged construction with an authentic motorsport-inspired center-lock design. Developed specifically for the 12Cilindri, this wheel set enhances handling precision, stability, and overall driving dynamics while delivering a bold and race-inspired appearance.</p> <p>The set includes a central cover available in black, red, or silver, allowing subtle personalization while maintaining a clean, high-performance aesthetic.</p> <p> </p> <h4>Compatibility</h4> <p>Ferrari 12Cilindri</p> <p> </p> <h4>Key Features</h4> <ul> <li> <p>Forged aluminium wheel set</p> </li> <li> <p>Central Lock LOOK design</p> </li> <li> <p>Includes central cover in black, red, or silver</p> </li> <li> <p>Lightweight construction for improved handling and agility</p> </li> <li> <p>Developed specifically for the Ferrari 12Cilindri</p> </li> <li> <p>Precision fitment for front and rear axles</p> </li> <li> <p>Available with or without tyres</p> </li> </ul> <p> </p> <h4>Wheel Specifications</h4> <p><strong>Front Axle</strong></p> <ul> <li> <p>10J x 21""</p> </li> </ul> <p><strong>Rear Axle</strong></p> <ul> <li> <p>12J x 22""</p> </li> </ul> <p> </p> <h4>Tyre Options</h4> <p><strong>With Tyres</strong></p> <ul> <li> <p>Front: 275/35 R21</p> </li> <li> <p>Rear: 325/30 R22</p> </li> </ul> <p><strong>Without Tyres</strong></p> <ul> <li> <p>Wheels supplied without tyres</p> </li> </ul> <p> </p> <h4>Technical Details</h4> <ul> <li> <p>Manufacturer: NOVITEC</p> </li> <li> <p>Wheel Type: Forged Aluminium</p> </li> <li> <p>Model: NF10</p> </li> <li> <p>Design: Central Lock LOOK</p> </li> <li> <p>Center Cover Colors: Black, Red, or Silver</p> </li> <li> <p>Quantity: Complete wheel set (front and rear)</p> </li> </ul> <p> </p> <h4>Installation</h4> <p data-start=",Novitec,Wheels,"brand_novitec, car_ferrari, category_wheels, condition_new, install_available, model_12cilindri, pricing_buy_now",TRUE,Variant,With Tyres,F4 012 62,0,shopify,2,deny,manual,74900.00,TRUE,TRUE,https://cdn.shopify.com/s/files/1/0701/4472/0949/files/Screenshot2026-01-17at00.44.12.png,1,"NF10 Forged Aluminium Wheel Set with Central Lock - Ferrari 12Cilindri - F4 012 62, 60/61 - Novitec",FALSE,active
novitec-ferrari-12cilindri-f4-012-62,,,,,,,,Without Tyres,F4 012 60/61,0,shopify,5,deny,manual,62900.00,TRUE,TRUE,,,,,
novitec-ferrari-12cilindri-f4-012-62,,,,,,,,,,,,,,,,,,https://cdn.shopify.com/s/files/1/0701/4472/0949/files/Screenshot_2026-02-15_at_11.42.44.png,2,"NF10 Forged Aluminium Wheel Set with Central Lock - Ferrari 12Cilindri - F4 012 62, 60/61 - Novitec",,
novitec-ferrari-12cilindri-f4-012-70,"NF9 Forged Aluminium Wheel Set - Ferrari 12Cilindri - F4 012 70, 00/01 - Novitec","<h4>Description</h4> <p>The <strong>NOVITEC NF9 Forged Aluminium Wheel Set</strong> for the Ferrari 12Cilindri combines lightweight forged construction with an aggressive, motorsport-inspired design. Manufactured using advanced forging technology, these wheels reduce unsprung mass while enhancing steering precision, high-speed stability, and overall driving dynamics.</p> <p>Finished in colors from the NOVITEC solid color range, the NF9 wheel set delivers the perfect balance between performance engineering and refined visual impact.</p> <h4>Compatibility</h4> <p>Ferrari 12Cilindri</p> <h4>Key Features</h4> <ul> <li> <p>NOVITEC forged aluminium wheel type NF9</p> </li> <li> <p>Lightweight construction for improved agility and handling precision</p> </li> <li> <p>Developed specifically for the Ferrari 12Cilindri</p> </li> <li> <p>Precision fitment for front and rear axles</p> </li> <li> <p>Finished in colors from the NOVITEC solid color range</p> </li> <li> <p>Available with or without tyres</p> </li> </ul> <h4>Wheel Specifications</h4> <p><strong>Front Axle</strong></p> <ul> <li> <p>10J x 21""</p> </li> </ul> <p><strong>Rear Axle</strong></p> <ul> <li> <p>12J x 22""</p> </li> </ul> <h4>Tyre Options</h4> <p><strong>With Tyres</strong></p> <ul> <li> <p>Front: 275/35 R21</p> </li> <li> <p>Rear: 325/30 R22</p> </li> </ul> <p><strong>Without Tyres</strong></p> <ul> <li> <p>Wheels supplied without tyres</p> </li> </ul> <h4>Technical Details</h4> <ul> <li> <p>Manufacturer: NOVITEC</p> </li> <li> <p>Wheel Type: NF9 Forged Aluminium</p> </li> <li> <p>Finish: Solid color range</p> </li> <li> <p>Quantity: Complete wheel set (front and rear)</p> </li> </ul> <h4>Installation</h4> <p>Professional installation and wheel alignment are recommended.</p> <h4>Part Numbers</h4> <p><strong>With Tyres</strong></p> <ul data-end",Novitec,Wheels,"brand_novitec, car_ferrari, category_wheels, condition_new, install_available, model_12cilindri, pricing_buy_now",TRUE,Variant,With Tyres,F4 012 70,0,shopify,3,deny,manual,74900.00,TRUE,TRUE,https://cdn.shopify.com/s/files/1/0701/4472/0949/files/Screenshot2026-01-17at00.43.49.png,1,"NF9 Forged Aluminium Wheel Set - Ferrari 12Cilindri - F4 012 70, 00/01 - Novitec",FALSE,active
novitec-ferrari-12cilindri-f4-012-70,,,,,,,,Without Tyres,F4 012 00/01,0,shopify,4,deny,manual,62900.00,TRUE,TRUE,,,,,
novitec-ferrari-12cilindri-f4-012-70,,,,,,,,,,,,,,,,,,https://cdn.shopify.com/s/files/1/0701/4472/0949/files/Screenshot_2026-02-14_at_15.47.43.png,2,"NF9 Forged Aluminium Wheel Set - Ferrari 12Cilindri - F4 012 70, 00/01 - Novitec",,
novitec-ferrari-12cilindri-f5-012-15,Titanium Wheel Bolts Set (10 pcs) - Ferrari 12Cilindri - F5 012 15 - Novitec,"<h4>Description</h4> <p>The <strong>NOVITEC Titanium Wheel Bolts Set (10 Pieces)</strong> for the Ferrari 12Cilindri is engineered to combine maximum strength with significant weight reduction. Manufactured from high-grade titanium, these wheel bolts provide superior durability while reducing unsprung mass and enhancing overall performance.</p> <p>Designed specifically for use with NOVITEC wheel spacers, the bolts feature an inner octagonal head for precise installation and secure fitment.</p> <h4>Compatibility</h4> <p>Ferrari 12Cilindri<br>For use with <strong>NOVITEC wheel spacers (10 mm and 15 mm)</strong></p> <h4>Key Features</h4> <ul> <li> <p>Titanium wheel bolts set (10 pieces)</p> </li> <li> <p>High-strength, lightweight titanium construction</p> </li> <li> <p>Inner octagonal head design</p> </li> <li> <p>Developed specifically for NOVITEC wheel spacers</p> </li> <li> <p>Suitable for spacer sizes 10 mm and 15 mm</p> </li> <li> <p>Precision-engineered for secure and reliable fitment</p> </li> </ul> <h4>Technical Details</h4> <ul> <li> <p>Manufacturer: NOVITEC</p> </li> <li> <p>Product Type: Wheel Bolts</p> </li> <li> <p>Material: Titanium</p> </li> <li> <p>Quantity: Set of 10 pieces</p> </li> <li> <p>Head Type: Inner octagonal</p> </li> </ul> <h4>Installation</h4> <p>Professional installation is recommended.<br>Only for use with NOVITEC wheel spacers (10 mm and 15 mm).</p> <h4>Part Number</h4> <ul> <li> <p>F5 012 15</p> </li> </ul> <h4>Special Order</h4> <p>Lead time approximately <strong>4–6 weeks</strong></p>",Novitec,Suspension,"brand_novitec, car_ferrari, category_suspension, condition_new, install_available, model_12cilindri, pricing_buy_now",TRUE,Title,Default Title,F5 012 15,0,shopify,2,deny,manual,3900.00,TRUE,TRUE,https://cdn.shopify.com/s/files/1/0701/4472/0949/files/Screenshot2026-01-04at06.51.02.png,1,Titanium Wheel Bolts Set (10 pcs) - Ferrari 12Cilindri - F5 012 15 - Novitec,FALSE,active
novitec-ferrari-12cilindri-f5-012-10,Aluminium Wheel Spacers - Ferrari 12Cilindri - F5 012 10/ 11 - Novitec,"<h4>Description</h4> <p>The <strong>NOVITEC Aluminium Wheel Spacers</strong> for the Ferrari 12Cilindri are engineered to enhance vehicle stance, stability, and handling precision. Manufactured from high-strength aluminium and corrosion-protected through anodizing, these spacers ensure durability, precise fitment, and long-term reliability under demanding driving conditions.</p> <p>Designed to widen the track width for improved driving dynamics and a more aggressive appearance, each spacer set includes the required mounting material for secure installation.</p> <h4>Compatibility</h4> <p>Ferrari 12Cilindri</p> <h4>Key Features</h4> <ul> <li> <p>Aluminium wheel spacers set (2 pieces)</p> </li> <li> <p>High-strength aluminium construction</p> </li> <li> <p>Corrosion-protected through anodized finish</p> </li> <li> <p>Enlarged track width for improved stability and stance</p> </li> <li> <p>Precision-engineered for OEM-level fitment</p> </li> <li> <p>Includes mounting material</p> </li> <li> <p>Available in 10 mm and 15 mm versions</p> </li> </ul> <h4>Available Versions</h4> <p><strong>Spacer 10 mm</strong></p> <ul> <li> <p>Enlarged track width by 20 mm per axle</p> </li> <li> <p>Includes chromed wheel bolts</p> </li> </ul> <p><strong>Spacer 15 mm</strong></p> <ul> <li> <p>Enlarged track width by 30 mm per axle</p> </li> <li> <p>Includes chromed wheel bolts</p> </li> </ul> <h4>Technical Details</h4> <ul> <li> <p>Manufacturer: NOVITEC</p> </li> <li> <p>Product Type: Wheel Spacers</p> </li> <li> <p>Material: High-strength aluminium</p> </li> <li> <p>Finish: Anodized</p> </li> <li> <p>Quantity: Set of 2 pieces (including mounting material)</p> </li> </ul> <h4>Installation</h4> <p>Professional installation and wheel alignment are recommended.</p> <h4>Part Numbers</h4> <p><strong>Spacer 10 mm</strong></p> <ul> <li> <p>F5 012 10</p> </li> </ul> <p>",Novitec,Suspension,"brand_novitec, car_ferrari, category_suspension, condition_new, install_available, model_12cilindri, pricing_buy_now",TRUE,Variant,10mm Spacer,F5-012-10,0,shopify,2,deny,manual,1900.00,TRUE,TRUE,https://cdn.shopify.com/s/files/1/0701/4472/0949/files/Screenshot2026-01-04at06.50.03_2e130ac0-7f14-46c2-afe7-fa8c375046a0.png,1,Aluminium Wheel Spacers - Ferrari 12Cilindri - F5 012 10/ 11 - Novitec,FALSE,active
novitec-ferrari-12cilindri-f5-012-10,,,,,,,,15mm Spacer,F5-012-11,0,shopify,5,deny,manual,2100.00,TRUE,TRUE,,,,,
novitec-ferrari-12cilindri-f5-012-31,Novitec Sport Spring Set - Ferrari 12Cilindri - F5 012 31 - Novitec,"<h4>Description</h4> <p>The <strong>NOVITEC Sport Spring Set</strong> for the Ferrari 12Cilindri enhances handling dynamics while delivering a sportier and more aggressive stance. Designed to operate in combination with the original factory suspension, this spring set lowers the vehicle’s ride height to improve center of gravity, stability, and driving precision.</p> <p>Engineered specifically for the 12Cilindri, the system maintains everyday usability and is fully compatible with vehicles equipped with the factory lift system.</p> <h4>Compatibility</h4> <p>Ferrari 12Cilindri<br>Suitable for all models<br>Compatible with vehicles equipped with the factory lift system</p> <h4>Key Features</h4> <ul> <li> <p>Sport spring set for suspension lowering</p> </li> <li> <p>Optimized for use with the original factory suspension</p> </li> <li> <p>Improved handling stability and reduced body roll</p> </li> <li> <p>Lowered ride height for enhanced stance</p> </li> <li> <p>Compatible with factory lift system</p> </li> <li> <p>Developed specifically for the Ferrari 12Cilindri</p> </li> </ul> <h4>Technical Details</h4> <ul> <li> <p>Manufacturer: NOVITEC</p> </li> <li> <p>Product Type: Sport Spring Set</p> </li> <li> <p>Application: Lowering springs</p> </li> <li> <p>Suspension: Designed for original factory suspension</p> </li> </ul> <h4>Installation</h4> <p>Professional installation and wheel alignment are recommended.</p> <h4>Part Number</h4> <ul> <li> <p>F5 012 31</p> </li> </ul> <h4>Special Order</h4> <p>Lead time approximately <strong>4–6 weeks</strong></p>",Novitec,Suspension,"brand_novitec, car_ferrari, category_suspension, condition_new, install_available, model_12cilindri, pricing_buy_now",TRUE,Title,Default Title,F5 012 31,0,shopify,2,deny,manual,6900.00,TRUE,TRUE,https://cdn.shopify.com/s/files/1/0701/4472/0949/files/Screenshot2026-01-17at00.41.38.png,1,Novitec Sport Spring Set - Ferrari 12Cilindri - F5 012 31 - Novitec,FALSE,active
novitec-ferrari-12cilindri-f1-012-90,SWITCHTRONIC Module - Ferrari 12Cilindri - F1 012 90 - Novitec,"<p> </p> <h4>Description</h4> <p>The <strong>NOVITEC SWITCHTRONIC Module</strong> for the Ferrari 12Cilindri allows manual control of exhaust valve operation directly via the vehicle’s Manettino. By integrating with the CAN-Bus system, SWITCHTRONIC enables the driver to open or close the exhaust valves on demand, providing instant adjustment of exhaust sound characteristics.</p> <p>Designed for seamless integration with NOVITEC valved exhaust systems, SWITCHTRONIC enhances driving engagement while preserving OEM-level functionality.</p> <h4>Compatibility</h4> <p>Ferrari 12Cilindri<br>For use with <strong>exhaust systems equipped with flap regulation</strong></p> <h4>Key Features</h4> <ul> <li> <p>Manual control of exhaust valves via Manettino</p> </li> <li> <p>CAN-Bus connection for seamless integration</p> </li> <li> <p>Open and close exhaust flaps on demand</p> </li> <li> <p>Enhances sound customization and driving experience</p> </li> <li> <p>Developed specifically for the Ferrari 12Cilindri</p> </li> </ul> <h4>Technical Details</h4> <ul> <li> <p>Manufacturer: NOVITEC</p> </li> <li> <p>Product Type: Exhaust Valve Control Module</p> </li> <li> <p>Operation: Manettino-controlled via CAN-Bus</p> </li> <li> <p>Function: Manual exhaust flap control</p> </li> </ul> <h4>Installation</h4> <p>Professional installation is recommended.</p> <h4>Part Number</h4> <ul> <li> <p>F1 012 90</p> </li> </ul> <h4>Special Order</h4> <p>Lead time approximately <strong>4 weeks</strong></p>",Novitec,Exhaust,"brand_novitec, car_ferrari, category_exhaust, condition_new, install_available, model_12cilindri, pricing_buy_now",TRUE,Title,Default Title,F1-012-90,0,shopify,6,deny,manual,4900.00,TRUE,TRUE,https://cdn.shopify.com/s/files/1/0701/4472/0949/files/Screenshot_2026-02-14_at_14.30.40.png,1,SWITCHTRONIC Module - Ferrari 12Cilindri - F1 012 90 - Novitec,FALSE,active
novitec-ferrari-12cilindri-f1-012-80,TECTRONIC Module - Ferrari 12Cilindri - F1 012 80 - Novitec,"<h4>Description</h4> <p>The <strong>NOVITEC TECTRONIC Module</strong> for the Ferrari 12Cilindri is developed to ensure proper engine management when upgrading the exhaust system with NOVITEC sport metal catalysts. The module prevents error indications and maintains seamless communication with the vehicle’s factory electronics.</p> <p>Engineered specifically for the Ferrari 12Cilindri, TECTRONIC supports enhanced exhaust performance while preserving OEM-level functionality and drivability.</p> <h4>Compatibility</h4> <p>Ferrari 12Cilindri<br>For use with <strong>NOVITEC Sport Metal Catalysts</strong></p> <h4>Key Features</h4> <ul> <li> <p>Prevents error indications related to exhaust modifications</p> </li> <li> <p>Optimized for use with NOVITEC sport metal catalysts</p> </li> <li> <p>Seamless integration with factory electronics</p> </li> <li> <p>Maintains OEM-level drivability and functionality</p> </li> <li> <p>Developed specifically for the Ferrari 12Cilindri</p> </li> </ul> <h4>Technical Details</h4> <ul> <li> <p>Manufacturer: NOVITEC</p> </li> <li> <p>Product Type: Electronic Control Module</p> </li> <li> <p>Application: Error indication prevention</p> </li> <li> <p>Requirement: Must be installed with NOVITEC sport metal catalysts</p> </li> </ul> <h4>Installation</h4> <p>Professional installation is strongly recommended.<br>Only to be installed in combination with NOVITEC sport metal catalysts.</p> <h4>Part Number</h4> <ul> <li> <p>F1 012 80</p> </li> </ul> <h4>Special Order</h4> <p>Lead time approximately <strong>4 weeks</strong></p>",Novitec,Exhaust,"brand_novitec, car_ferrari, category_exhaust, condition_new, install_available, model_12cilindri, pricing_buy_now",TRUE,Title,Default Title,F1 012 80,0,shopify,5,deny,manual,4900.00,TRUE,TRUE,https://cdn.shopify.com/s/files/1/0701/4472/0949/files/tempImageSC1Wyu.jpg,1,TECTRONIC Module - Ferrari 12Cilindri - F1 012 80 - Novitec,FALSE,active
novitec-ferrari-12cilindri-f1-012-88,GTRONIC Module - Ferrari 12Cilindri - F1 012 88 - Novitec,"<h4>Description</h4> <p>The <strong>NOVITEC GTRONIC Module</strong> for the Ferrari 12Cilindri is developed for use in combination with NOVITEC exhaust systems and sport metal catalysts. The module ensures proper communication with the vehicle’s engine management system and prevents error indications related to the OPF (Otto Particulate Filter) when upgrading the exhaust system.</p> <p>Engineered specifically for the Ferrari 12Cilindri, GTRONIC maintains factory-level functionality while supporting enhanced exhaust performance.</p> <h4>Compatibility</h4> <p>Ferrari 12Cilindri<br>For use with <strong>NOVITEC exhaust systems</strong><br>Only in combination with <strong>NOVITEC Sport Metal Catalysts (Set of 2)</strong></p> <h4>Key Features</h4> <ul> <li> <p>Prevents OPF-related error indications</p> </li> <li> <p>Optimized for use with NOVITEC exhaust systems</p> </li> <li> <p>Required when installing NOVITEC sport metal catalysts</p> </li> <li> <p>Seamless integration with factory electronics</p> </li> <li> <p>Developed specifically for the Ferrari 12Cilindri</p> </li> </ul> <h4>Technical Details</h4> <ul> <li> <p>Manufacturer: NOVITEC</p> </li> <li> <p>Product Type: Electronic Control Module</p> </li> <li> <p>Application: OPF error prevention</p> </li> <li> <p>Requirement: Must be installed together with NOVITEC Sport Metal Catalysts (Set of 2)</p> </li> </ul> <h4>Installation</h4> <p>Professional installation is strongly recommended.<br>Only to be installed in combination with NOVITEC sport metal catalysts.</p> <h4>Part Number</h4> <ul> <li> <p>F1 012 88</p> </li> </ul> <h4>Special Order</h4> <p>Lead time approximately <strong>4 weeks</strong></p>",Novitec,Exhaust,"brand_novitec, car_ferrari, category_exhaust, condition_new, install_available, model_12cilindri, pricing_buy_now",TRUE,Title,Default Title,F1 012 88,0,shopify,3,deny,manual,10900.00,TRUE,TRUE,https://cdn.shopify.com/s/files/1/0701/4472/0949/files/Screenshot2026-01-20at09.30.59.png,1,GTRONIC Module - Ferrari 12Cilindri - F1 012 88 - Novitec,FALSE,active
novitec-ferrari-12cilindri-f1-012-15,Sport Metal Catalysts (Set) - Ferrari 12Cilindri - F1 012 15/ 35 - Novitec,"<h4>Description</h4> <p>The <strong>NOVITEC Sport Metal Catalysts (Set)</strong> for the Ferrari 12Cilindri are engineered to improve exhaust flow and enhance overall engine responsiveness. Designed for use with both NOVITEC and original factory exhaust systems, these high-performance catalysts reduce backpressure while maintaining precise OEM-level fitment.</p> <p>Manufactured using high-grade materials and protected with advanced heat insulation, the system ensures optimal thermal management and long-term reliability under demanding performance conditions.</p> <h4>Compatibility</h4> <p>Ferrari 12Cilindri<br>Compatible with <strong>NOVITEC exhaust systems</strong> and <strong>original factory exhaust systems</strong></p> <h4>Key Features</h4> <ul> <li> <p>High-performance sport metal catalysts (set)</p> </li> <li> <p>Optimized exhaust flow and reduced backpressure</p> </li> <li> <p>Improved throttle response</p> </li> <li> <p>Designed for use with NOVITEC and original exhaust systems</p> </li> <li> <p>High-temperature heat protection</p> </li> <li> <p>Direct replacement using factory mounting points</p> </li> </ul> <h4>Available Versions</h4> <p><strong>Heat-Protected Version</strong></p> <ul> <li> <p>Covered with high-temperature heat protection</p> </li> <li> <p>Optimized thermal management</p> </li> </ul> <p><strong>Gold-Plated Version</strong></p> <ul> <li> <p>Covered with high-temperature heat protection</p> </li> <li> <p>Coated with 999 fine gold</p> </li> <li> <p>Maximum thermal efficiency and premium finish</p> </li> </ul> <h4>Technical Details</h4> <ul> <li> <p>Manufacturer: NOVITEC</p> </li> <li> <p>Product Type: Sport Metal Catalysts</p> </li> <li> <p>Quantity: Set</p> </li> <li> <p>Heat Protection: High-temperature heat-protected system</p> </li> </ul> <h4>Installation</h4> <p>Professional installation is recommended.</p> <h4>Part Numbers</h4> <p><strong>Heat-Protected Version</strong></p> <ul data-",Novitec,Exhaust,"brand_novitec, car_ferrari, category_exhaust, condition_new, install_available, model_12cilindri, pricing_buy_now",TRUE,Variant,Stainless Steel,F1 012 15,0,shopify,1,deny,manual,37900.00,TRUE,TRUE,https://cdn.shopify.com/s/files/1/0701/4472/0949/files/Screenshot2026-01-17at00.40.49.png,1,Sport Metal Catalysts (Set) - Ferrari 12Cilindri - F1 012 15/ 35 - Novitec,FALSE,active
novitec-ferrari-12cilindri-f1-012-15,,,,,,,,Gold Plated 999,F1 012 35,0,shopify,6,deny,manual,52900.00,TRUE,TRUE,,,,,
novitec-ferrari-12cilindri-f1-012-15,,,,,,,,,,,,,,,,,,https://cdn.shopify.com/s/files/1/0701/4472/0949/files/Screenshot_2026-02-18_at_15.02.35.png,2,Sport Metal Catalysts (Set) - Ferrari 12Cilindri - F1 012 15/ 35 - Novitec,,
novitec-ferrari-12cilindri-f1-012-16,Exhaust Replacement X-Pipe System - Ferrari 12Cilindri - F1 012 16/ 36 - Novitec,"<h4>Description</h4> <p>The <strong>NOVITEC Exhaust Replacement X-Pipe System</strong> for the Ferrari 12Cilindri is designed to optimize exhaust flow and enhance exhaust sound characteristics. By replacing the factory mid-section with a high-performance X-pipe configuration, this system improves throttle response and delivers a sharper, more dynamic exhaust note while maintaining OEM-level fitment.</p> <p>Manufactured from high-grade stainless steel and protected with advanced heat insulation, the system ensures durability, thermal efficiency, and consistent performance under demanding driving conditions.</p> <h4>Compatibility</h4> <p>Ferrari 12Cilindri</p> <h4>Key Features</h4> <ul> <li> <p>High-performance exhaust replacement X-pipe system</p> </li> <li> <p>Optimized exhaust flow through X-pipe design</p> </li> <li> <p>Improved throttle response and exhaust sound characteristics</p> </li> <li> <p>Developed specifically for the Ferrari 12Cilindri</p> </li> <li> <p>High-grade stainless steel construction</p> </li> <li> <p>High-temperature heat protection</p> </li> <li> <p>Direct replacement using factory mounting points</p> </li> </ul> <h4>Available Versions</h4> <p><strong>Heat-Protected Version</strong></p> <ul> <li> <p>Stainless steel construction</p> </li> <li> <p>Covered with high-temperature heat protection</p> </li> </ul> <p><strong>Gold-Plated Version</strong></p> <ul> <li> <p>Stainless steel construction</p> </li> <li> <p>Covered with high-temperature heat protection</p> </li> <li> <p>Coated with 999 fine gold</p> </li> <li> <p>Maximum thermal efficiency and premium appearance</p> </li> </ul> <h4>Technical Details</h4> <ul> <li> <p>Manufacturer: NOVITEC</p> </li> <li> <p>Product Type: Exhaust Replacement Pipe / X-Pipe System</p> </li> <li> <p>Material: Stainless Steel</p> </li> <li> <p>Heat Protection: High-temperature heat-protected system</p> </li> </ul> <h4>Installation</h4> <p>Professional installation is recommended.</p> <h4",Novitec,Exhaust,"brand_novitec, car_ferrari, category_exhaust, condition_new, install_available, model_12cilindri, pricing_buy_now",TRUE,Variant,Stainless Steel,F1 012 16,0,shopify,5,deny,manual,13900.00,TRUE,TRUE,https://cdn.shopify.com/s/files/1/0701/4472/0949/files/Screenshot2026-01-17at00.41.16.png,1,Exhaust Replacement X-Pipe System - Ferrari 12Cilindri - F1 012 16/ 36 - Novitec,FALSE,active
novitec-ferrari-12cilindri-f1-012-16,,,,,,,,Gold Plated 999,F1 012 36,0,shopify,6,deny,manual,18900.00,TRUE,TRUE,,,,,
novitec-ferrari-12cilindri-f1-012-16,,,,,,,,,,,,,,,,,,https://cdn.shopify.com/s/files/1/0701/4472/0949/files/Screenshot_2026-02-18_at_15.44.42.png,2,Exhaust Replacement X-Pipe System - Ferrari 12Cilindri - F1 012 16/ 36 - Novitec,,
novitec-ferrari-12cilindri-f1-012-70,Exhaust System with Flap Regulation - Ferrari 12Cilindri - F1 012 70/ 71/ 72 - Novitec,"<h4>Description</h4> <p>The <strong>NOVITEC Power-Optimized Exhaust System with Flap Regulation</strong> for the Ferrari 12Cilindri is engineered to enhance performance while retaining the original factory tailpipes. Developed specifically for Ferrari’s naturally aspirated V12 engine, this system improves exhaust flow, reduces backpressure, and delivers a more dynamic exhaust note without altering the OEM exterior appearance.</p> <p>The integrated valve control allows adjustable sound characteristics, combining refined cruising comfort with an aggressive performance tone when desired.</p> <h4>Compatibility</h4> <p>Ferrari 12Cilindri<br>Designed for use with <strong>original factory tailpipes</strong></p> <h4>Key Features</h4> <ul> <li> <p>Power-optimized exhaust system</p> </li> <li> <p>Integrated flap regulation (valved system)</p> </li> <li> <p>Adjustable exhaust sound characteristics</p> </li> <li> <p>Improved exhaust flow and throttle response</p> </li> <li> <p>Retains original factory tailpipes</p> </li> <li> <p>Developed specifically for the Ferrari 12Cilindri</p> </li> <li> <p>Direct replacement using factory mounting points</p> </li> </ul> <h4>Available Versions</h4> <p><strong>Stainless Steel</strong></p> <ul> <li> <p>High-grade stainless steel construction</p> </li> <li> <p>Balanced performance and refined sound control</p> </li> </ul> <p><strong>INCONEL</strong></p> <ul> <li> <p>Lightweight high-performance alloy</p> </li> <li> <p>Reduced overall system weight</p> </li> <li> <p>Sharper, more performance-focused exhaust tone</p> </li> </ul> <p><strong>Gold-Plated INCONEL</strong></p> <ul> <li> <p>INCONEL construction with high-temperature heat protection</p> </li> <li> <p>Coated with 999 fine gold</p> </li> <li> <p>Maximum thermal efficiency</p> </li> <li> <p>Premium motorsport-inspired finish</p> </li> </ul> <h4>Technical Details</h4> <ul> <li> <p>Manufacturer: NOVITEC</p> </li> <li> <p>Product Type: Exhaust System</p> </li> <",Novitec,Exhaust,"brand_novitec, car_ferrari, category_exhaust, condition_new, install_available, model_12cilindri, pricing_buy_now",TRUE,Variant,Stainless steel,F1 012 70,0,shopify,2,deny,manual,39900.00,TRUE,TRUE,https://cdn.shopify.com/s/files/1/0701/4472/0949/files/Screenshot2026-01-17at00.38.09.png,1,Exhaust System with Flap Regulation - Ferrari 12Cilindri - F1 012 70/ 71/ 72 - Novitec,FALSE,active
novitec-ferrari-12cilindri-f1-012-70,,,,,,,,Inconel,F1 012 71,0,shopify,1,deny,manual,48900.00,TRUE,TRUE,,,,,
novitec-ferrari-12cilindri-f1-012-70,,,,,,,,Inconel Gold 999,F1 012 72,0,shopify,3,deny,manual,64900.00,TRUE,TRUE,,,,,
novitec-ferrari-12cilindri-f1-012-70,,,,,,,,,,,,,,,,,,https://cdn.shopify.com/s/files/1/0701/4472/0949/files/Screenshot_2026-02-18_at_13.57.21.png,2,Exhaust System with Flap Regulation - Ferrari 12Cilindri - F1 012 70/ 71/ 72 - Novitec,,
novitec-ferrari-12cilindri-f1-012-11,Exhaust System with Flap Regulation - Ferrari 12Cilindri - F1 012 11/ 21/ 31 - Novitec,"<h4>Description</h4> <p>The <strong>NOVITEC Power-Optimized Exhaust System with Flap Regulation</strong> for the Ferrari 12Cilindri enhances performance while delivering adjustable exhaust sound characteristics. Engineered specifically for Ferrari’s naturally aspirated V12 engine, this system improves exhaust flow, reduces backpressure, and maintains precise OEM-level fitment.</p> <p>Designed for use with NOVITEC tailpipes, the integrated valve control allows the driver to actively manage exhaust sound dynamics for both refined cruising and aggressive performance driving.</p> <h4>Compatibility</h4> <p>Ferrari 12Cilindri<br>For use with <strong>NOVITEC tailpipes</strong></p> <h4>Key Features</h4> <ul> <li> <p>Power-optimized exhaust system</p> </li> <li> <p>Integrated flap regulation (valved system)</p> </li> <li> <p>Adjustable exhaust sound characteristics</p> </li> <li> <p>Optimized exhaust flow and throttle response</p> </li> <li> <p>Developed specifically for the Ferrari 12Cilindri</p> </li> <li> <p>Designed for use with NOVITEC tailpipes</p> </li> <li> <p>Direct replacement using factory mounting points</p> </li> </ul> <h4>Available Versions</h4> <p><strong>Stainless Steel</strong></p> <ul> <li> <p>High-grade stainless steel construction</p> </li> <li> <p>Balanced performance and refined sound control</p> </li> </ul> <p><strong>INCONEL</strong></p> <ul> <li> <p>Lightweight high-performance alloy</p> </li> <li> <p>Reduced overall system weight</p> </li> <li> <p>Sharper, motorsport-inspired exhaust tone</p> </li> </ul> <p><strong>Gold-Plated INCONEL</strong></p> <ul> <li> <p>INCONEL construction with high-temperature heat protection</p> </li> <li> <p>Coated with 999 fine gold</p> </li> <li> <p>Maximum thermal efficiency</p> </li> <li> <p>Premium motorsport-inspired finish</p> </li> </ul> <p><strong>Technical Details</strong></p> <ul> <li> <p>Manufacturer: NOVITEC</p> </li> <li> <p>Product Type: Exhaust System</p> </li> <li",Novitec,Exhaust,"brand_novitec, car_ferrari, category_exhaust, condition_new, install_available, model_12cilindri, pricing_buy_now",TRUE,Variant,Stainless steel,F1 012 11,0,shopify,5,deny,manual,37900.00,TRUE,TRUE,https://cdn.shopify.com/s/files/1/0701/4472/0949/files/Screenshot2026-01-17at00.37.24.png,1,Exhaust System with Flap Regulation - Ferrari 12Cilindri - F1 012 11/ 21/ 31 - Novitec,FALSE,active
novitec-ferrari-12cilindri-f1-012-11,,,,,,,,Inconel,F1 012 21,0,shopify,4,deny,manual,46900.00,TRUE,TRUE,,,,,
novitec-ferrari-12cilindri-f1-012-11,,,,,,,,Inconel Gold 999,F1 012 31,0,shopify,3,deny,manual,60900.00,TRUE,TRUE,,,,,
novitec-ferrari-12cilindri-f1-012-11,,,,,,,,,,,,,,,,,,https://cdn.shopify.com/s/files/1/0701/4472/0949/files/Screenshot_2026-02-18_at_12.41.34.png,2,Exhaust System with Flap Regulation - Ferrari 12Cilindri - F1 012 11/ 21/ 31 - Novitec,,
novitec-ferrari-12cilindri-f1-012-10,RACE Exhaust System with Flap Regulation - Ferrari 12Cilindri - F1 012 10/ 20/ 30 - Novitec,"<h4>Description</h4> <p>The <strong>NOVITEC Power-Optimized RACE Exhaust System with Flap Regulation</strong> for the Ferrari 12Cilindri is engineered for maximum performance and an uncompromising motorsport-inspired sound. Developed specifically for Ferrari’s naturally aspirated V12 engine, this RACE system enhances exhaust flow, reduces backpressure, and sharpens throttle response while maintaining precise OEM-level fitment.</p> <p>Designed for use with NOVITEC tailpipes, the integrated valve control allows adjustable sound dynamics — from refined cruising to aggressive high-performance driving.</p> <h4>Compatibility</h4> <p>Ferrari 12Cilindri<br>For use with <strong>NOVITEC tailpipes</strong></p> <h4>Key Features</h4> <ul> <li> <p>Power-optimized RACE exhaust system</p> </li> <li> <p>Integrated flap regulation (valved system)</p> </li> <li> <p>Adjustable exhaust sound characteristics</p> </li> <li> <p>Reduced backpressure and improved throttle response</p> </li> <li> <p>Developed specifically for the Ferrari 12Cilindri</p> </li> <li> <p>Designed for use with NOVITEC tailpipes</p> </li> <li> <p>Direct replacement using factory mounting points</p> </li> </ul> <h4>Available Versions</h4> <p><strong>Stainless Steel</strong></p> <ul> <li> <p>High-grade stainless steel construction</p> </li> <li> <p>Aggressive RACE sound character</p> </li> </ul> <p><strong>INCONEL</strong></p> <ul> <li> <p>Lightweight high-performance alloy</p> </li> <li> <p>Reduced overall system weight</p> </li> <li> <p>Sharper, more motorsport-focused exhaust tone</p> </li> </ul> <p><strong>Gold-Plated INCONEL</strong></p> <ul> <li> <p>INCONEL construction with high-temperature heat protection</p> </li> <li> <p>Coated with 999 fine gold</p> </li> <li> <p>Maximum thermal efficiency</p> </li> <li> <p>Premium motorsport-inspired finish</p> </li> </ul> <h4>Technical Details</h4> <ul> <li> <p>Manufacturer: NOVITEC</p> </li> <li> <p>Product Type: Exhaust System</p> </li> <li data",Novitec,Exhaust,"brand_novitec, car_ferrari, category_exhaust, condition_new, install_available, model_12cilindri, pricing_buy_now",TRUE,Variant,Stainless Steel,F1 012 10,0,shopify,6,deny,manual,31900.00,TRUE,TRUE,https://cdn.shopify.com/s/files/1/0701/4472/0949/files/Screenshot2026-01-17at00.45.08.png,1,RACE Exhaust System with Flap Regulation - Ferrari 12Cilindri - F1 012 10/ 20/ 30 - Novitec,FALSE,active
novitec-ferrari-12cilindri-f1-012-10,,,,,,,,Inconel,F1 012 20,0,shopify,4,deny,manual,40900.00,TRUE,TRUE,,,,,
novitec-ferrari-12cilindri-f1-012-10,,,,,,,,Inconel Gold 999,F1 012 30,0,shopify,5,deny,manual,54900.00,TRUE,TRUE,,,,,
novitec-ferrari-12cilindri-f1-012-10,,,,,,,,,,,,,,,,,,https://cdn.shopify.com/s/files/1/0701/4472/0949/files/Screenshot_2026-02-18_at_13.36.46.png,2,RACE Exhaust System with Flap Regulation - Ferrari 12Cilindri - F1 012 10/ 20/ 30 - Novitec,,
novitec-airfilter-housing-original-look-carbon-12cilindri,Airfilter Housing (Original Look) - Ferrari 12Cilindri - F6 012 46 - Novitec,"<h4>Description</h4> <p>The <strong>NOVITEC Airfilter Housing (Original Look)</strong> for the Ferrari 12Cilindri enhances the engine bay with a refined motorsport-inspired carbon finish while preserving the factory design language. Designed to integrate seamlessly with the original intake system, this component provides a premium visual upgrade without altering OEM functionality.</p> <p>Manufactured from visible carbon fiber, it combines lightweight construction with a high-gloss finish, perfectly complementing the 12Cilindri’s high-performance character.</p> <h4>Compatibility</h4> <p>Ferrari 12Cilindri</p> <h4>Key Features</h4> <ul> <li> <p>Airfilter housing in original factory design</p> </li> <li> <p>Manufactured from visible carbon fiber</p> </li> <li> <p>Retains OEM styling with enhanced premium appearance</p> </li> <li> <p>Developed specifically for the Ferrari 12Cilindri</p> </li> <li> <p>Lightweight construction</p> </li> <li> <p>Precision-engineered for OEM-level fitment</p> </li> </ul> <h4>Technical Details</h4> <ul> <li> <p>Manufacturer: NOVITEC</p> </li> <li> <p>Product Type: Airfilter Housing</p> </li> <li> <p>Design: Original Look</p> </li> <li> <p>Material: Visible Carbon Fiber</p> </li> </ul> <h4>Installation</h4> <p>Professional installation is recommended.</p> <h4>Part Number</h4> <ul> <li> <p>F6 012 46</p> </li> </ul> <h4>Special Order</h4> <p>Lead time approximately <strong>4–6 weeks</strong></p>",Novitec,Aerodynamics,"brand_novitec, car_ferrari, category_aerodynamic, condition_new, install_available, model_12cilindri, pricing_buy_now",TRUE,Variant,Visible Carbon,F6 012 46,0,shopify,3,deny,manual,9900.00,TRUE,TRUE,https://cdn.shopify.com/s/files/1/0701/4472/0949/files/Screenshot2026-01-17at00.34.27.png,1,Airfilter Housing (Original Look) - Ferrari 12Cilindri - F6 012 46 - Novitec,FALSE,active
novitec-airfilter-housing-original-look-carbon-12cilindri,,,,,,,,Ferrari Carbon,F6 012 46-2,0,shopify,3,deny,manual,9900.00,TRUE,TRUE,,,,,
novitec-airfilter-housing-original-look-carbon-12cilindri,,,,,,,,,,,,,,,,,,https://cdn.shopify.com/s/files/1/0701/4472/0949/files/Screenshot_2026-01-15_at_00.30.11_df9037c1-74d2-4b4b-b857-33ba5b67e150.png,2,Airfilter Housing (Original Look) - Ferrari 12Cilindri - F6 012 46 - Novitec,,
novitec-airfilter-housing-original-look-carbon-12cilindri,,,,,,,,,,,,,,,,,,https://cdn.shopify.com/s/files/1/0701/4472/0949/files/Screenshot_2026-01-18_at_00.27.57.png,3,Airfilter Housing (Original Look) - Ferrari 12Cilindri - F6 012 46 - Novitec,,
novitec-cover-engine-compartment-original-look-carbon-12cilindri,Engine Compartment Cover (Original Look) - Ferrari 12Cilindri - F6 012 45 - Novitec,"<h4>Description</h4> <p>The <strong>NOVITEC Engine Compartment Cover (Original Look)</strong> for the Ferrari 12Cilindri enhances the engine bay with a refined motorsport-inspired carbon finish while preserving the vehicle’s factory design language. Designed to integrate seamlessly with the original components, this cover adds a premium visual upgrade without altering OEM appearance or functionality.</p> <p>Manufactured from visible carbon fiber, it delivers lightweight construction and a high-gloss finish that complements the 12Cilindri’s high-performance character.</p> <h4>Compatibility</h4> <p>Ferrari 12Cilindri</p> <h4>Key Features</h4> <ul> <li> <p>Engine compartment cover in original factory design</p> </li> <li> <p>Manufactured from visible carbon fiber</p> </li> <li> <p>Retains OEM styling with enhanced premium appearance</p> </li> <li> <p>Developed specifically for the Ferrari 12Cilindri</p> </li> <li> <p>Lightweight construction</p> </li> <li> <p>Precision-engineered for OEM-level fitment</p> </li> </ul> <h4>Technical Details</h4> <ul> <li> <p>Manufacturer: NOVITEC</p> </li> <li> <p>Product Type: Engine Compartment Cover</p> </li> <li> <p>Design: Original Look</p> </li> <li> <p>Material: Visible Carbon Fiber</p> </li> </ul> <h4>Installation</h4> <p>Professional installation is recommended.</p> <h4>Part Number</h4> <ul> <li> <p>F6 012 45</p> </li> </ul> <h4>Special Order</h4> <p>Lead time approximately <strong>4–6 weeks</strong></p>",Novitec,Aerodynamics,"brand_novitec, car_ferrari, category_aerodynamic, condition_new, install_available, model_12cilindri, pricing_buy_now",TRUE,Variant,Visible Carbon,F6 012 45,0,shopify,4,deny,manual,15900.00,TRUE,TRUE,https://cdn.shopify.com/s/files/1/0701/4472/0949/files/Screenshot2026-01-17at00.36.22.png,1,Engine Compartment Cover (Original Look) - Ferrari 12Cilindri - F6 012 45 - Novitec,FALSE,active
novitec-cover-engine-compartment-original-look-carbon-12cilindri,,,,,,,,Ferrari Carbon,F6-012-45,0,shopify,4,deny,manual,15900.00,TRUE,TRUE,,,,,
novitec-cover-engine-compartment-original-look-carbon-12cilindri,,,,,,,,,,,,,,,,,,https://cdn.shopify.com/s/files/1/0701/4472/0949/files/Screenshot_2026-01-15_at_00.30.11_df9037c1-74d2-4b4b-b857-33ba5b67e150.png,2,Engine Compartment Cover (Original Look) - Ferrari 12Cilindri - F6 012 45 - Novitec,,
novitec-cover-engine-compartment-original-look-carbon-12cilindri,,,,,,,,,,,,,,,,,,https://cdn.shopify.com/s/files/1/0701/4472/0949/files/Screenshot_2026-01-18_at_00.27.57.png,3,Engine Compartment Cover (Original Look) - Ferrari 12Cilindri - F6 012 45 - Novitec,,
novitec-diffuser-original-look-carbon-12cilindri,Diffuser (Original Look)  - Ferrari 12Cilindri - F6 012 44 - Novitec,"<h4>Description</h4> <p>The <strong>NOVITEC Rear Diffuser (Original Look)</strong> for the Ferrari 12Cilindri enhances the rear design while preserving the vehicle’s factory styling language. Developed to integrate seamlessly with the original rear bumper, this diffuser adds refined aerodynamic detailing without altering the OEM appearance.</p> <p>Manufactured from visible carbon fiber, it combines lightweight construction with a premium high-gloss finish, reinforcing the 12Cilindri’s performance-focused character.</p> <h4>Compatibility</h4> <p>Ferrari 12Cilindri</p> <h4>Key Features</h4> <ul> <li> <p>Rear diffuser in original factory design</p> </li> <li> <p>Manufactured from visible carbon fiber</p> </li> <li> <p>Retains OEM styling with enhanced premium appearance</p> </li> <li> <p>Enhances rear aerodynamic presence</p> </li> <li> <p>Developed specifically for the Ferrari 12Cilindri</p> </li> <li> <p>Precision-engineered for OEM-level fitment</p> </li> </ul> <h4>Technical Details</h4> <ul> <li> <p>Manufacturer: NOVITEC</p> </li> <li> <p>Product Type: Rear Diffuser</p> </li> <li> <p>Design: Original Look</p> </li> <li> <p>Material: Visible Carbon Fiber</p> </li> </ul> <h4>Installation</h4> <p>Professional installation is recommended.</p> <h4>Part Number</h4> <ul> <li> <p>F6 012 44</p> </li> </ul> <h4>Special Order</h4> <p>Lead time approximately <strong>4–6 weeks</strong></p>",Novitec,Aerodynamics,"brand_novitec, car_ferrari, category_aerodynamic, condition_new, install_available, model_12cilindri, pricing_buy_now",TRUE,Variant,Visible Carbon,F6 012 44,0,shopify,6,deny,manual,37900.00,TRUE,TRUE,https://cdn.shopify.com/s/files/1/0701/4472/0949/files/Screenshot2026-01-17at00.35.12.png,1,Diffuser (Original Look)  - Ferrari 12Cilindri - F6 012 44 - Novitec,FALSE,active
novitec-diffuser-original-look-carbon-12cilindri,,,,,,,,Ferrari Carbon,F6 012 44-2,0,shopify,2,deny,manual,37900.00,TRUE,TRUE,,,,,
novitec-diffuser-original-look-carbon-12cilindri,,,,,,,,,,,,,,,,,,https://cdn.shopify.com/s/files/1/0701/4472/0949/files/Screenshot2026-01-18at01.03.24.png,2,Diffuser (Original Look)  - Ferrari 12Cilindri - F6 012 44 - Novitec,,
novitec-diffuser-original-look-carbon-12cilindri,,,,,,,,,,,,,,,,,,https://cdn.shopify.com/s/files/1/0701/4472/0949/files/Screenshot_2026-01-15_at_00.30.11_df9037c1-74d2-4b4b-b857-33ba5b67e150.png,3,Diffuser (Original Look)  - Ferrari 12Cilindri - F6 012 44 - Novitec,,
novitec-side-panels-set-original-look-carbon-12cilindri,Side Panels Set (Original Look) - Ferrari 12Cilindri - F6 012 43 - Novitec,"<h4>Description</h4> <p>The <strong>NOVITEC Side Panels (Original Look – Set)</strong> for the Ferrari 12Cilindri enhance the vehicle’s side profile with a refined motorsport-inspired carbon finish while preserving the original factory design language. Designed to integrate seamlessly with the factory bodywork, these panels add visual depth and exclusivity without altering OEM styling.</p> <p>Manufactured from visible carbon fiber, the set delivers lightweight construction and a premium high-gloss appearance that perfectly complements the 12Cilindri’s performance character.</p> <h4>Compatibility</h4> <p>Ferrari 12Cilindri</p> <h4>Key Features</h4> <ul> <li> <p>Side panels set in original factory design</p> </li> <li> <p>Manufactured from visible carbon fiber</p> </li> <li> <p>Retains OEM look with enhanced premium appearance</p> </li> <li> <p>Developed specifically for the Ferrari 12Cilindri</p> </li> <li> <p>Lightweight construction</p> </li> <li> <p>Precision-engineered for OEM-level fitment</p> </li> </ul> <h4>Technical Details</h4> <ul> <li> <p>Manufacturer: NOVITEC</p> </li> <li> <p>Product Type: Side Panels (Set)</p> </li> <li> <p>Design: Original Look</p> </li> <li> <p>Material: Visible Carbon Fiber</p> </li> </ul> <h4>Installation</h4> <p>Professional installation is recommended.</p> <h4>Part Number</h4> <ul> <li> <p>F6 012 43</p> </li> </ul> <h4>Special Order</h4> <p>Lead time approximately <strong>4–6 weeks</strong></p>",Novitec,Aerodynamics,"brand_novitec, car_ferrari, category_aerodynamic, condition_new, install_available, model_12cilindri, pricing_buy_now",TRUE,Variant,Visible Carbon,F6 012 43,0,shopify,5,deny,manual,26900.00,TRUE,TRUE,https://cdn.shopify.com/s/files/1/0701/4472/0949/files/Screenshot2026-01-17at00.39.55.png,1,Side Panels Set (Original Look) - Ferrari 12Cilindri - F6 012 43 - Novitec,FALSE,active
novitec-side-panels-set-original-look-carbon-12cilindri,,,,,,,,Ferrari Carbon,F6 012 43-2,0,shopify,2,deny,manual,26900.00,TRUE,TRUE,,,,,
novitec-side-panels-set-original-look-carbon-12cilindri,,,,,,,,,,,,,,,,,,https://cdn.shopify.com/s/files/1/0701/4472/0949/files/Screenshot2026-01-18at01.02.38.png,2,Side Panels Set (Original Look) - Ferrari 12Cilindri - F6 012 43 - Novitec,,
novitec-side-panels-set-original-look-carbon-12cilindri,,,,,,,,,,,,,,,,,,https://cdn.shopify.com/s/files/1/0701/4472/0949/files/Screenshot_2026-01-15_at_00.30.11_df9037c1-74d2-4b4b-b857-33ba5b67e150.png,3,Side Panels Set (Original Look) - Ferrari 12Cilindri - F6 012 43 - Novitec,,
novitec-mirror-covers-carbon-12cilindri,Mirror Covers - Ferrari 12Cilindri - F6 012 42 - Novitec,"<h4>Description</h4> <p>The <strong>NOVITEC Mirror Covers</strong> for the Ferrari 12Cilindri enhance the exterior styling with a refined motorsport-inspired carbon finish. Designed to integrate seamlessly with the original mirror housings, these covers add a premium visual upgrade while maintaining precise OEM-level fitment.</p> <p>Manufactured from visible carbon fiber, they combine lightweight construction with a high-gloss finish, perfectly complementing the 12Cilindri’s performance character.</p> <h4>Compatibility</h4> <p>Ferrari 12Cilindri</p> <h4>Key Features</h4> <ul> <li> <p>Mirror covers</p> </li> <li> <p>Manufactured from visible carbon fiber</p> </li> <li> <p>Enhances exterior styling with premium appearance</p> </li> <li> <p>Developed specifically for the Ferrari 12Cilindri</p> </li> <li> <p>Lightweight construction</p> </li> <li> <p>Precision-engineered for OEM-level fitment</p> </li> </ul> <h4>Technical Details</h4> <ul> <li> <p>Manufacturer: NOVITEC</p> </li> <li> <p>Product Type: Mirror Covers</p> </li> <li> <p>Material: Visible Carbon Fiber</p> </li> </ul> <h4>Installation</h4> <p>Professional installation is recommended.</p> <h4>Part Number</h4> <ul> <li> <p>F6 012 42</p> </li> </ul> <h4>Special Order</h4> <p>Lead time approximately <strong>4–6 weeks</strong></p>",Novitec,Aerodynamics,"brand_novitec, car_ferrari, category_aerodynamic, condition_new, install_available, model_12cilindri, pricing_buy_now",TRUE,Variant,Visible Carbon,F6 012 42,0,shopify,4,deny,manual,8900.00,TRUE,TRUE,https://cdn.shopify.com/s/files/1/0701/4472/0949/files/Screenshot2026-01-17at00.40.26.png,1,Mirror Covers - Ferrari 12Cilindri - F6 012 42 - Novitec,FALSE,active
novitec-mirror-covers-carbon-12cilindri,,,,,,,,Ferrari Carbon,F6 012 42-2,0,shopify,1,deny,manual,8900.00,TRUE,TRUE,,,,,
novitec-mirror-covers-carbon-12cilindri,,,,,,,,,,,,,,,,,,https://cdn.shopify.com/s/files/1/0701/4472/0949/files/Screenshot2026-01-18at01.01.54.png,2,Mirror Covers - Ferrari 12Cilindri - F6 012 42 - Novitec,,
novitec-mirror-covers-carbon-12cilindri,,,,,,,,,,,,,,,,,,https://cdn.shopify.com/s/files/1/0701/4472/0949/files/Screenshot_2026-01-15_at_00.30.11_df9037c1-74d2-4b4b-b857-33ba5b67e150.png,3,Mirror Covers - Ferrari 12Cilindri - F6 012 42 - Novitec,,
novitec-front-attachment-original-look-carbon-12cilindri,Front Attachment (Original Look) - Ferrari 12Cilindri - F6 012 41 - Novitec,"<h4>Description</h4> <p>The <strong>NOVITEC Front Attachment (Original Look)</strong> for the Ferrari 12Cilindri enhances the front-end styling while preserving the factory design language. Designed to integrate seamlessly with the original front bumper, this component adds refined visual depth and a subtle motorsport-inspired touch without altering the OEM appearance.</p> <p>Manufactured from visible carbon fiber, it combines lightweight construction with a premium high-gloss finish, complementing the 12Cilindri’s performance-focused character.</p> <h4>Compatibility</h4> <p>Ferrari 12Cilindri<br>Fits to the <strong>original factory front bumper</strong></p> <h4>Key Features</h4> <ul> <li> <p>Front attachment in original factory design</p> </li> <li> <p>Manufactured from visible carbon fiber</p> </li> <li> <p>Retains OEM styling with enhanced premium appearance</p> </li> <li> <p>Developed specifically for the Ferrari 12Cilindri</p> </li> <li> <p>Lightweight construction</p> </li> <li> <p>Precision-engineered for OEM-level fitment</p> </li> </ul> <h4>Technical Details</h4> <ul> <li> <p>Manufacturer: NOVITEC</p> </li> <li> <p>Product Type: Front Attachment</p> </li> <li> <p>Design: Original Look</p> </li> <li> <p>Material: Visible Carbon Fiber</p> </li> </ul> <h4>Installation</h4> <p>Professional installation is recommended.</p> <h4>Part Number</h4> <ul> <li> <p>F6 012 41</p> </li> </ul> <h4>Special Order</h4> <p>Lead time approximately <strong>4–6 weeks</strong></p>",Novitec,Aerodynamics,"brand_novitec, car_ferrari, category_aerodynamic, condition_new, install_available, model_12cilindri, pricing_buy_now",TRUE,Variant,Visible Carbon,F6 012 41,0,shopify,5,deny,manual,14900.00,TRUE,TRUE,https://cdn.shopify.com/s/files/1/0701/4472/0949/files/Screenshot2026-01-17at00.38.37.png,1,Front Attachment (Original Look) - Ferrari 12Cilindri - F6 012 41 - Novitec,FALSE,active
novitec-front-attachment-original-look-carbon-12cilindri,,,,,,,,Ferrari Carbon,F6 012 41-2,0,shopify,2,deny,manual,14900.00,TRUE,TRUE,,,,,
novitec-front-attachment-original-look-carbon-12cilindri,,,,,,,,,,,,,,,,,,https://cdn.shopify.com/s/files/1/0701/4472/0949/files/Screenshot2026-01-18at01.01.14.png,2,Front Attachment (Original Look) - Ferrari 12Cilindri - F6 012 41 - Novitec,,
novitec-front-attachment-original-look-carbon-12cilindri,,,,,,,,,,,,,,,,,,https://cdn.shopify.com/s/files/1/0701/4472/0949/files/Screenshot_2026-01-15_at_00.30.11_df9037c1-74d2-4b4b-b857-33ba5b67e150.png,3,Front Attachment (Original Look) - Ferrari 12Cilindri - F6 012 41 - Novitec,,
novitec-rearspoiler-carbon-12cilindri-coupe,Rear Spoiler  - Ferrari 12Cilindri - F6 012 25 - Novitec,"<h4>Description</h4> <p>The <strong>NOVITEC Rear Spoiler</strong> for the Ferrari 12Cilindri Coupé enhances rear aerodynamics while adding a refined motorsport-inspired design element. Developed to improve aerodynamic balance and high-speed stability, the spoiler integrates seamlessly with the vehicle’s factory bodywork while maintaining precise OEM-level fitment.</p> <p>Manufactured from visible carbon fiber, it combines lightweight construction with a premium high-gloss finish, emphasizing the performance character of the 12Cilindri Coupé.</p> <h4>Compatibility</h4> <p>Ferrari 12Cilindri Coupé</p> <h4>Key Features</h4> <ul> <li> <p>Rear spoiler for Coupé models</p> </li> <li> <p>Manufactured from visible carbon fiber</p> </li> <li> <p>Enhances rear styling and aerodynamic performance</p> </li> <li> <p>Developed specifically for the Ferrari 12Cilindri Coupé</p> </li> <li> <p>Lightweight construction</p> </li> <li> <p>Precision-engineered for OEM-level fitment</p> </li> </ul> <h4>Technical Details</h4> <ul> <li> <p>Manufacturer: NOVITEC</p> </li> <li> <p>Product Type: Rear Spoiler</p> </li> <li> <p>Body Style: Coupé</p> </li> <li> <p>Material: Visible Carbon Fiber</p> </li> </ul> <h4>Installation</h4> <p>Professional installation is recommended.</p> <h4>Part Number</h4> <ul> <li> <p>F6 012 25</p> </li> </ul> <h4>Special Order</h4> <p>Lead time approximately <strong>4–6 weeks</strong></p>",Novitec,Aerodynamics,"brand_novitec, car_ferrari, category_aerodynamic, condition_new, install_available, model_12cilindri, pricing_buy_now",TRUE,Variant,Visible Carbon,F6 012 25,0,shopify,6,deny,manual,13455.00,TRUE,TRUE,https://cdn.shopify.com/s/files/1/0701/4472/0949/files/Screenshot2026-01-17at00.43.01.png,1,Rear Spoiler  - Ferrari 12Cilindri - F6 012 25 - Novitec,FALSE,active
novitec-rearspoiler-carbon-12cilindri-coupe,,,,,,,,Ferrari Carbon,F6 012 25-2,0,shopify,2,deny,manual,15900.00,TRUE,TRUE,,,,,
novitec-rearspoiler-carbon-12cilindri-coupe,,,,,,,,,,,,,,,,,,https://cdn.shopify.com/s/files/1/0701/4472/0949/files/Screenshot2026-01-18at01.00.29.png,2,Rear Spoiler  - Ferrari 12Cilindri - F6 012 25 - Novitec,,
novitec-rearspoiler-carbon-12cilindri-coupe,,,,,,,,,,,,,,,,,,https://cdn.shopify.com/s/files/1/0701/4472/0949/files/Screenshot_2026-01-15_at_00.30.11_df9037c1-74d2-4b4b-b857-33ba5b67e150.png,3,Rear Spoiler  - Ferrari 12Cilindri - F6 012 25 - Novitec,,
novitec-air-intake-front-fenders-carbon-12cilindri,Air-intake Front Fenders  - Ferrari 12Cilindri - F6 012 24 - Novitec,"<h4>Description</h4> <p>The <strong>NOVITEC Front Fender Air-Intakes</strong> for the Ferrari 12Cilindri enhance both aerodynamic efficiency and exterior styling. Designed to integrate seamlessly into the original front fenders, these air-intake elements optimize airflow while adding a refined motorsport-inspired detail.</p> <p>Manufactured from visible carbon fiber, they combine lightweight construction with a premium high-gloss finish, perfectly complementing the 12Cilindri’s high-performance character.</p> <h4>Compatibility</h4> <p>Ferrari 12Cilindri</p> <h4>Key Features</h4> <ul> <li> <p>Front fender air-intakes</p> </li> <li> <p>Manufactured from visible carbon fiber</p> </li> <li> <p>Enhances airflow management and side profile styling</p> </li> <li> <p>Developed specifically for the Ferrari 12Cilindri</p> </li> <li> <p>Lightweight construction</p> </li> <li> <p>Precision-engineered for OEM-level fitment</p> </li> </ul> <h4>Technical Details</h4> <ul> <li> <p>Manufacturer: NOVITEC</p> </li> <li> <p>Product Type: Front Fender Air-Intakes</p> </li> <li> <p>Material: Visible Carbon Fiber</p> </li> </ul> <h4>Installation</h4> <p>Professional installation is recommended.</p> <h4>Part Number</h4> <ul> <li> <p>F6 012 24</p> </li> </ul> <h4>Special Order</h4> <p>Lead time approximately <strong>4–6 weeks</strong></p>",Novitec,Aerodynamics,"brand_novitec, car_ferrari, category_aerodynamic, condition_new, install_available, model_12cilindri, pricing_buy_now",TRUE,Variant,Visible Carbon,F6 012 24,0,shopify,1,deny,manual,10900.00,TRUE,TRUE,https://cdn.shopify.com/s/files/1/0701/4472/0949/files/Screenshot2026-01-17at00.43.25.png,1,Air-intake Front Fenders  - Ferrari 12Cilindri - F6 012 24 - Novitec,FALSE,active
novitec-air-intake-front-fenders-carbon-12cilindri,,,,,,,,Ferrari Carbon,F6-012-24,0,shopify,4,deny,manual,10900.00,TRUE,TRUE,,,,,
novitec-air-intake-front-fenders-carbon-12cilindri,,,,,,,,,,,,,,,,,,https://cdn.shopify.com/s/files/1/0701/4472/0949/files/Screenshot2026-01-18at00.59.50.png,2,Air-intake Front Fenders  - Ferrari 12Cilindri - F6 012 24 - Novitec,,
novitec-air-intake-front-fenders-carbon-12cilindri,,,,,,,,,,,,,,,,,,https://cdn.shopify.com/s/files/1/0701/4472/0949/files/Screenshot_2026-01-15_at_00.30.11_df9037c1-74d2-4b4b-b857-33ba5b67e150.png,3,Air-intake Front Fenders  - Ferrari 12Cilindri - F6 012 24 - Novitec,,
novitec-insert-engine-bonnet-carbon-12cilindri,Insert Engine Bonnet - Ferrari 12Cilindri - F6 012 23 - Novitec,"<h4>Description</h4> <p>The <strong>NOVITEC Engine Bonnet Insert</strong> for the Ferrari 12Cilindri refines the front-end design with a subtle motorsport-inspired detail. Designed to integrate seamlessly into the original engine bonnet, this insert enhances visual depth while maintaining precise OEM-level fitment.</p> <p>Manufactured from visible carbon fiber, it combines lightweight construction with a premium high-gloss finish, perfectly complementing the 12Cilindri’s performance-focused design.</p> <h4>Compatibility</h4> <p>Ferrari 12Cilindri</p> <h4>Key Features</h4> <ul> <li> <p>Engine bonnet insert</p> </li> <li> <p>Manufactured from visible carbon fiber</p> </li> <li> <p>Enhances front-end styling and visual detail</p> </li> <li> <p>Developed specifically for the Ferrari 12Cilindri</p> </li> <li> <p>Lightweight construction</p> </li> <li> <p>Precision-engineered for OEM-level fitment</p> </li> </ul> <h4>Technical Details</h4> <ul> <li> <p>Manufacturer: NOVITEC</p> </li> <li> <p>Product Type: Engine Bonnet Insert</p> </li> <li> <p>Material: Visible Carbon Fiber</p> </li> </ul> <h4>Installation</h4> <p>Professional installation is recommended.</p> <h4>Part Number</h4> <ul> <li> <p>F6 012 23</p> </li> </ul> <h4>Special Order</h4> <p>Lead time approximately <strong>4–6 weeks</strong></p>",Novitec,Aerodynamics,"brand_novitec, car_ferrari, category_aerodynamic, condition_new, install_available, model_12cilindri, pricing_buy_now",TRUE,Variant,Visible Carbon,F6 012 23,0,shopify,6,deny,manual,12900.00,TRUE,TRUE,https://cdn.shopify.com/s/files/1/0701/4472/0949/files/Screenshot2026-01-17at00.42.36.png,1,Insert Engine Bonnet - Ferrari 12Cilindri - F6 012 23 - Novitec,FALSE,active
novitec-insert-engine-bonnet-carbon-12cilindri,,,,,,,,Ferrari Carbon,F6 012 23-2,0,shopify,3,deny,manual,12900.00,TRUE,TRUE,,,,,
novitec-insert-engine-bonnet-carbon-12cilindri,,,,,,,,,,,,,,,,,,https://cdn.shopify.com/s/files/1/0701/4472/0949/files/Screenshot2026-01-18at00.59.21.png,2,Insert Engine Bonnet - Ferrari 12Cilindri - F6 012 23 - Novitec,,
novitec-insert-engine-bonnet-carbon-12cilindri,,,,,,,,,,,,,,,,,,https://cdn.shopify.com/s/files/1/0701/4472/0949/files/Screenshot_2026-01-15_at_00.30.11_df9037c1-74d2-4b4b-b857-33ba5b67e150.png,3,Insert Engine Bonnet - Ferrari 12Cilindri - F6 012 23 - Novitec,,
novitec-air-intake-engine-bonnet-carbon-12cilindri,Engine Bonnet Air-Intake - Ferrari 12Cilindri - F6 012 22 - Novitec,"<h4>Description</h4> <p>The <strong>NOVITEC Engine Bonnet Air-Intake</strong> for the Ferrari 12Cilindri enhances both aerodynamic efficiency and visual impact. Designed to integrate seamlessly into the original engine bonnet, this air-intake supports optimized airflow while adding a refined motorsport-inspired design element.</p> <p>Manufactured from visible carbon fiber, the component combines lightweight construction with a high-gloss finish, reinforcing the 12Cilindri’s high-performance character.</p> <h4>Compatibility</h4> <p>Ferrari 12Cilindri</p> <h4>Key Features</h4> <ul> <li> <p>Engine bonnet air-intake</p> </li> <li> <p>Manufactured from visible carbon fiber</p> </li> <li> <p>Enhances airflow management and styling</p> </li> <li> <p>Developed specifically for the Ferrari 12Cilindri</p> </li> <li> <p>Lightweight construction</p> </li> <li> <p>Precision-engineered for OEM-level fitment</p> </li> </ul> <h4>Technical Details</h4> <ul> <li> <p>Manufacturer: NOVITEC</p> </li> <li> <p>Product Type: Engine Bonnet Air-Intake</p> </li> <li> <p>Material: Visible Carbon Fiber</p> </li> </ul> <h4>Installation</h4> <p>Professional installation is recommended.</p> <h4>Part Number</h4> <ul> <li> <p>F6 012 22</p> </li> </ul> <h4>Special Order</h4> <p>Lead time approximately <strong>4–6 weeks</strong></p>",Novitec,Aerodynamics,"brand_novitec, car_ferrari, category_aerodynamic, condition_new, install_available, model_12cilindri, pricing_buy_now",TRUE,Variant,Visible Carbon,F6 012 22,0,shopify,3,deny,manual,9900.00,TRUE,TRUE,https://cdn.shopify.com/s/files/1/0701/4472/0949/files/Screenshot2026-01-17at00.39.19.png,1,Engine Bonnet Air-Intake - Ferrari 12Cilindri - F6 012 22 - Novitec,FALSE,active
novitec-air-intake-engine-bonnet-carbon-12cilindri,,,,,,,,Ferrari Carbon,F6 012 22-2,0,shopify,1,deny,manual,9900.00,TRUE,TRUE,,,,,
novitec-air-intake-engine-bonnet-carbon-12cilindri,,,,,,,,,,,,,,,,,,https://cdn.shopify.com/s/files/1/0701/4472/0949/files/Screenshot2026-01-18at00.58.43.png,2,Engine Bonnet Air-Intake - Ferrari 12Cilindri - F6 012 22 - Novitec,,
novitec-air-intake-engine-bonnet-carbon-12cilindri,,,,,,,,,,,,,,,,,,https://cdn.shopify.com/s/files/1/0701/4472/0949/files/Screenshot_2026-01-15_at_00.30.11_df9037c1-74d2-4b4b-b857-33ba5b67e150.png,3,Engine Bonnet Air-Intake - Ferrari 12Cilindri - F6 012 22 - Novitec,,
novitec-frontspoiler-visible-carbon-12cilindri,Front Spoiler - Ferrari 12Cilindri - F6 012 21 - Novitec,"<h4>Description</h4> <p>The <strong>NOVITEC Front Spoiler</strong> for the Ferrari 12Cilindri enhances front-end aerodynamics while maintaining compatibility with the original factory front bumper. Designed to reduce front axle lift at high speeds, this component improves driving stability and performance without compromising OEM fitment or functionality.</p> <p>Manufactured from visible carbon fiber, the front spoiler adds a refined motorsport-inspired appearance while supporting the vehicle’s aerodynamic balance. This version is designed for vehicles equipped with a factory front camera.</p> <h4>Compatibility</h4> <p>Ferrari 12Cilindri<br>Fits to the <strong>original front bumper</strong><br>Compatible with <strong>vehicles equipped with front camera</strong></p> <h4>Key Features</h4> <ul> <li> <p>Front spoiler for original front bumper</p> </li> <li> <p>Supports negative lift at the front axle</p> </li> <li> <p>Improves aerodynamic stability at high speeds</p> </li> <li> <p>Manufactured from visible carbon fiber</p> </li> <li> <p>Developed specifically for the Ferrari 12Cilindri</p> </li> <li> <p>Precision-engineered for OEM-level fitment</p> </li> </ul> <h4>Technical Details</h4> <ul> <li> <p>Manufacturer: NOVITEC</p> </li> <li> <p>Product Type: Front Spoiler</p> </li> <li> <p>Material: Visible Carbon Fiber</p> </li> <li> <p>Application: Vehicles with front camera</p> </li> </ul> <h4>Installation</h4> <p>Professional installation is recommended.</p> <h4>Part Number</h4> <ul> <li> <p>F6 012 21</p> </li> </ul> <h4>Special Order</h4> <p>Lead time approximately <strong>4–6 weeks</strong></p>",Novitec,Aerodynamics,"brand_novitec, car_ferrari, category_aerodynamic, condition_new, install_available, model_12cilindri, pricing_buy_now",TRUE,Variant,Visible Carbon,F6 012 21,0,shopify,5,deny,manual,19900.00,TRUE,TRUE,https://cdn.shopify.com/s/files/1/0701/4472/0949/files/Screenshot2026-01-17at00.42.02.png,1,Front Spoiler - Ferrari 12Cilindri - F6 012 21 - Novitec,FALSE,active
novitec-frontspoiler-visible-carbon-12cilindri,,,,,,,,Ferrari Carbon,F6 012 21-2,0,shopify,1,deny,manual,19900.00,TRUE,TRUE,,,,,
novitec-frontspoiler-visible-carbon-12cilindri,,,,,,,,,,,,,,,,,,https://cdn.shopify.com/s/files/1/0701/4472/0949/files/Screenshot2026-01-18at00.57.56.png,2,Front Spoiler - Ferrari 12Cilindri - F6 012 21 - Novitec,,
novitec-frontspoiler-visible-carbon-12cilindri,,,,,,,,,,,,,,,,,,https://cdn.shopify.com/s/files/1/0701/4472/0949/files/Screenshot_2026-01-15_at_00.30.11_df9037c1-74d2-4b4b-b857-33ba5b67e150.png,3,Front Spoiler - Ferrari 12Cilindri - F6 012 21 - Novitec,,
novitec-urus-l4-333-16,"NL6 Forged Aluminium Wheel Set with Central lock - Lamborghini Urus - L4 333 16, 57/67 - Novitec","<h2>Description</h2> <p>The <strong>NOVITEC Aluminium Wheel Type NL6 Forged</strong> for the <strong>Lamborghini Urus</strong> represents the perfect combination of lightweight engineering and bold performance styling. Developed using advanced forging technology, the NL6 wheels reduce unsprung mass while maximizing strength, resulting in improved steering response, stability, and overall driving dynamics.</p> <p>Crafted from premium forged aluminum, the NL6 wheel set ensures exceptional durability and precise OEM-level fitment. The wheels are available either <strong>with high-performance tyres mounted</strong> or <strong>without tyres</strong>, depending on your preferred configuration.</p> <h2>Compatibility</h2> <p>Lamborghini <strong>Urus</strong></p> <h2>Available Versions</h2> <h3>With Tyres</h3> <p>Complete wheel and tyre package:</p> <ul> <li> <p>Front Axle: <strong>10.5J x 23</strong> with <strong>285/35 R23</strong></p> </li> <li> <p>Rear Axle: <strong>12.0J x 23</strong> with <strong>325/30 R23</strong></p> </li> </ul> <p><strong>Product Number:</strong> L4 333 16</p> <h3>Without Tyres</h3> <p>Wheel set only:</p> <ul> <li> <p>Front Axle: <strong>10.5J x 23</strong></p> </li> <li> <p>Rear Axle: <strong>12.0J x 23</strong></p> </li> </ul> <p><strong>Product Number:</strong> L4 333 57 / L4 333 67</p> <h2>Key Features</h2> <ul> <li> <p>Forged aluminum wheel construction</p> </li> <li> <p>Lightweight and high-strength design</p> </li> <li> <p>Enhanced steering precision and driving stability</p> </li> <li> <p>Aggressive and modern NL6 styling</p> </li> <li> <p>OEM-level fitment and integration</p> </li> <li> <p>Available with or without tyres</p> </li> </ul> <h2>Included Components</h2> <p>Depending on selected version:</p> <ul> <li> <p>4x NOVITEC NL6 forged wheels</p> </li> <li> <p>Performance tyres (if ordered with tyre package)</p> </li> <li> <p>Mounting hardware (as supplied by NOVITEC)</p> </li> </ul> <h2>Technical Details</h2> <ul> <li> <p>Manufacturer: NOVITEC</p> </li> <li> <p>Wheel Type: NL6 Forged</p> </li> <li> <p>Material: Forged Aluminum</p> </li> <li> <p>Front Size: 10.5J x 23</p> </li> <li> <p>Rear Size: 12.0J x 23</p> </li> <li> <p>Tyre Sizes (if applicable): 285/35 R23 (Front), 325/30 R23 (Rear)</p> </li> </ul> <h2>Installation</h2> <p>Professional installation and wheel alignment are strongly recommended to ensure proper fitment and optimal performance.</p> <h2>Special Order</h2> <p>Lead time approximately <strong>4–6 weeks</strong></p>",Novitec,Wheels,"brand_novitec, car_lamborghini, category_wheels, condition_new, install_available, model_urus_performante, model_urus_s, pricing_buy_now",TRUE,Variant,With Tyres,L4 333 16,0,shopify,3,deny,manual,79900.00,TRUE,TRUE,https://cdn.shopify.com/s/files/1/0701/4472/0949/files/Screenshot2026-01-16at23.56.09.png,1,"NL6 Forged Aluminium Wheel Set with Central lock - Lamborghini Urus - L4 333 16, 57/67 - Novitec",FALSE,active
novitec-urus-l4-333-16,,,,,,,,Without Tyres,L4 333 57/67,0,shopify,2,deny,manual,69900.00,TRUE,TRUE,,,,,
novitec-urus-l4-333-15,"NL5 Forged Aluminium Wheel Set with Central lock - Lamborghini Urus - L4 333 15, 56/66 - Novitec","<div class=""product__text rte text-base"" data-shopify-editor-block='{""id"":""template--18887217414197__main-product__description"",""domId"":""description"",""type"":""description""}'> <h2>Description</h2> <p>The <strong>NOVITEC Aluminium Wheel Type NL5 Forged</strong> for the <strong>Lamborghini Urus</strong> combines cutting-edge forged construction with an aggressive and elegant design. Engineered for reduced unsprung mass and maximum structural strength, the NL5 forged wheels enhance steering precision, stability, and overall driving performance while delivering a bold high-performance aesthetic.</p> <p>Manufactured from premium forged aluminum, the NL5 wheel set ensures durability, lightweight performance, and precise OEM-level fitment. The wheels are available either <strong>with high-performance tyres mounted</strong> or <strong>without tyres</strong>, depending on configuration preference.</p> <h2>Compatibility</h2> <p>Lamborghini <strong>Urus</strong></p> <h2>Available Versions</h2> <h3>With Tyres</h3> <p>Complete wheel and tyre package:</p> <ul> <li> <p>Front Axle: <strong>10.5J x 23</strong> with <strong>285/35 R23</strong></p> </li> <li> <p>Rear Axle: <strong>12.0J x 23</strong> with <strong>325/30 R23</strong></p> </li> </ul> <p><strong>Product Number:</strong> L4 333 15</p> <h3>Without Tyres</h3> <p>Wheel set only:</p> <ul> <li> <p>Front Axle: <strong>10.5J x 23</strong></p> </li> <li> <p>Rear Axle: <strong>12.0J x 23</strong></p> </li> </ul> <p><strong>Product Number:</strong> L4 333 56/ 66</p> <h2>Key Features</h2> <ul> <li> <p>Forged aluminum wheel construction</p> </li> <li> <p>Lightweight and high-strength design</p> </li> <li> <p>Improves handling and driving dynamics</p> </li> <li> <p>Distinctive and aggressive NL5 styling</p> </li> <li> <p>OEM-level fitment and integration</p> </li> <li> <p>Available with or without tyres</p> </li> </ul> <h2>Included Components</h2> <p>Depending on selected version:</p> <ul> <li> <p>4x NOVITEC NL5 forged wheels</p> </li> <li> <p>Performance tyres (if ordered with tyre package)</p> </li> <li> <p>Mounting hardware (as supplied by NOVITEC)</p> </li> </ul> <h2>Technical Details</h2> <ul> <li> <p>Manufacturer: NOVITEC</p> </li> <li> <p>Wheel Type: NL5 Forged</p> </li> <li> <p>Material: Forged Aluminum</p> </li> <li> <p>Front Size: 10.5J x 23</p> </li> <li> <p>Rear Size: 12.0J x 23</p> </li> <li> <p>Tyre Sizes (if applicable): 285/35 R23 (Front), 325/30 R23 (Rear)</p> </li> </ul> <h2>Installation</h2> <p>Professional installation and wheel alignment are strongly recommended to ensure correct fitment and optimal performance.</p> <h2>Special Order</h2> <p>Lead time approximately <strong>4–6 weeks</strong></p> </div>",Novitec,Wheels,"brand_novitec, car_lamborghini, category_wheels, condition_new, install_available, model_urus_performante, model_urus_s, pricing_buy_now",TRUE,Variant,With Tyres,L4 333 15,0,shopify,6,deny,manual,79900.00,TRUE,TRUE,https://cdn.shopify.com/s/files/1/0701/4472/0949/files/Screenshot2026-01-16at23.46.33.png,1,"NL5 Forged Aluminium Wheel Set with Central lock - Lamborghini Urus - L4 333 15, 56/66 - Novitec",FALSE,active
novitec-urus-l4-333-15,,,,,,,,Without Tyres,L4 333 56/66,0,shopify,4,deny,manual,69900.00,TRUE,TRUE,,,,,
novitec-urus-l4-333-15,,,,,,,,,,,,,,,,,,https://cdn.shopify.com/s/files/1/0701/4472/0949/files/Screenshot2026-01-16at23.46.59.png,2,"NL5 Forged Aluminium Wheel Set with Central lock - Lamborghini Urus - L4 333 15, 56/66 - Novitec",,
novitec-urus-l4-333-75,"NL4 Forged Aluminium Wheel Set with Central lock - Lamborghini Urus - L4 444 75, 55/65 - Novitec","<h2>Description</h2> <p>The <strong>NOVITEC Aluminium Wheel Type NL4 Forged</strong> for the <strong>Lamborghini Urus</strong> combines advanced forging technology with a striking high-performance design. Engineered for maximum strength and reduced weight, the NL4 forged wheels enhance handling precision, stability, and overall driving dynamics while delivering an aggressive and premium appearance.</p> <p>Manufactured from high-grade forged aluminum, the NL4 wheel set offers exceptional durability and precise OEM-level fitment. The wheels are available either <strong>with performance tyres mounted</strong> or <strong>without tyres</strong>, depending on customer preference.</p> <h2>Compatibility</h2> <p>Lamborghini <strong>Urus</strong></p> <h2>Available Versions</h2> <h3>With Tyres</h3> <p>Complete wheel and tyre package:</p> <ul> <li> <p>Front Axle: <strong>10.5J x 23</strong> with <strong>285/35 R23</strong></p> </li> <li> <p>Rear Axle: <strong>12.0J x 23</strong> with <strong>325/30 R23</strong></p> </li> </ul> <p><strong>Product Number:</strong> L4 333 75</p> <h3>Without Tyres</h3> <p>Wheel set only:</p> <ul> <li> <p>Front Axle: <strong>10.5J x 23</strong></p> </li> <li> <p>Rear Axle: <strong>12.0J x 23</strong></p> </li> </ul> <p><strong>Product Number:</strong> L4 333 55 / L4 333 65</p> <h2>Key Features</h2> <ul> <li> <p>Forged aluminum wheel construction</p> </li> <li> <p>Lightweight and high-strength design</p> </li> <li> <p>Enhanced handling and driving dynamics</p> </li> <li> <p>Aggressive and premium multi-spoke styling</p> </li> <li> <p>OEM-level fitment and integration</p> </li> <li> <p>Available with or without tyres</p> </li> </ul> <h2>Included Components</h2> <p>Depending on selected version:</p> <ul> <li> <p>4x NOVITEC NL4 forged wheels</p> </li> <li> <p>Performance tyres (if ordered with tyre package)</p> </li> <li> <p>Mounting hardware (as supplied by NOVITEC)</p> </li> </ul> <h2>Technical Details</h2> <ul> <li> <p>Manufacturer: NOVITEC</p> </li> <li> <p>Wheel Type: NL4 Forged</p> </li> <li> <p>Material: Forged Aluminum</p> </li> <li> <p>Front Size: 10.5J x 23</p> </li> <li> <p>Rear Size: 12.0J x 23</p> </li> <li> <p>Tyre Sizes (if applicable): 285/35 R23 (Front), 325/30 R23 (Rear)</p> </li> </ul> <h2>Installation</h2> <p>Professional installation and wheel alignment are strongly recommended to ensure correct fitment and optimal performance.</p> <h2>Special Order</h2> <p>Lead time approximately <strong>4–6 weeks</strong></p>",Novitec,Wheels,"brand_novitec, car_lamborghini, category_wheels, condition_new, install_available, model_urus_performante, model_urus_s, pricing_buy_now",TRUE,Variant,With Tyres,L4 333 75,0,shopify,4,deny,manual,79900.00,TRUE,TRUE,https://cdn.shopify.com/s/files/1/0701/4472/0949/files/Screenshot2026-01-16at20.38.09.png,1,"NL4 Forged Aluminium Wheel Set with Central lock - Lamborghini Urus - L4 444 75, 55/65 - Novitec",FALSE,active
novitec-urus-l4-333-75,,,,,,,,Without Tyres,L4 333 55/65,0,shopify,2,deny,manual,69900.00,TRUE,TRUE,,,,,
novitec-urus-l4-333-75,,,,,,,,,,,,,,,,,,https://cdn.shopify.com/s/files/1/0701/4472/0949/files/Screenshot_2026-01-16_at_20.38.42.png,2,"NL4 Forged Aluminium Wheel Set with Central lock - Lamborghini Urus - L4 444 75, 55/65 - Novitec",,
novitec-urus-l5-333-40,"Aluminium Wheel Spacers for ESTESO Widebody Kit - Lamborghini Urus, Urus S & Performante - L5 333 40/50 - Novitec","<h2>Description</h2> <p>The <strong>NOVITEC Aluminum Wheel Spacers – ESTESO Version</strong> are specifically engineered for vehicles equipped with the <strong>NOVITEC ESTESO Aero Kit</strong>. Manufactured from <strong>high-strength aluminum</strong> and corrosion-protected through <strong>anodizing</strong>, these spacers ensure maximum durability, precise fitment, and long-term performance.</p> <p>Designed to optimize wheel positioning with the wider ESTESO body conversion, these spacer sets enhance stance, track width, and overall vehicle balance while maintaining OEM-level safety and integration. Each set includes the necessary mounting hardware for professional installation.</p> <h2>Compatibility</h2> <p>Lamborghini <strong>Urus<br></strong>Lamborghini <strong>Urus S</strong><br>Lamborghini <strong>Urus Performante</strong></p> <p>For vehicles equipped with:</p> <ul> <li> <p><strong>NOVITEC ESTESO Aero Kit</strong></p> </li> </ul> <h2>Versions</h2> <h3>Spacer Set – Front &amp; Rear</h3> <p>For ESTESO Aero Kit with <strong>NOVITEC NL4 / NL5 Wheels</strong><br><strong>Part Number:</strong> L5 333 40</p> <h3>Spacer Set – Front &amp; Rear</h3> <p>For ESTESO Aero Kit with <strong>Original Factory Wheels</strong><br><strong>Part Number:</strong> L5 333 50</p> <h2>Key Features</h2> <ul> <li> <p>Designed specifically for ESTESO widebody configuration</p> </li> <li> <p>Manufactured from high-strength aluminum</p> </li> <li> <p>Corrosion-protected anodized finish</p> </li> <li> <p>Optimizes wheel positioning with widebody setup</p> </li> <li> <p>Improves stance and track alignment</p> </li> <li> <p>Precision engineered for OEM-level integration</p> </li> <li> <p>Supplied as complete set for front and rear</p> </li> </ul> <h2>Included Components</h2> <ul> <li> <p>Aluminum spacer set – front and rear</p> </li> <li> <p>Mounting hardware (as supplied by NOVITEC)</p> </li> </ul> <h2>Technical Details</h2> <ul> <li> <p>Manufacturer: NOVITEC</p> </li> <li> <p>Product Type: Wheel Spacer Set</p> </li> <li> <p>Material: High-Strength Aluminum</p> </li> <li> <p>Surface Protection: Anodized</p> </li> <li> <p>Application: ESTESO Aero Kit Vehicles</p> </li> </ul> <h2>Installation</h2> <p>Professional installation is strongly recommended. Proper torque specifications and wheel clearance verification must be carried out to ensure safe and correct fitment.</p> <h2>Special Order</h2> <p>Lead time approximately <strong>4–6 weeks</strong></p>",Novitec,Suspension,"brand_novitec, car_lamborghini, category_suspension, condition_new, install_available, model_urus_performante, model_urus_s, pricing_buy_now",TRUE,Variant,For Novitec NL4/NL5 Wheels,L5 333 40,0,shopify,1,deny,manual,2400.00,TRUE,TRUE,https://cdn.shopify.com/s/files/1/0701/4472/0949/files/Screenshot2026-01-16at20.07.05_3592d225-0f09-4cc4-b2a4-711500ce290a.png,1,"Aluminium Wheel Spacers for ESTESO Widebody Kit - Lamborghini Urus, Urus S & Performante - L5 333 40/50 - Novitec",FALSE,active
novitec-urus-l5-333-40,,,,,,,,For Original Wheels,L5 333 50,0,shopify,3,deny,manual,2600.00,TRUE,TRUE,,,,,
novitec-urus-l5-333-13,"Aluminium Wheel Spacers (Set of 2) - Lamborghini Urus, Urus S & Performante - L5 333 13/ 23 - Novitec","<h2>Description</h2> <p>The <strong>NOVITEC Aluminum Wheel Spacers</strong> for the <strong>Lamborghini Urus, Lamborghini Urus S and Lamborghini Urus Performante</strong> are precision engineered to enhance the vehicle’s stance and track width. Manufactured from <strong>high-strength aluminum</strong> and corrosion-protected through <strong>anodizing</strong>, these spacers improve both visual presence and driving stability.</p> <p>By widening the track per axle, the spacers provide a more aggressive appearance while contributing to improved handling characteristics. Each set includes mounting hardware for secure and precise installation.</p> <h2>Compatibility</h2> <p>Lamborghini <strong>Urus<br></strong>Lamborghini <strong>Urus S</strong><br>Lamborghini <strong>Urus Performante</strong></p> <p>Designed for use with original factory wheels as specified below.</p> <h2>Version 1</h2> <h3>13mm Spacers – Front &amp; Rear</h3> <ul> <li> <p>Enlarged track width: <strong>+26mm per axle</strong></p> </li> <li> <p>For original <strong>22J / 23J wheels</strong></p> </li> </ul> <p><strong>Part Number:</strong></p> <ul> <li> <p><strong>L5 333 13</strong></p> </li> </ul> <h2>Version 2</h2> <h3>23mm Spacers – Front &amp; Rear</h3> <ul> <li> <p>Enlarged track width: <strong>+46mm per axle</strong></p> </li> <li> <p>For original <strong>21J wheels</strong></p> </li> </ul> <p><strong>Part Number:</strong></p> <ul> <li> <p><strong>L5 333 23</strong></p> </li> </ul> <h2>Key Features</h2> <ul> <li> <p>Manufactured from high-strength aluminum</p> </li> <li> <p>Corrosion-protected through anodized finish</p> </li> <li> <p>Improves stance and track width</p> </li> <li> <p>Enhances visual presence and handling stability</p> </li> <li> <p>Precision engineered for OEM-level fitment</p> </li> <li> <p>Supplied as set of 2 pieces including mounting material</p> </li> </ul> <h2>Included Components</h2> <ul> <li> <p>Aluminum spacers – set of 2 pieces</p> </li> <li> <p>Mounting hardware (as supplied by NOVITEC)</p> </li> </ul> <h2>Technical Details</h2> <ul> <li> <p>Manufacturer: NOVITEC</p> </li> <li> <p>Product Type: Wheel Spacers</p> </li> <li> <p>Material: High-Strength Aluminum</p> </li> <li> <p>Surface Protection: Anodized</p> </li> <li> <p>Application: Front and Rear (depending on wheel specification)</p> </li> </ul> <h2>Installation</h2> <p>Professional installation is strongly recommended. Proper torque specifications and wheel fitment verification must be observed during installation.</p> <h2>Special Order</h2> <p>Lead time approximately <strong>4–6 weeks</strong></p>",Novitec,Suspension,"brand_novitec, car_lamborghini, category_suspension, condition_new, install_available, model_urus_performante, model_urus_s, pricing_buy_now",TRUE,Variant,13mm Spacers,L5 333 13,0,shopify,3,deny,manual,1900.00,TRUE,TRUE,https://cdn.shopify.com/s/files/1/0701/4472/0949/files/Screenshot2026-01-16at20.07.05.png,1,"Aluminium Wheel Spacers (Set of 2) - Lamborghini Urus, Urus S & Performante - L5 333 13/ 23 - Novitec",FALSE,active
novitec-urus-l5-333-13,,,,,,,,23mm Spacers,L5 333 23,0,shopify,1,deny,manual,2100.00,TRUE,TRUE,,,,,
novitec-urus-l5-333-03,Sport Spring Set - Lamborghini Urus Performante - L5 333 03 - Novitec,"<h2>Description</h2> <p>The <strong>NOVITEC Sport Spring Set</strong> for the <strong>Lamborghini Urus Performante</strong> is engineered to enhance both the vehicle’s stance and driving dynamics. Designed specifically for the Performante model, this spring set lowers the vehicle by approximately <strong>25mm</strong>, delivering a more aggressive appearance and improved road handling characteristics.</p> <p>By reducing the ride height, the center of gravity is lowered, resulting in enhanced stability, reduced body roll, and a sharper, more responsive driving experience — all while maintaining everyday usability.</p> <h2>Compatibility</h2> <p>Lamborghini <strong>Urus Performante</strong><br><em>(Not compatible with Urus S)</em></p> <h2>Key Features</h2> <ul> <li> <p>Sport spring set developed exclusively for Urus Performante</p> </li> <li> <p>Lowers vehicle approximately 25mm</p> </li> <li> <p>Improves handling and cornering stability</p> </li> <li> <p>Reduces body roll and enhances driving dynamics</p> </li> <li> <p>Provides a more aggressive and sporty stance</p> </li> <li> <p>Precision engineered for OEM-level integration</p> </li> </ul> <h2>Included Components</h2> <ul> <li> <p>NOVITEC sport springs – complete set</p> </li> <li> <p>Required installation components (as supplied by NOVITEC)</p> </li> </ul> <h2>Technical Details</h2> <ul> <li> <p>Manufacturer: NOVITEC</p> </li> <li> <p>Product Type: Sport Spring Set</p> </li> <li> <p>Vehicle Application: Urus Performante</p> </li> <li> <p>Lowering: Approx. 25mm</p> </li> </ul> <h2>Installation</h2> <p>Professional installation and alignment are strongly recommended to ensure proper setup and optimal performance.</p> <h2>Part Number</h2> <ul> <li> <p><strong>L5 333 03</strong></p> </li> </ul> <h2>Special Order</h2> <p>Lead time approximately <strong>4–6 weeks</strong></p>",Novitec,Suspension,"brand_novitec, car_lamborghini, category_suspension, condition_new, install_available, model_urus_performante, model_urus_s, pricing_buy_now",TRUE,Title,Default Title,L5 333 03,0,shopify,4,deny,manual,5900.00,TRUE,TRUE,https://cdn.shopify.com/s/files/1/0701/4472/0949/files/Screenshot2026-01-16at20.23.49.png,1,Sport Spring Set - Lamborghini Urus Performante - L5 333 03 - Novitec,FALSE,active
novitec-urus-l5-333-03,,,,,,,,,,,,,,,,,,https://cdn.shopify.com/s/files/1/0701/4472/0949/files/Screenshot2026-01-16at20.24.19.png,2,Sport Spring Set - Lamborghini Urus Performante - L5 333 03 - Novitec,,
novitec-urus-l1-333-90,SWITCHTRONIC Module - Lamborghini Urus S & Performante - L1 333 90 - Novitec,"<h2>Description</h2> <p>The <strong>NOVITEC SWITCHTRONIC</strong> for the <strong>Lamborghini Urus S and Lamborghini Urus Performante</strong> allows manual control of exhaust flap-regulation systems directly from the cockpit via radio remote. Designed for use with <strong>NOVITEC exhaust systems equipped with flap regulation</strong>, this module enables the driver to actively open or close the exhaust valves, independently of the factory driving modes.</p> <p>SWITCHTRONIC provides greater control over the vehicle’s exhaust sound — allowing a refined tone for everyday driving or a fully aggressive performance sound at the push of a button.</p> <h2>Compatibility</h2> <p>Lamborghini <strong>Urus S</strong><br>Lamborghini <strong>Urus Performante</strong></p> <p>For use with:</p> <ul> <li> <p>NOVITEC exhaust systems with flap regulation</p> </li> </ul> <h2>Key Features</h2> <ul> <li> <p>Manual exhaust flap control via radio remote</p> </li> <li> <p>Allows opening and closing of exhaust valves on demand</p> </li> <li> <p>Compatible with NOVITEC flap-regulated exhaust systems</p> </li> <li> <p>Independent from factory drive mode settings</p> </li> <li> <p>Seamless OEM-level integration</p> </li> <li> <p>Enhances driver control over exhaust acoustics</p> </li> </ul> <h2>Included Components</h2> <ul> <li> <p>NOVITEC SWITCHTRONIC control module</p> </li> <li> <p>Radio remote control</p> </li> <li> <p>Required wiring / installation components (as supplied by NOVITEC)</p> </li> </ul> <h2>Technical Details</h2> <ul> <li> <p>Manufacturer: NOVITEC</p> </li> <li> <p>Product Type: Exhaust Valve Control Module</p> </li> <li> <p>Function: Remote-controlled flap regulation</p> </li> <li> <p>Compatibility: NOVITEC exhaust systems with flap regulation</p> </li> </ul> <h2>Installation</h2> <p>Professional installation is strongly recommended to ensure proper integration with the vehicle’s exhaust valve system and electronics.</p> <h2>Part Number</h2> <ul> <li> <p><strong>L1 333 90</strong></p> </li> </ul> <h2>Special Order</h2> <p>Lead time approximately <strong>4–6 weeks</strong></p>",Novitec,Exhaust,"brand_novitec, car_lamborghini, category_engine, category_exhaust, condition_new, install_available, model_urus_performante, model_urus_s, pricing_buy_now",TRUE,Title,Default Title,L1 333 90,0,shopify,2,deny,manual,3900.00,TRUE,TRUE,https://cdn.shopify.com/s/files/1/0701/4472/0949/files/Screenshot_2026-02-14_at_14.30.40.png,1,SWITCHTRONIC Module - Lamborghini Urus S & Performante - L1 333 90 - Novitec,FALSE,active
novitec-urus-l1-333-99,TECTRONIC Module - Lamborghini Urus S & Performante - L1 333 80 - Novitec,"<h2>Description</h2> <p>The <strong>NOVITEC TECTRONIC Module</strong> for the <strong>Lamborghini Urus S and Lamborghini Urus Performante</strong> is designed to prevent exhaust system error messages when installing <strong>NOVITEC sport metal catalysts</strong> or <strong>NOVITEC catalyst-replacement pipes</strong>. This electronic module ensures proper communication with the vehicle’s onboard diagnostics system, avoiding unwanted warning indications related to modified exhaust components.</p> <p>The TECTRONIC module is intended for installation <strong>in combination with a NOVITEC exhaust system</strong>, providing seamless integration and maintaining system functionality when upgrading to high-performance exhaust components.</p> <h2>Compatibility</h2> <p>Lamborghini <strong>Urus S</strong><br>Lamborghini <strong>Urus Performante</strong></p> <p>Required when using:</p> <ul> <li> <p>NOVITEC Sport Metal Catalysts (L1 333 66)</p> </li> <li> <p>NOVITEC Catalyst-Replacement Pipes (L1 333 65)</p> </li> </ul> <p>Installation Requirement:</p> <ul> <li> <p>Only in combination with a NOVITEC exhaust system</p> </li> </ul> <h2>Key Features</h2> <ul> <li> <p>Prevents exhaust system error indications</p> </li> <li> <p>Designed for use with NOVITEC sport catalysts or cat-replacement pipes</p> </li> <li> <p>Ensures proper communication with vehicle electronics</p> </li> <li> <p>Maintains OEM-level system functionality</p> </li> <li> <p>Engineered specifically for NOVITEC exhaust setups</p> </li> </ul> <h2>Included Components</h2> <ul> <li> <p>NOVITEC TECTRONIC module</p> </li> <li> <p>Required wiring / installation components (as supplied by NOVITEC)</p> </li> </ul> <h2>Technical Details</h2> <ul> <li> <p>Manufacturer: NOVITEC</p> </li> <li> <p>Product Type: Electronic Control Module</p> </li> <li> <p>Application: Exhaust system error prevention</p> </li> <li> <p>Compatibility: NOVITEC exhaust systems with sport catalysts or cat-replacement pipes</p> </li> </ul> <h2>Installation</h2> <p>Professional installation is strongly recommended to ensure correct integration with the vehicle’s electronic systems. Must be installed in combination with a NOVITEC exhaust system.</p> <h2>Part Number</h2> <ul> <li> <p><strong>L1 333 80</strong></p> </li> </ul> <h2>Special Order</h2> <p>Lead time approximately <strong>4–6 weeks</strong></p>",Novitec,Exhaust,"brand_novitec, car_lamborghini, category_engine, category_exhaust, condition_new, install_available, model_urus_performante, model_urus_s, pricing_buy_now",TRUE,Title,Default Title,L1 333 80,0,shopify,5,deny,manual,4900.00,TRUE,TRUE,https://cdn.shopify.com/s/files/1/0701/4472/0949/files/tempImageSC1Wyu.jpg,1,TECTRONIC Module - Lamborghini Urus S & Performante - L1 333 80 - Novitec,FALSE,active
novitec-urus-l1-333-66,Sport Metal Catalysts 100 Cell (Set of 2) - Lamborghini Urus S & Performante - L1 333 66 - Novitec,"<h2>Description</h2> <p>The <strong>NOVITEC Sport Metal Catalysts (100 Cell – Heat Protected, Set)</strong> for the <strong>Lamborghini Urus S and Lamborghini Urus Performante</strong> are engineered to improve exhaust efficiency while maintaining catalytic functionality. Featuring <strong>100-cell sport metal catalysts</strong>, this system reduces exhaust back pressure to enhance throttle response, optimize performance, and deliver a more pronounced exhaust tone.</p> <p>Manufactured from high-quality materials and supplied <strong>complete with heat protection</strong>, these sport catalysts ensure durability and reliable thermal management under high-performance driving conditions.</p> <p>Compatible with both the <strong>NOVITEC exhaust system</strong> and the <strong>original factory exhaust system</strong>, the setup is designed for seamless OEM-level fitment.</p> <h2>Compatibility</h2> <p>Lamborghini <strong>Urus S</strong><br>Lamborghini <strong>Urus Performante</strong></p> <p>Compatible with:</p> <ul> <li> <p>NOVITEC exhaust system</p> </li> <li> <p>Original factory exhaust system</p> </li> </ul> <h2>Key Features</h2> <ul> <li> <p>100-cell sport metal catalysts (set)</p> </li> <li> <p>Reduced exhaust back pressure for improved performance</p> </li> <li> <p>Enhanced throttle response and exhaust sound</p> </li> <li> <p>Complete heat-protected construction</p> </li> <li> <p>Compatible with NOVITEC and OEM exhaust systems</p> </li> <li> <p>Precision engineered for OEM-level integration</p> </li> </ul> <h2>Included Components</h2> <ul> <li> <p>Sport metal catalysts – set</p> </li> <li> <p>Integrated heat protection</p> </li> <li> <p>Required mounting / installation components (as supplied by NOVITEC)</p> </li> </ul> <h2>Technical Details</h2> <ul> <li> <p>Manufacturer: NOVITEC</p> </li> <li> <p>Product Type: Sport Metal Catalysts</p> </li> <li> <p>Cell Count: 100 Cell</p> </li> <li> <p>Quantity: Set</p> </li> <li> <p>Heat Protection: Included</p> </li> <li> <p>Compatibility: NOVITEC &amp; OEM Exhaust</p> </li> </ul> <h2>Installation</h2> <p>Professional installation is strongly recommended. Please note that sport catalysts may not comply with emissions regulations in certain regions and may be intended for motorsport or export use only where applicable laws permit.</p> <h2>Part Number</h2> <ul> <li> <p><strong>L1 333 66</strong></p> </li> </ul> <h2>Special Order</h2> <p>Lead time approximately <strong>4–6 weeks</strong></p>",Novitec,Exhaust,"brand_novitec, car_lamborghini, category_engine, category_exhaust, condition_new, install_available, model_urus_performante, model_urus_s, pricing_buy_now",TRUE,Title,Default Title,L1 333 66,0,shopify,4,deny,manual,26900.00,TRUE,TRUE,https://cdn.shopify.com/s/files/1/0701/4472/0949/files/Screenshot2026-01-16at19.33.45.png,1,Sport Metal Catalysts 100 Cell (Set of 2) - Lamborghini Urus S & Performante - L1 333 66 - Novitec,FALSE,active
novitec-urus-l1-333-65,Catalyst Replacement Pipes (Set of 2) - Lamborghini Urus S & Performante - L1 333 65 - Novitec,"<h2>Description</h2> <p>The <strong>NOVITEC Catalyst-Replacement Pipes (Set of Two – Heat Protected)</strong> for the <strong>Lamborghini Urus S and Lamborghini Urus Performante</strong> are engineered to significantly improve exhaust flow and reduce back pressure. Designed for high-performance applications, these pipes replace the factory catalytic converters to enhance throttle response and deliver a more aggressive exhaust tone.</p> <p>Manufactured from premium materials and supplied <strong>complete with heat protection</strong>, the system ensures durability and optimized thermal management under demanding driving conditions.</p> <p>Compatible with both the <strong>NOVITEC exhaust system</strong> and the <strong>original factory exhaust system</strong>, this upgrade is designed for seamless OEM-level fitment.</p> <h2>Compatibility</h2> <p>Lamborghini <strong>Urus S</strong><br>Lamborghini <strong>Urus Performante</strong></p> <p>Compatible with:</p> <ul> <li> <p>NOVITEC exhaust system</p> </li> <li> <p>Original factory exhaust system</p> </li> </ul> <h2>Key Features</h2> <ul> <li> <p>Catalyst-replacement pipe set (2 pieces)</p> </li> <li> <p>Improves exhaust flow and reduces back pressure</p> </li> <li> <p>Enhances performance and exhaust sound</p> </li> <li> <p>Complete heat-protected construction</p> </li> <li> <p>Compatible with NOVITEC and OEM exhaust systems</p> </li> <li> <p>Precision engineered for OEM-level fitment</p> </li> </ul> <h2>Included Components</h2> <ul> <li> <p>Catalyst-replacement pipes – set of two</p> </li> <li> <p>Integrated heat protection</p> </li> <li> <p>Required mounting / installation components (as supplied by NOVITEC)</p> </li> </ul> <h2>Technical Details</h2> <ul> <li> <p>Manufacturer: NOVITEC</p> </li> <li> <p>Product Type: Catalyst-Replacement Pipes</p> </li> <li> <p>Quantity: Set of Two</p> </li> <li> <p>Heat Protection: Included</p> </li> <li> <p>Compatibility: NOVITEC &amp; OEM Exhaust</p> </li> </ul> <h2>Installation</h2> <p>Professional installation is strongly recommended. Please note that catalyst-replacement components may not be road legal in certain markets and are intended for motorsport or export use where applicable regulations allow.</p> <h2>Part Number</h2> <ul> <li> <p><strong>L1 333 65</strong></p> </li> </ul> <h2>Special Order</h2> <p>Lead time approximately <strong>4–6 weeks</strong></p>",Novitec,Exhaust,"brand_novitec, car_lamborghini, category_engine, category_exhaust, condition_new, install_available, model_urus_performante, model_urus_s, pricing_buy_now",TRUE,Title,Default Title,L1 333 65,0,shopify,5,deny,manual,13900.00,TRUE,TRUE,https://cdn.shopify.com/s/files/1/0701/4472/0949/files/Screenshot2026-01-16at19.33.17.png,1,Catalyst Replacement Pipes (Set of 2) - Lamborghini Urus S & Performante - L1 333 65 - Novitec,FALSE,active
novitec-urus-l1-333-60,Y-Pipe 70mm - Lamborghini Urus S & Performante - L1 333 60 - Novitec,"<h2>Description</h2> <p>The <strong>NOVITEC Y-Pipe (Stainless Steel – 70mm)</strong> for the <strong>Lamborghini Urus S and Lamborghini Urus Performante</strong> is engineered to improve exhaust flow and enhance the vehicle’s performance and acoustic character. Designed with a 70mm diameter, this Y-pipe optimizes exhaust gas distribution while maintaining precise OEM-level integration.</p> <p>Manufactured from high-quality <strong>stainless steel</strong>, it offers excellent durability, heat resistance, and corrosion protection. The system is compatible with both the <strong>NOVITEC exhaust system</strong> and the <strong>original factory exhaust</strong>, making it a versatile upgrade for performance-oriented applications.</p> <h2>Compatibility</h2> <p>Lamborghini <strong>Urus S</strong><br>Lamborghini <strong>Urus Performante</strong></p> <p>Compatible with:</p> <ul> <li> <p>NOVITEC exhaust system</p> </li> <li> <p>Original factory exhaust system</p> </li> </ul> <h2>Key Features</h2> <ul> <li> <p>Stainless steel Y-pipe system</p> </li> <li> <p>70mm diameter construction</p> </li> <li> <p>Optimized exhaust flow for improved performance</p> </li> <li> <p>Enhances exhaust tone and responsiveness</p> </li> <li> <p>Durable, heat-resistant, and corrosion-resistant material</p> </li> <li> <p>OEM-level fitment and integration</p> </li> </ul> <h2>Included Components</h2> <ul> <li> <p>Y-pipe system – 70mm (stainless steel)</p> </li> <li> <p>Required mounting / installation components (as supplied by NOVITEC)</p> </li> </ul> <h2>Technical Details</h2> <ul> <li> <p>Manufacturer: NOVITEC</p> </li> <li> <p>Product Type: Y-Pipe Exhaust System</p> </li> <li> <p>Diameter: 70mm</p> </li> <li> <p>Material: Stainless Steel</p> </li> <li> <p>Compatibility: NOVITEC &amp; OEM Exhaust</p> </li> </ul> <h2>Installation</h2> <p>Professional installation is strongly recommended to ensure proper alignment and secure mounting.</p> <h2>Part Number</h2> <ul> <li> <p><strong>L1 333 60</strong></p> </li> </ul> <h2>Special Order</h2> <p>Lead time approximately <strong>4–6 weeks</strong></p>",Novitec,Exhaust,"brand_novitec, car_lamborghini, category_engine, category_exhaust, condition_new, install_available, model_urus_performante, model_urus_s, pricing_buy_now",TRUE,Title,Default Title,L1 333 60,0,shopify,2,deny,manual,6900.00,TRUE,TRUE,https://cdn.shopify.com/s/files/1/0701/4472/0949/files/Screenshot2026-01-16at19.32.54.png,1,Y-Pipe 70mm - Lamborghini Urus S & Performante - L1 333 60 - Novitec,FALSE,active
novitec-urus-l1-333-55,X-Pipe System- Lamborghini Urus S & Performante - L1 333 55 - Novitec,"<h2>Description</h2> <p>The <strong>NOVITEC X-Pipe System (Stainless Steel)</strong> for the <strong>Lamborghini Urus S and Lamborghini Urus Performante</strong> is designed to optimize exhaust gas flow and enhance the overall performance and sound characteristics of the vehicle. By improving the balance between both exhaust banks, the X-pipe configuration delivers a more refined yet aggressive exhaust tone while supporting increased efficiency.</p> <p>Manufactured from high-quality <strong>stainless steel</strong>, the system ensures durability, corrosion resistance, and precise OEM-level fitment. This component is required when installing specific NOVITEC power optimized exhaust systems.</p> <h2>Compatibility</h2> <p>Lamborghini <strong>Urus S</strong><br>Lamborghini <strong>Urus Performante</strong></p> <p>Compatible with:</p> <ul> <li> <p>NOVITEC Power Optimized Exhaust (L1 333 40)</p> </li> <li> <p>NOVITEC Power Optimized Exhaust with Flap Regulation (L1 333 50)</p> </li> </ul> <h2>Key Features</h2> <ul> <li> <p>Stainless steel X-pipe system</p> </li> <li> <p>Optimized exhaust gas flow between both banks</p> </li> <li> <p>Enhances exhaust tone and performance characteristics</p> </li> <li> <p>Durable and corrosion-resistant construction</p> </li> <li> <p>Precision engineered for OEM-level integration</p> </li> <li> <p>Required component for select NOVITEC exhaust systems</p> </li> </ul> <h2>Included Components</h2> <ul> <li> <p>X-Pipe system (stainless steel)</p> </li> <li> <p>Required mounting / installation components (as supplied by NOVITEC)</p> </li> </ul> <h2>Technical Details</h2> <ul> <li> <p>Manufacturer: NOVITEC</p> </li> <li> <p>Product Type: X-Pipe Exhaust System</p> </li> <li> <p>Material: Stainless Steel</p> </li> </ul> <h2>Installation</h2> <p>Professional installation is strongly recommended to ensure proper alignment and compatibility with associated NOVITEC exhaust components.</p> <h2>Part Number</h2> <ul> <li> <p><strong>L1 333 55</strong></p> </li> </ul> <h2>Special Order</h2> <p>Lead time approximately <strong>4–6 weeks</strong></p>",Novitec,Exhaust,"brand_novitec, car_lamborghini, category_engine, category_exhaust, condition_new, install_available, model_urus_performante, model_urus_s, pricing_buy_now",TRUE,Title,Default Title,L1 333 55,0,shopify,1,deny,manual,4900.00,TRUE,TRUE,https://cdn.shopify.com/s/files/1/0701/4472/0949/files/Screenshot2026-01-16at19.32.17.png,1,X-Pipe System- Lamborghini Urus S & Performante - L1 333 55 - Novitec,FALSE,active
novitec-urus-l1-333-51,Power Optimized Exhaust System RACE with Flap Regulation - Lamborghini Urus S & Performante - L1 333 51 - Novitec,"<h2>Description</h2> <p>The <strong>NOVITEC Power Optimized Exhaust System RACE (With Flap Regulation)</strong> for the <strong>Lamborghini Urus S and Lamborghini Urus Performante</strong> is engineered for maximum performance and an uncompromising motorsport sound experience. The RACE version delivers optimized exhaust flow, reduced back pressure, and an even more aggressive acoustic character compared to the standard performance system.</p> <p>Equipped with <strong>flap regulation</strong>, the system allows controlled exhaust valve operation, providing the flexibility between a refined tone and a full race-inspired sound profile depending on driving conditions.</p> <p>This system must be installed <strong>only in combination with NOVITEC X-Pipe System L1 333 55</strong>.</p> <h2>Compatibility</h2> <p>Lamborghini <strong>Urus S</strong><br>Lamborghini <strong>Urus Performante</strong></p> <p><strong>Installation Requirement:</strong><br>Must be installed <strong>only in combination with L1 333 55 (X-Pipe System)</strong></p> <h2>Key Features</h2> <ul> <li> <p>RACE version power optimized exhaust system</p> </li> <li> <p>Integrated flap regulation for adjustable sound control</p> </li> <li> <p>Reduced back pressure for enhanced performance</p> </li> <li> <p>More aggressive and motorsport-oriented exhaust tone</p> </li> <li> <p>Precision engineered for OEM-level fitment</p> </li> <li> <p>Designed for combination with NOVITEC L1 333 55</p> </li> </ul> <h2>Included Components</h2> <ul> <li> <p>Power optimized exhaust system RACE (with flap regulation)</p> </li> <li> <p>Required mounting / installation components (as supplied by NOVITEC)</p> </li> </ul> <h2>Technical Details</h2> <ul> <li> <p>Manufacturer: NOVITEC</p> </li> <li> <p>Product Type: Performance Exhaust System</p> </li> <li> <p>Version: RACE</p> </li> <li> <p>Flap Regulation: Yes</p> </li> <li> <p>Installation Requirement: Only with L1 333 55</p> </li> </ul> <h2>Installation</h2> <p>Professional installation is strongly recommended. Proper compatibility verification and installation in combination with <strong>L1 333 55</strong> is mandatory.</p> <h2>Part Number</h2> <ul> <li> <p><strong>L1 333 51</strong></p> </li> </ul> <h2>Special Order</h2> <p>Lead time approximately <strong>4–6 weeks</strong></p>",Novitec,Exhaust,"brand_novitec, car_lamborghini, category_engine, category_exhaust, condition_new, install_available, model_urus_performante, model_urus_s, pricing_buy_now",TRUE,Title,Default Title,L1 333 51,0,shopify,1,deny,manual,20900.00,TRUE,TRUE,https://cdn.shopify.com/s/files/1/0701/4472/0949/files/Screenshot2026-01-16at19.31.49.png,1,Power Optimized Exhaust System RACE with Flap Regulation - Lamborghini Urus S & Performante - L1 333 51 - Novitec,FALSE,active
novitec-urus-l1-333-50,Power Optimized Exhaust System with Flap Regulation - Lamborghini Urus S & Performante - L1 333 50 - Novitec,"<h2>Description</h2> <p>The <strong>NOVITEC Power Optimized Exhaust System (With Flap Regulation)</strong> for the <strong>Lamborghini Urus S and Lamborghini Urus Performante</strong> is engineered to enhance performance, throttle response, and exhaust acoustics. By optimizing exhaust flow and reducing back pressure, this system delivers a more dynamic and aggressive sound profile while maintaining everyday usability.</p> <p>Equipped with <strong>flap regulation</strong>, the system allows controlled sound management depending on driving mode and throttle input, offering a balance between refined cruising and full performance tone.</p> <p>This system must be installed <strong>only in combination with NOVITEC part number L1 333 55</strong>.</p> <h2>Compatibility</h2> <p>Lamborghini <strong>Urus S</strong><br>Lamborghini <strong>Urus Performante</strong></p> <p><strong>Installation Requirement:</strong><br>Must be installed <strong>only in combination with L1 333 55</strong></p> <h2>Key Features</h2> <ul> <li> <p>Power optimized performance exhaust system</p> </li> <li> <p>Integrated flap regulation for adjustable sound control</p> </li> <li> <p>Improved exhaust flow and reduced back pressure</p> </li> <li> <p>Enhanced throttle response and performance character</p> </li> <li> <p>Precision engineered for OEM-level fitment</p> </li> <li> <p>Designed for combination with NOVITEC L1 333 55</p> </li> </ul> <h2>Included Components</h2> <ul> <li> <p>Power optimized exhaust system (with flap regulation)</p> </li> <li> <p>Required mounting / installation components (as supplied by NOVITEC)</p> </li> </ul> <h2>Technical Details</h2> <ul> <li> <p>Manufacturer: NOVITEC</p> </li> <li> <p>Product Type: Performance Exhaust System</p> </li> <li> <p>Version: With Flap Regulation</p> </li> <li> <p>Installation Requirement: Only with L1 333 55</p> </li> </ul> <h2>Installation</h2> <p>Professional installation is strongly recommended. Compatibility verification and installation in combination with <strong>L1 333 55</strong> is mandatory.</p> <h2>Part Number</h2> <ul> <li> <p><strong>L1 333 50</strong></p> </li> </ul> <h2>Special Order</h2> <p>Lead time approximately <strong>4–6 weeks</strong></p>",Novitec,Exhaust,"brand_novitec, car_lamborghini, category_engine, category_exhaust, condition_new, install_available, model_urus_performante, model_urus_s, pricing_buy_now",TRUE,Title,Default Title,L1 333 50,0,shopify,4,deny,manual,14900.00,TRUE,TRUE,https://cdn.shopify.com/s/files/1/0701/4472/0949/files/Screenshot2026-01-16at19.31.21.png,1,Power Optimized Exhaust System with Flap Regulation - Lamborghini Urus S & Performante - L1 333 50 - Novitec,FALSE,active
novitec-urus-l1-333-40,Power Optimized Exhaust System without Flap Regulation - Lamborghini Urus S & Performante - L1 333 40 - Novitec,"<h2>Description</h2> <p>The <strong>NOVITEC Power Optimized Exhaust System (Without Flap Regulation)</strong> is engineered for the <strong>Lamborghini Urus S and Lamborghini Urus Performante</strong>, delivering enhanced exhaust flow, reduced back pressure, and a more pronounced performance sound. Designed for maximum efficiency and performance gains, this system offers a sportier and more aggressive acoustic profile.</p> <p>This version is supplied <strong>without flap regulation</strong> and must be installed <strong>only in combination with NOVITEC part number L1 333 55</strong>.</p> <p>Manufactured from high-quality materials to meet NOVITEC’s strict engineering standards, the system ensures durability, precision fitment, and seamless OEM-level integration.</p> <h2>Compatibility</h2> <p>Lamborghini <strong>Urus S</strong><br>Lamborghini <strong>Urus Performante</strong></p> <p><strong>Installation Requirement:</strong><br>Must be installed <strong>only in combination with L1 333 55</strong></p> <h2>Key Features</h2> <ul> <li> <p>Power optimized exhaust system</p> </li> <li> <p>Improved exhaust flow and reduced back pressure</p> </li> <li> <p>Enhanced performance-oriented sound</p> </li> <li> <p>Version without flap regulation</p> </li> <li> <p>Precision engineering for OEM-level fitment</p> </li> <li> <p>Designed for combination with NOVITEC L1 333 55</p> </li> </ul> <h2>Included Components</h2> <ul> <li> <p>Power optimized exhaust system (without flap regulation)</p> </li> <li> <p>Required mounting / installation components (as supplied by NOVITEC)</p> </li> </ul> <h2>Technical Details</h2> <ul> <li> <p>Manufacturer: NOVITEC</p> </li> <li> <p>Product Type: Performance Exhaust System</p> </li> <li> <p>Version: Without Flap Regulation</p> </li> <li> <p>Installation Requirement: Only with L1 333 55</p> </li> </ul> <h2>Installation</h2> <p>Professional installation is strongly recommended. Proper compatibility verification and installation in combination with <strong>L1 333 55</strong> is required.</p> <h2>Part Number</h2> <ul> <li> <p><strong>L1 333 40</strong></p> </li> </ul> <h2>Special Order</h2> <p>Lead time approximately <strong>4–6 weeks</strong></p> <p> </p>",Novitec,Exhaust,"brand_novitec, car_lamborghini, category_engine, category_exhaust, condition_new, install_available, model_urus_performante, model_urus_s, pricing_buy_now",TRUE,Title,Default Title,L1 333 40,0,shopify,4,deny,manual,12900.00,TRUE,TRUE,https://cdn.shopify.com/s/files/1/0701/4472/0949/files/Screenshot2026-01-16at12.53.51.png,1,Power Optimized Exhaust System without Flap Regulation - Lamborghini Urus S & Performante - L1 333 40 - Novitec,FALSE,active
novitec-urus-l6-333-94,Fender Covers 4‑Part (Original look) - Lamborghini Urus S & Performante - L6 333 94 - Novitec,"<p> </p> <h2>Description</h2> <p>The <strong>NOVITEC Fender Covers – 4 Part Set (Original Look – Visible Carbon)</strong> for the <strong>Lamborghini Urus S and Lamborghini Urus Performante</strong> enhance the wheel arch areas while maintaining the factory OEM styling. Designed to preserve the original body lines, these carbon fiber covers add a refined and performance-oriented visual upgrade without altering the stock appearance.</p> <p>Manufactured from premium <strong>carbon fiber</strong> and finished in <strong>visible carbon</strong>, the 4-part fender cover set delivers lightweight construction and a subtle motorsport-inspired aesthetic.</p> <p><strong>Note:</strong> Not compatible with the <strong>NOVITEC ESTESO Widebody</strong> conversion.</p> <h2>Compatibility</h2> <p>Lamborghini <strong>Urus S</strong><br>Lamborghini <strong>Urus Performante</strong><br><em>(Not compatible with NOVITEC ESTESO Widebody)</em></p> <h2>Key Features</h2> <ul> <li> <p>4-part fender cover set in original OEM look</p> </li> <li> <p>Manufactured from high-quality carbon fiber</p> </li> <li> <p>Visible carbon finish for a premium performance appearance</p> </li> <li> <p>Lightweight and durable construction</p> </li> <li> <p>OEM-level integration and precise fitment</p> </li> <li> <p>Designed for vehicles without ESTESO widebody conversion</p> </li> </ul> <h2>Included Components</h2> <ul> <li> <p>Fender covers – 4-part set (original look version)</p> </li> <li> <p>Required mounting / installation material (as supplied by NOVITEC)</p> </li> </ul> <h2>Technical Details</h2> <ul> <li> <p>Manufacturer: NOVITEC</p> </li> <li> <p>Product Type: Fender Covers</p> </li> <li> <p>Version: Original Look (4-Part Set)</p> </li> <li> <p>Compatibility Note: Not for ESTESO Widebody</p> </li> <li> <p>Material: Carbon Fiber</p> </li> <li> <p>Finish: Visible Carbon</p> </li> </ul> <h2>Installation</h2> <p>Professional installation is strongly recommended to ensure proper alignment and secure mounting.</p> <h2>Part Number</h2> <ul> <li> <p><strong>L6 333 94</strong></p> </li> </ul> <h2>Special Order</h2> <p>Lead time approximately <strong>4–6 weeks</strong></p>",Novitec,Aerodynamics,"brand_novitec, car_lamborghini, category_aerodynamic, condition_new, install_available, model_urus_performante, model_urus_s, pricing_buy_now",TRUE,Variant,Visible Cover,L6 333 94,0,shopify,4,deny,manual,17900.00,TRUE,TRUE,https://cdn.shopify.com/s/files/1/0701/4472/0949/files/Screenshot2026-01-05at23.02.32.png,1,Fender Covers 4‑Part (Original look) - Lamborghini Urus S & Performante - L6 333 94 - Novitec,FALSE,active
novitec-urus-l6-333-94,,,,,,,,Forged Visible Cover,L6 333 94-2,0,shopify,3,deny,manual,17900.00,TRUE,TRUE,,,,,
novitec-urus-l6-333-94,,,,,,,,,,,,,,,,,,https://cdn.shopify.com/s/files/1/0701/4472/0949/files/Screenshot_2026-01-15_at_00.30.11_df9037c1-74d2-4b4b-b857-33ba5b67e150.png,2,Fender Covers 4‑Part (Original look) - Lamborghini Urus S & Performante - L6 333 94 - Novitec,,
novitec-urus-l6-333-94,,,,,,,,,,,,,,,,,,https://cdn.shopify.com/s/files/1/0701/4472/0949/files/Screenshot_2026-01-15_at_00.39.36_9cc53bc5-44b6-40b1-a668-0dd658c0884f.png,3,Fender Covers 4‑Part (Original look) - Lamborghini Urus S & Performante - L6 333 94 - Novitec,,
novitec-urus-l6-333-93,Side Panels (Original look) - Lamborghini Urus S & Performante - L6 333 93 - Novitec,"<h2>Description</h2> <p>The <strong>NOVITEC Side Panels (Original Look – Visible Carbon)</strong> for the <strong>Lamborghini Urus S and Lamborghini Urus Performante</strong> enhance the vehicle’s side profile while maintaining the original OEM design language. Developed to retain the factory styling, these panels add refined carbon fiber detailing for a sharper and more performance-oriented appearance.</p> <p>Manufactured from premium <strong>carbon fiber</strong> and finished in <strong>visible carbon</strong>, the side panels provide lightweight construction and a subtle motorsport-inspired upgrade.</p> <p><strong>Note:</strong> These panels are <strong>not compatible with the NOVITEC ESTESO Widebody conversion.</strong></p> <h2>Compatibility</h2> <p>Lamborghini <strong>Urus S</strong><br>Lamborghini <strong>Urus Performante</strong><br><em>(Not compatible with NOVITEC ESTESO Widebody)</em></p> <h2>Key Features</h2> <ul> <li> <p>Side panels in original OEM look</p> </li> <li> <p>Manufactured from high-quality carbon fiber</p> </li> <li> <p>Visible carbon finish for a premium performance appearance</p> </li> <li> <p>Lightweight and durable construction</p> </li> <li> <p>OEM-level integration and precise fitment</p> </li> <li> <p>Designed for vehicles without ESTESO widebody conversion</p> </li> </ul> <h2>Included Components</h2> <ul> <li> <p>Side panels (left &amp; right) – original look version</p> </li> <li> <p>Required mounting / installation material (as supplied by NOVITEC)</p> </li> </ul> <h2>Technical Details</h2> <ul> <li> <p>Manufacturer: NOVITEC</p> </li> <li> <p>Product Type: Side Panels</p> </li> <li> <p>Version: Original Look</p> </li> <li> <p>Compatibility Note: Not for ESTESO Widebody</p> </li> <li> <p>Material: Carbon Fiber</p> </li> <li> <p>Finish: Visible Carbon</p> </li> </ul> <h2>Installation</h2> <p>Professional installation is strongly recommended to ensure correct fitment and proper alignment.</p> <h2>Part Number</h2> <ul> <li> <p><strong>L6 333 93</strong></p> </li> </ul> <h2>Special Order</h2> <p>Lead time approximately <strong>4–6 weeks</strong></p> <p> </p>",Novitec,Aerodynamics,"brand_novitec, car_lamborghini, category_aerodynamic, condition_new, install_available, model_urus_performante, model_urus_s, pricing_buy_now",TRUE,Variant,Visible Carbon,L6 333 93,0,shopify,4,deny,manual,17900.00,TRUE,TRUE,https://cdn.shopify.com/s/files/1/0701/4472/0949/files/Screenshot2026-01-05at23.02.09.png,1,Side Panels (Original look) - Lamborghini Urus S & Performante - L6 333 93 - Novitec,FALSE,active
novitec-urus-l6-333-93,,,,,,,,Forged Visible Carbon,L6 333 93-2,0,shopify,4,deny,manual,17900.00,TRUE,TRUE,,,,,
novitec-urus-l6-333-93,,,,,,,,,,,,,,,,,,https://cdn.shopify.com/s/files/1/0701/4472/0949/files/Screenshot_2026-01-15_at_00.30.11_df9037c1-74d2-4b4b-b857-33ba5b67e150.png,2,Side Panels (Original look) - Lamborghini Urus S & Performante - L6 333 93 - Novitec,,
novitec-urus-l6-333-93,,,,,,,,,,,,,,,,,,https://cdn.shopify.com/s/files/1/0701/4472/0949/files/Screenshot_2026-01-15_at_00.39.36_9cc53bc5-44b6-40b1-a668-0dd658c0884f.png,3,Side Panels (Original look) - Lamborghini Urus S & Performante - L6 333 93 - Novitec,,
novitec-urus-l6-333-92,Front Lip Attachment - Lamborghini Urus Performante - L6 333 92 - Novitec,"<h2>Description</h2> <p>The <strong>NOVITEC Front Lip Attachment (Original Look – Visible Carbon)</strong> for the <strong>Lamborghini Urus Performante</strong>enhances the factory front bumper while maintaining the original OEM styling. Developed exclusively for the Performante model, this component refines the lower front section with premium carbon fiber detailing without altering the vehicle’s original design language.</p> <p>Manufactured from high-quality <strong>carbon fiber</strong> and finished in <strong>visible carbon</strong>, the front lip attachment delivers lightweight construction and a sophisticated motorsport-inspired appearance with seamless OEM-level integration.</p> <h2>Compatibility</h2> <p>Lamborghini <strong>Urus Performante</strong><br><em>(Not compatible with Urus S)</em></p> <h2>Key Features</h2> <ul> <li> <p>Front lip attachment in original OEM look</p> </li> <li> <p>Designed exclusively for Urus Performante</p> </li> <li> <p>Manufactured from premium carbon fiber</p> </li> <li> <p>Visible carbon finish for a high-end performance appearance</p> </li> <li> <p>Lightweight and durable construction</p> </li> <li> <p>OEM-level integration and precise fitment</p> </li> </ul> <h2>Included Components</h2> <ul> <li> <p>Front lip attachment – original look version</p> </li> <li> <p>Required mounting / installation material (as supplied by NOVITEC)</p> </li> </ul> <h2>Technical Details</h2> <ul> <li> <p>Manufacturer: NOVITEC</p> </li> <li> <p>Product Type: Front Lip Attachment</p> </li> <li> <p>Version: Original Look</p> </li> <li> <p>Vehicle Application: Urus Performante</p> </li> <li> <p>Material: Carbon Fiber</p> </li> <li> <p>Finish: Visible Carbon</p> </li> </ul> <h2>Installation</h2> <p>Professional installation is strongly recommended to ensure proper alignment and secure mounting.</p> <h2>Part Number</h2> <ul> <li> <p><strong>L6 333 92</strong></p> </li> </ul> <h2>Special Order</h2> <p>Lead time approximately <strong>4–6 weeks</strong></p>",Novitec,Aerodynamics,"brand_novitec, car_lamborghini, category_aerodynamic, condition_new, install_available, model_urus_performante, model_urus_s, pricing_buy_now",TRUE,Variant,Visible Carbon,L6 333 92,0,shopify,6,deny,manual,6900.00,TRUE,TRUE,https://cdn.shopify.com/s/files/1/0701/4472/0949/files/Screenshot2026-01-06at00.31.34.png,1,Front Lip Attachment - Lamborghini Urus Performante - L6 333 92 - Novitec,FALSE,active
novitec-urus-l6-333-92,,,,,,,,Forged Visible Carbon,L6 333 92-2,0,shopify,6,deny,manual,6900.00,TRUE,TRUE,,,,,
novitec-urus-l6-333-92,,,,,,,,,,,,,,,,,,https://cdn.shopify.com/s/files/1/0701/4472/0949/files/Screenshot2026-01-06at00.31.53.png,2,Front Lip Attachment - Lamborghini Urus Performante - L6 333 92 - Novitec,,
novitec-urus-l6-333-92,,,,,,,,,,,,,,,,,,https://cdn.shopify.com/s/files/1/0701/4472/0949/files/Screenshot_2026-01-15_at_00.30.11_df9037c1-74d2-4b4b-b857-33ba5b67e150.png,3,Front Lip Attachment - Lamborghini Urus Performante - L6 333 92 - Novitec,,
novitec-urus-l6-333-91,Front Lip Attachment Sensor - Lamborghini Urus Performante - L6 333 91 - Novitec,"<h2>Description</h2> <p>The <strong>NOVITEC Front Lip Attachment – Sensor (Original Look – Visible Carbon)</strong> for the <strong>Lamborghini Urus Performante</strong> is designed to retain the factory styling while upgrading the sensor area with a premium carbon fiber finish. Developed exclusively for the Performante model, this component ensures seamless integration around the front bumper sensor system while preserving full functionality.</p> <p>Manufactured from high-quality <strong>carbon fiber</strong> and finished in <strong>visible carbon</strong>, it enhances the front-end detail with a refined motorsport-inspired aesthetic without altering the original design concept.</p> <h2>Compatibility</h2> <p>Lamborghini <strong>Urus Performante</strong><br><em>(Not compatible with Urus S)</em></p> <h2>Key Features</h2> <ul> <li> <p>Front lip sensor attachment in original OEM look</p> </li> <li> <p>Designed exclusively for Urus Performante</p> </li> <li> <p>Manufactured from premium carbon fiber</p> </li> <li> <p>Visible carbon finish for a high-end performance appearance</p> </li> <li> <p>Maintains compatibility with factory sensor systems</p> </li> <li> <p>OEM-level integration and precise fitment</p> </li> </ul> <h2>Included Components</h2> <ul> <li> <p>Front lip attachment – sensor section (original look version)</p> </li> <li> <p>Required mounting / installation material (as supplied by NOVITEC)</p> </li> </ul> <h2>Technical Details</h2> <ul> <li> <p>Manufacturer: NOVITEC</p> </li> <li> <p>Product Type: Front Lip Sensor Attachment</p> </li> <li> <p>Version: Original Look</p> </li> <li> <p>Vehicle Application: Urus Performante</p> </li> <li> <p>Material: Carbon Fiber</p> </li> <li> <p>Finish: Visible Carbon</p> </li> </ul> <h2>Installation</h2> <p>Professional installation is strongly recommended to ensure correct alignment and proper sensor compatibility.</p> <h2>Part Number</h2> <ul> <li> <p><strong>L6 333 91</strong></p> </li> </ul> <h2>Special Order</h2> <p>Lead time approximately <strong>4–6 weeks</strong></p>",Novitec,Aerodynamics,"brand_novitec, car_lamborghini, category_aerodynamic, condition_new, install_available, model_urus_performante, model_urus_s, pricing_buy_now",TRUE,Variant,Visible Carbon,L6 333 91,0,shopify,1,deny,manual,5900.00,TRUE,TRUE,https://cdn.shopify.com/s/files/1/0701/4472/0949/files/Screenshot2026-01-06at00.28.55.png,1,Front Lip Attachment Sensor - Lamborghini Urus Performante - L6 333 91 - Novitec,FALSE,active
novitec-urus-l6-333-91,,,,,,,,Forged Visible Carbon,L6 333 91-2,0,shopify,6,deny,manual,5900.00,TRUE,TRUE,,,,,
novitec-urus-l6-333-91,,,,,,,,,,,,,,,,,,https://cdn.shopify.com/s/files/1/0701/4472/0949/files/tempImage1qbYG8.jpg,2,Front Lip Attachment Sensor - Lamborghini Urus Performante - L6 333 91 - Novitec,,
novitec-urus-l6-333-91,,,,,,,,,,,,,,,,,,https://cdn.shopify.com/s/files/1/0701/4472/0949/files/Screenshot_2026-01-15_at_00.30.11_df9037c1-74d2-4b4b-b857-33ba5b67e150.png,3,Front Lip Attachment Sensor - Lamborghini Urus Performante - L6 333 91 - Novitec,,
novitec-urus-l6-333-90,Front Lip - Lamborghini Urus Performante - L6 333 90 - Novitec,"<h2>Description</h2> <p>The <strong>NOVITEC Front Lip (Original Look – Visible Carbon)</strong> for the <strong>Lamborghini Urus Performante</strong> enhances the factory front bumper while retaining the original OEM design language. Developed exclusively for the Performante model, this component preserves the stock appearance but upgrades it with a premium carbon fiber finish for a sharper and more aggressive look.</p> <p>Manufactured from high-quality <strong>carbon fiber</strong> and delivered in <strong>visible carbon</strong>, the front lip provides lightweight construction and a refined motorsport-inspired aesthetic without altering the original styling concept.</p> <h2>Compatibility</h2> <p>Lamborghini <strong>Urus Performante</strong><br><em>(Not compatible with Urus S)</em></p> <h2>Key Features</h2> <ul> <li> <p>Front lip in original OEM look</p> </li> <li> <p>Designed exclusively for Urus Performante</p> </li> <li> <p>Manufactured from premium carbon fiber</p> </li> <li> <p>Visible carbon finish for a high-end performance appearance</p> </li> <li> <p>Lightweight and durable construction</p> </li> <li> <p>OEM-level integration and precise fitment</p> </li> </ul> <h2>Included Components</h2> <ul> <li> <p>Front lip – original look version</p> </li> <li> <p>Required mounting / installation material (as supplied by NOVITEC)</p> </li> </ul> <h2>Technical Details</h2> <ul> <li> <p>Manufacturer: NOVITEC</p> </li> <li> <p>Product Type: Front Lip</p> </li> <li> <p>Version: Original Look</p> </li> <li> <p>Vehicle Application: Urus Performante</p> </li> <li> <p>Material: Carbon Fiber</p> </li> <li> <p>Finish: Visible Carbon</p> </li> </ul> <h2>Installation</h2> <p>Professional installation is strongly recommended to ensure correct alignment and secure mounting.</p> <h2>Part Number</h2> <ul> <li> <p><strong>L6 333 90</strong></p> </li> </ul> <h2>Special Order</h2> <p>Lead time approximately <strong>4–6 weeks</strong></p>",Novitec,Aerodynamics,"brand_novitec, car_lamborghini, category_aerodynamic, condition_new, install_available, model_urus_performante, model_urus_s, pricing_buy_now",TRUE,Variant,Visible Carbon,L6 333 90,0,shopify,6,deny,manual,9900.00,TRUE,TRUE,https://cdn.shopify.com/s/files/1/0701/4472/0949/files/Screenshot2026-01-06at00.26.30.png,1,Front Lip - Lamborghini Urus Performante - L6 333 90 - Novitec,FALSE,active
novitec-urus-l6-333-90,,,,,,,,Forged Visible Carbon,L6 333 90-2,0,shopify,6,deny,manual,9900.00,TRUE,TRUE,,,,,
novitec-urus-l6-333-90,,,,,,,,,,,,,,,,,,https://cdn.shopify.com/s/files/1/0701/4472/0949/files/Screenshot2026-01-06at00.26.55.png,2,Front Lip - Lamborghini Urus Performante - L6 333 90 - Novitec,,
novitec-urus-l6-333-90,,,,,,,,,,,,,,,,,,https://cdn.shopify.com/s/files/1/0701/4472/0949/files/Screenshot_2026-01-15_at_00.30.11_df9037c1-74d2-4b4b-b857-33ba5b67e150.png,3,Front Lip - Lamborghini Urus Performante - L6 333 90 - Novitec,,
novitec-urus-l6-333-71,Center Part Front Bumper - Lamborghini Urus S & Performante - L6 333 71 - Novitec,"<h2>Description</h2> <p>The <strong>NOVITEC Center Part – Front Bumper (Original Look – Visible Carbon)</strong> for the <strong>Lamborghini Urus S</strong>enhances the factory front bumper with a premium carbon fiber finish while retaining the original OEM design. Developed specifically for the Urus S, this component preserves the stock styling language while adding a refined and performance-focused visual upgrade.</p> <p>Manufactured from high-quality <strong>carbon fiber</strong> and finished in <strong>visible carbon</strong>, the center front bumper part delivers lightweight construction and a subtle yet distinctive motorsport-inspired appearance.</p> <h2>Compatibility</h2> <p>Lamborghini <strong>Urus S</strong><br><em>(Not compatible with Urus Performante)</em></p> <h2>Key Features</h2> <ul> <li> <p>Center part for front bumper in original OEM look</p> </li> <li> <p>Designed exclusively for Urus S</p> </li> <li> <p>Manufactured from premium carbon fiber</p> </li> <li> <p>Visible carbon finish for a high-end performance appearance</p> </li> <li> <p>Lightweight and durable construction</p> </li> <li> <p>OEM-level integration and precise fitment</p> </li> </ul> <h2>Included Components</h2> <ul> <li> <p>Center part – front bumper (original look version)</p> </li> <li> <p>Required mounting / installation material (as supplied by NOVITEC)</p> </li> </ul> <h2>Technical Details</h2> <ul> <li> <p>Manufacturer: NOVITEC</p> </li> <li> <p>Product Type: Front Bumper Center Part</p> </li> <li> <p>Version: Original Look</p> </li> <li> <p>Vehicle Application: Urus S</p> </li> <li> <p>Material: Carbon Fiber</p> </li> <li> <p>Finish: Visible Carbon</p> </li> </ul> <h2>Installation</h2> <p>Professional installation is strongly recommended to ensure precise alignment and secure mounting.</p> <h2>Part Number</h2> <ul> <li> <p><strong>L6 333 71</strong></p> </li> </ul> <h2>Special Order</h2> <p>Lead time approximately <strong>4–6 weeks</strong></p>",Novitec,Aerodynamics,"brand_novitec, car_lamborghini, category_aerodynamic, condition_new, install_available, model_urus_performante, model_urus_s, pricing_buy_now",TRUE,Variant,Visible Carbon,L6 333 71,0,shopify,3,deny,manual,7900.00,TRUE,TRUE,https://cdn.shopify.com/s/files/1/0701/4472/0949/files/Screenshot2026-01-05at22.51.19.png,1,Center Part Front Bumper - Lamborghini Urus S & Performante - L6 333 71 - Novitec,FALSE,active
novitec-urus-l6-333-71,,,,,,,,Forged Visible Carbon,L6 333 71-2,0,shopify,2,deny,manual,7900.00,TRUE,TRUE,,,,,
novitec-urus-l6-333-71,,,,,,,,,,,,,,,,,,https://cdn.shopify.com/s/files/1/0701/4472/0949/files/Screenshot_2026-01-15_at_00.30.11_df9037c1-74d2-4b4b-b857-33ba5b67e150.png,2,Center Part Front Bumper - Lamborghini Urus S & Performante - L6 333 71 - Novitec,,
novitec-urus-l6-333-71,,,,,,,,,,,,,,,,,,https://cdn.shopify.com/s/files/1/0701/4472/0949/files/Screenshot_2026-01-15_at_00.39.36_9cc53bc5-44b6-40b1-a668-0dd658c0884f.png,3,Center Part Front Bumper - Lamborghini Urus S & Performante - L6 333 71 - Novitec,,
novitec-urus-l6-333-95,Rear Bumper Cover Center Position - Lamborghini Urus S & Performante - L6 333 95 - Novitec,"<p> </p> <h2>Description</h2> <p>The <strong>NOVITEC Rear Bumper Cover – Center Position (Visible Carbon)</strong> for the <strong>Lamborghini Urus S and Lamborghini Urus Performante</strong> enhances the central rear section with a sharper and more performance-driven appearance. Designed to integrate seamlessly into the factory rear bumper layout, this component adds premium carbon detailing and reinforces the aggressive styling of the Urus.</p> <p>Manufactured from high-quality <strong>carbon fiber</strong> and finished in <strong>visible carbon</strong>, the center rear bumper cover delivers lightweight construction and a refined motorsport-inspired aesthetic that complements other NOVITEC rear aerodynamic elements.</p> <h2>Compatibility</h2> <p>Lamborghini <strong>Urus S</strong><br>Lamborghini <strong>Urus Performante</strong></p> <h2>Key Features</h2> <ul> <li> <p>Rear bumper cover – center position</p> </li> <li> <p>Manufactured from premium carbon fiber</p> </li> <li> <p>Visible carbon finish for a high-end performance look</p> </li> <li> <p>Lightweight and durable construction</p> </li> <li> <p>OEM-level integration and precise fitment</p> </li> <li> <p>Designed to complement NOVITEC rear diffuser and side covers</p> </li> </ul> <h2>Included Components</h2> <ul> <li> <p>Rear bumper cover – center position</p> </li> <li> <p>Required mounting / installation material (as supplied by NOVITEC)</p> </li> </ul> <h2>Technical Details</h2> <ul> <li> <p>Manufacturer: NOVITEC</p> </li> <li> <p>Product Type: Rear Bumper Cover</p> </li> <li> <p>Position: Center</p> </li> <li> <p>Material: Carbon Fiber</p> </li> <li> <p>Finish: Visible Carbon</p> </li> </ul> <h2>Installation</h2> <p>Professional installation is strongly recommended to ensure correct alignment and secure mounting.</p> <h2>Part Number</h2> <ul> <li> <p><strong>L6 333 95</strong></p> </li> </ul> <h2>Special Order</h2> <p>Lead time approximately <strong>4–6 weeks</strong></p>",Novitec,Aerodynamics,"brand_novitec, car_lamborghini, category_aerodynamic, condition_new, install_available, model_urus_performante, model_urus_s, pricing_buy_now",TRUE,Variant,Visible Carbon,L6 333 95,0,shopify,2,deny,manual,5900.00,TRUE,TRUE,https://cdn.shopify.com/s/files/1/0701/4472/0949/files/Screenshot2026-01-05at23.03.14.png,1,Rear Bumper Cover Center Position - Lamborghini Urus S & Performante - L6 333 95 - Novitec,FALSE,active
novitec-urus-l6-333-95,,,,,,,,Forged Visible Carbon,L6 333 95-2,0,shopify,1,deny,manual,5900.00,TRUE,TRUE,,,,,
novitec-urus-l6-333-95,,,,,,,,,,,,,,,,,,https://cdn.shopify.com/s/files/1/0701/4472/0949/files/Screenshot2026-01-05at23.03.54.png,2,Rear Bumper Cover Center Position - Lamborghini Urus S & Performante - L6 333 95 - Novitec,,
novitec-urus-l6-333-95,,,,,,,,,,,,,,,,,,https://cdn.shopify.com/s/files/1/0701/4472/0949/files/Screenshot_2026-01-15_at_00.30.11_df9037c1-74d2-4b4b-b857-33ba5b67e150.png,3,Rear Bumper Cover Center Position - Lamborghini Urus S & Performante - L6 333 95 - Novitec,,
novitec-urus-l6-333-86,Rear Bumper Side Covers - Lamborghini Urus S & Performante - L6 333 86 - Novitec,"<h2>Description</h2> <p>The <strong>NOVITEC Rear Bumper Side Covers (Visible Carbon)</strong> for the <strong>Lamborghini Urus S and Lamborghini Urus Performante</strong> enhance the lower rear section with a sharper and more aggressive finish. Designed to integrate seamlessly with the factory rear bumper, these components add refined carbon detailing that strengthens the vehicle’s high-performance appearance.</p> <p>Manufactured from premium <strong>carbon fiber</strong> and finished in <strong>visible carbon</strong>, the rear bumper side covers deliver lightweight construction and a distinctive motorsport-inspired aesthetic, perfectly complementing other NOVITEC rear aerodynamic upgrades.</p> <h2>Compatibility</h2> <p>Lamborghini <strong>Urus S</strong><br>Lamborghini <strong>Urus Performante</strong></p> <h2>Key Features</h2> <ul> <li> <p>Rear bumper side covers for enhanced rear styling</p> </li> <li> <p>Manufactured from high-quality carbon fiber</p> </li> <li> <p>Visible carbon finish for a premium performance look</p> </li> <li> <p>Lightweight and durable construction</p> </li> <li> <p>OEM-level integration and precise fitment</p> </li> <li> <p>Designed to complement NOVITEC rear diffuser and spoiler components</p> </li> </ul> <h2>Included Components</h2> <ul> <li> <p>Rear bumper side covers (left &amp; right)</p> </li> <li> <p>Required mounting / installation material (as supplied by NOVITEC)</p> </li> </ul> <h2>Technical Details</h2> <ul> <li> <p>Manufacturer: NOVITEC</p> </li> <li> <p>Product Type: Rear Bumper Side Covers</p> </li> <li> <p>Material: Carbon Fiber</p> </li> <li> <p>Finish: Visible Carbon</p> </li> </ul> <h2>Installation</h2> <p>Professional installation is strongly recommended to ensure precise alignment and secure mounting.</p> <h2>Part Number</h2> <ul> <li> <p><strong>L6 333 86</strong></p> </li> </ul> <h2>Special Order</h2> <p>Lead time approximately <strong>4–6 weeks</strong></p>",Novitec,Aerodynamics,"brand_novitec, car_lamborghini, category_aerodynamic, condition_new, install_available, model_urus_performante, model_urus_s, pricing_buy_now",TRUE,Variant,Visible Carbon,L6 333 86,0,shopify,4,deny,manual,5900.00,TRUE,TRUE,https://cdn.shopify.com/s/files/1/0701/4472/0949/files/Screenshot2026-01-05at22.57.58.png,1,Rear Bumper Side Covers - Lamborghini Urus S & Performante - L6 333 86 - Novitec,FALSE,active
novitec-urus-l6-333-86,,,,,,,,Forged Visible Carbon,L6 333 86-2,0,shopify,3,deny,manual,5900.00,TRUE,TRUE,,,,,
novitec-urus-l6-333-86,,,,,,,,,,,,,,,,,,https://cdn.shopify.com/s/files/1/0701/4472/0949/files/Screenshot2026-01-05at22.58.32.png,2,Rear Bumper Side Covers - Lamborghini Urus S & Performante - L6 333 86 - Novitec,,
novitec-urus-l6-333-86,,,,,,,,,,,,,,,,,,https://cdn.shopify.com/s/files/1/0701/4472/0949/files/Screenshot_2026-01-15_at_00.30.11_df9037c1-74d2-4b4b-b857-33ba5b67e150.png,3,Rear Bumper Side Covers - Lamborghini Urus S & Performante - L6 333 86 - Novitec,,
novitec-urus-l6-333-85,Rear Diffuser - Lamborghini Urus S & Performante - L6 333 85 - Novitec,"<h2>Description</h2> <p>The <strong>NOVITEC Rear Diffuser (Visible Carbon)</strong> for the <strong>Lamborghini Urus S and Lamborghini Urus Performante</strong>enhances the rear bumper with a more aggressive and aerodynamically refined design. Engineered specifically for vehicles <strong>without a tow bar</strong>, this component integrates seamlessly into the factory rear bumper layout while delivering a stronger performance-focused presence.</p> <p>Manufactured from premium <strong>carbon fiber</strong> and finished in <strong>visible carbon</strong>, the diffuser combines lightweight construction with a bold motorsport-inspired aesthetic, perfectly complementing other NOVITEC rear aerodynamic components.</p> <h2>Compatibility</h2> <p>Lamborghini <strong>Urus S</strong><br>Lamborghini <strong>Urus Performante</strong><br><em>(Only for vehicles without tow bar)</em></p> <h2>Key Features</h2> <ul> <li> <p>Rear diffuser designed for vehicles without tow bar</p> </li> <li> <p>Manufactured from high-quality carbon fiber</p> </li> <li> <p>Visible carbon finish for a premium performance look</p> </li> <li> <p>Lightweight and durable construction</p> </li> <li> <p>OEM-level integration and precise fitment</p> </li> <li> <p>Enhances rear aerodynamics and aggressive styling</p> </li> </ul> <h2>Included Components</h2> <ul> <li> <p>Rear diffuser</p> </li> <li> <p>Required mounting / installation material (as supplied by NOVITEC)</p> </li> </ul> <h2>Technical Details</h2> <ul> <li> <p>Manufacturer: NOVITEC</p> </li> <li> <p>Product Type: Rear Diffuser</p> </li> <li> <p>Vehicle Requirement: Without tow bar</p> </li> <li> <p>Material: Carbon Fiber</p> </li> <li> <p>Finish: Visible Carbon</p> </li> </ul> <h2>Installation</h2> <p>Professional installation is strongly recommended to ensure compatibility verification, proper alignment, and secure mounting.</p> <h2>Part Number</h2> <ul> <li> <p><strong>L6 333 85</strong></p> </li> </ul> <h2>Special Order</h2> <p>Lead time approximately <strong>4–6 weeks</strong></p>",Novitec,Aerodynamics,"brand_novitec, car_lamborghini, category_aerodynamic, condition_new, install_available, model_urus_performante, model_urus_s, pricing_buy_now",TRUE,Variant,Visible Carbon,L6 333 85,0,shopify,1,deny,manual,17900.00,TRUE,TRUE,https://cdn.shopify.com/s/files/1/0701/4472/0949/files/Screenshot2026-01-05at22.56.59.png,1,Rear Diffuser - Lamborghini Urus S & Performante - L6 333 85 - Novitec,FALSE,active
novitec-urus-l6-333-85,,,,,,,,Forged Visible Carbon,L6 333 85-2,0,shopify,5,deny,manual,17900.00,TRUE,TRUE,,,,,
novitec-urus-l6-333-85,,,,,,,,,,,,,,,,,,https://cdn.shopify.com/s/files/1/0701/4472/0949/files/Screenshot2026-01-05at22.57.28.png,2,Rear Diffuser - Lamborghini Urus S & Performante - L6 333 85 - Novitec,,
novitec-urus-l6-333-85,,,,,,,,,,,,,,,,,,https://cdn.shopify.com/s/files/1/0701/4472/0949/files/Screenshot_2026-01-15_at_00.30.11_df9037c1-74d2-4b4b-b857-33ba5b67e150.png,3,Rear Diffuser - Lamborghini Urus S & Performante - L6 333 85 - Novitec,,
novitec-urus-l6-333-84,Roof Spoiler Race - Lamborghini Urus S & Performante - L6 333 84 - Novitec,"<h2>Description</h2> <p>The <strong>NOVITEC Roof Spoiler Race (Visible Carbon)</strong> for the <strong>Lamborghini Urus S and Lamborghini Urus Performante</strong> delivers a more aggressive and track-inspired appearance compared to the standard version. Designed to enhance rear-end aerodynamics and visual presence, the Race version emphasizes the sporty character of the Urus with a sharper and more dynamic profile.</p> <p>Manufactured from premium <strong>carbon fiber</strong> and finished in <strong>visible carbon</strong>, this component combines lightweight performance construction with an unmistakable motorsport aesthetic.</p> <h2>Compatibility</h2> <p>Lamborghini <strong>Urus S</strong><br>Lamborghini <strong>Urus Performante</strong></p> <h2>Key Features</h2> <ul> <li> <p>Race version roof spoiler for enhanced sporty styling</p> </li> <li> <p>Manufactured from high-quality carbon fiber</p> </li> <li> <p>Visible carbon finish for a premium motorsport look</p> </li> <li> <p>Lightweight and durable construction</p> </li> <li> <p>OEM-level integration and precise fitment</p> </li> <li> <p>Enhances rear aerodynamics and high-performance appearance</p> </li> </ul> <h2>Included Components</h2> <ul> <li> <p>Roof spoiler – Race version</p> </li> <li> <p>Required mounting / installation material (as supplied by NOVITEC)</p> </li> </ul> <h2>Technical Details</h2> <ul> <li> <p>Manufacturer: NOVITEC</p> </li> <li> <p>Product Type: Roof Spoiler</p> </li> <li> <p>Version: Race</p> </li> <li> <p>Material: Carbon Fiber</p> </li> <li> <p>Finish: Visible Carbon</p> </li> </ul> <h2>Installation</h2> <p>Professional installation is strongly recommended to ensure correct alignment and secure mounting.</p> <h2>Part Number</h2> <ul> <li> <p><strong>L6 333 84</strong></p> </li> </ul> <h2>Special Order</h2> <p>Lead time approximately <strong>4–6 weeks</strong></p>",Novitec,Aerodynamics,"brand_novitec, car_lamborghini, category_aerodynamic, condition_new, install_available, model_urus_performante, model_urus_s, pricing_buy_now",TRUE,Variant,Visible Carbon,L6 333 84,0,shopify,4,deny,manual,16900.00,TRUE,TRUE,https://cdn.shopify.com/s/files/1/0701/4472/0949/files/Screenshot2026-01-05at22.55.52.png,1,Roof Spoiler Race - Lamborghini Urus S & Performante - L6 333 84 - Novitec,FALSE,active
novitec-urus-l6-333-84,,,,,,,,Forged Visible Carbon,L6 333 84-2,0,shopify,3,deny,manual,16900.00,TRUE,TRUE,,,,,
novitec-urus-l6-333-84,,,,,,,,,,,,,,,,,,https://cdn.shopify.com/s/files/1/0701/4472/0949/files/Screenshot2026-01-05at22.56.31.png,2,Roof Spoiler Race - Lamborghini Urus S & Performante - L6 333 84 - Novitec,,
novitec-urus-l6-333-84,,,,,,,,,,,,,,,,,,https://cdn.shopify.com/s/files/1/0701/4472/0949/files/Screenshot_2026-01-15_at_00.30.11_df9037c1-74d2-4b4b-b857-33ba5b67e150.png,3,Roof Spoiler Race - Lamborghini Urus S & Performante - L6 333 84 - Novitec,,
novitec-urus-l6-333-74,Cover Roofspoiler (Original look) - Lamborghini Urus S - L6 333 74 - Novitec,"<h2>Description</h2> <p>The <strong>NOVITEC Roof Spoiler Cover (Original Look – Visible Carbon)</strong> for the <strong>Lamborghini Urus S</strong> enhances the factory roof spoiler with a refined carbon fiber finish while retaining the original OEM design. This component is designed to overlay the existing roof spoiler, preserving the factory shape while upgrading the visual impact with premium visible carbon.</p> <p>Manufactured from high-quality <strong>carbon fiber</strong> and delivered in <strong>visible carbon</strong>, it adds a subtle yet distinctive motorsport-inspired touch to the rear profile.</p> <h2>Compatibility</h2> <p>Lamborghini <strong>Urus S</strong><br><em>(Not compatible with Urus Performante)</em></p> <h2>Key Features</h2> <ul> <li> <p>Roof spoiler cover in original OEM look</p> </li> <li> <p>Designed specifically for Urus S</p> </li> <li> <p>Manufactured from premium carbon fiber</p> </li> <li> <p>Visible carbon finish for a high-end performance appearance</p> </li> <li> <p>Lightweight and durable construction</p> </li> <li> <p>OEM-level integration and precise fitment</p> </li> </ul> <h2>Included Components</h2> <ul> <li> <p>Roof spoiler cover (original look version)</p> </li> <li> <p>Required mounting / installation material (as supplied by NOVITEC)</p> </li> </ul> <h2>Technical Details</h2> <ul> <li> <p>Manufacturer: NOVITEC</p> </li> <li> <p>Product Type: Roof Spoiler Cover</p> </li> <li> <p>Version: Original Look</p> </li> <li> <p>Vehicle Application: Urus S</p> </li> <li> <p>Material: Carbon Fiber</p> </li> <li> <p>Finish: Visible Carbon</p> </li> </ul> <h2>Installation</h2> <p>Professional installation is strongly recommended to ensure precise alignment and secure bonding to the original spoiler.</p> <h2>Part Number</h2> <ul> <li> <p><strong>L6 333 74</strong></p> </li> </ul> <h2>Special Order</h2> <p>Lead time approximately <strong>4–6 weeks</strong></p> <p> </p>",Novitec,Aerodynamics,"brand_novitec, car_lamborghini, category_aerodynamic, condition_new, install_available, model_urus_performante, model_urus_s, pricing_buy_now",TRUE,Variant,Visible Carbon,L6 333 74,0,shopify,5,deny,manual,5900.00,TRUE,TRUE,https://cdn.shopify.com/s/files/1/0701/4472/0949/files/Screenshot2026-01-05at22.52.24.png,1,Cover Roofspoiler (Original look) - Lamborghini Urus S - L6 333 74 - Novitec,FALSE,active
novitec-urus-l6-333-74,,,,,,,,Forged Visible Carbon,L6 333 74-2,0,shopify,4,deny,manual,5900.00,TRUE,TRUE,,,,,
novitec-urus-l6-333-74,,,,,,,,,,,,,,,,,,https://cdn.shopify.com/s/files/1/0701/4472/0949/files/Screenshot2026-01-05at22.52.47.png,2,Cover Roofspoiler (Original look) - Lamborghini Urus S - L6 333 74 - Novitec,,
novitec-urus-l6-333-74,,,,,,,,,,,,,,,,,,https://cdn.shopify.com/s/files/1/0701/4472/0949/files/Screenshot_2026-01-15_at_00.30.11_df9037c1-74d2-4b4b-b857-33ba5b67e150.png,3,Cover Roofspoiler (Original look) - Lamborghini Urus S - L6 333 74 - Novitec,,
novitec-urus-l6-333-70,Trunk Lid Cover - Lamborghini Urus S & Performante - L6 333 70 - Novitec,"<h2>Description</h2> <p>The <strong>NOVITEC Trunk Lid Cover (Visible Carbon)</strong> for the <strong>Lamborghini Urus S and Lamborghini Urus Performante</strong> enhances the rear section with a refined and aggressive motorsport-inspired finish. Designed to integrate seamlessly with the factory tailgate, this component adds visual depth and premium carbon detailing to the rear profile.</p> <p>Manufactured from high-quality <strong>carbon fiber</strong> and delivered in <strong>visible carbon</strong>, the trunk lid cover offers lightweight construction and an unmistakable high-performance aesthetic consistent with NOVITEC’s design language.</p> <h2>Compatibility</h2> <p>Lamborghini <strong>Urus S</strong><br>Lamborghini <strong>Urus Performante</strong></p> <h2>Key Features</h2> <ul> <li> <p>Trunk lid cover for enhanced rear styling</p> </li> <li> <p>Manufactured from premium carbon fiber</p> </li> <li> <p>Visible carbon finish for a high-end performance look</p> </li> <li> <p>Lightweight and durable construction</p> </li> <li> <p>OEM-level fitment and integration</p> </li> <li> <p>Complements other NOVITEC aerodynamic components</p> </li> </ul> <h2>Included Components</h2> <ul> <li> <p>Trunk lid cover</p> </li> <li> <p>Required mounting / installation material (as supplied by NOVITEC)</p> </li> </ul> <h2>Technical Details</h2> <ul> <li> <p>Manufacturer: NOVITEC</p> </li> <li> <p>Product Type: Trunk Lid Cover</p> </li> <li> <p>Material: Carbon Fiber</p> </li> <li> <p>Finish: Visible Carbon</p> </li> </ul> <h2>Installation</h2> <p>Professional installation is strongly recommended to ensure proper alignment and secure mounting.</p> <h2>Part Number</h2> <ul> <li> <p><strong>L6 333 70</strong></p> </li> </ul> <h2>Special Order</h2> <p>Lead time approximately <strong>4–6 weeks</strong></p>",Novitec,Aerodynamics,"brand_novitec, car_lamborghini, category_aerodynamic, condition_new, install_available, model_urus_performante, model_urus_s, pricing_buy_now",TRUE,Variant,Visible Carbon,L6 333 70,0,shopify,2,deny,manual,5900.00,TRUE,TRUE,https://cdn.shopify.com/s/files/1/0701/4472/0949/files/Screenshot2026-01-05at22.48.48.png,1,Trunk Lid Cover - Lamborghini Urus S & Performante - L6 333 70 - Novitec,FALSE,active
novitec-urus-l6-333-70,,,,,,,,Forged Visible Carbon,L6 333 70-2,0,shopify,4,deny,manual,5900.00,TRUE,TRUE,,,,,
novitec-urus-l6-333-70,,,,,,,,,,,,,,,,,,https://cdn.shopify.com/s/files/1/0701/4472/0949/files/Screenshot2026-01-05at22.50.54.png,2,Trunk Lid Cover - Lamborghini Urus S & Performante - L6 333 70 - Novitec,,
novitec-urus-l6-333-70,,,,,,,,,,,,,,,,,,https://cdn.shopify.com/s/files/1/0701/4472/0949/files/Screenshot_2026-01-15_at_00.30.11_df9037c1-74d2-4b4b-b857-33ba5b67e150.png,3,Trunk Lid Cover - Lamborghini Urus S & Performante - L6 333 70 - Novitec,,
novitec-urus-l6-333-56,Roof Spoiler - Lamborghini Urus S - L6 333 56 - Novitec,"<p> </p> <h2>Description</h2> <p>The <strong>NOVITEC Roof Spoiler (Visible Carbon)</strong> for the <strong>Lamborghini Urus S</strong> enhances the upper rear profile with a sharper and more performance-oriented appearance. Developed specifically for the Urus S, this component adds aerodynamic emphasis while maintaining seamless OEM-level integration with the factory tailgate and roofline.</p> <p>Manufactured from premium <strong>carbon fiber</strong> and finished in <strong>visible carbon</strong>, the roof spoiler delivers lightweight construction and a refined motorsport-inspired aesthetic that perfectly complements other NOVITEC aerodynamic upgrades.</p> <h2>Compatibility</h2> <p>Lamborghini <strong>Urus S</strong><br><em>(Not compatible with Urus Performante)</em></p> <h2>Key Features</h2> <ul> <li> <p>Roof spoiler designed specifically for Urus S</p> </li> <li> <p>Manufactured from high-quality carbon fiber</p> </li> <li> <p>Visible carbon finish for a premium performance look</p> </li> <li> <p>Lightweight and durable construction</p> </li> <li> <p>OEM-level integration and precise fitment</p> </li> <li> <p>Enhances rear aerodynamics and visual presence</p> </li> </ul> <h2>Included Components</h2> <ul> <li> <p>Roof spoiler</p> </li> <li> <p>Required mounting / installation material (as supplied by NOVITEC)</p> </li> </ul> <h2>Technical Details</h2> <ul> <li> <p>Manufacturer: NOVITEC</p> </li> <li> <p>Product Type: Roof Spoiler</p> </li> <li> <p>Vehicle Application: Urus S</p> </li> <li> <p>Material: Carbon Fiber</p> </li> <li> <p>Finish: Visible Carbon</p> </li> </ul> <h2>Installation</h2> <p>Professional installation is strongly recommended to ensure proper alignment and secure mounting.</p> <h2>Part Number</h2> <ul> <li> <p><strong>L6 333 56</strong></p> </li> </ul> <h2>Special Order</h2> <p>Lead time approximately <strong>4–6 weeks</strong></p>",Novitec,Aerodynamics,"brand_novitec, car_lamborghini, category_aerodynamic, condition_new, install_available, model_urus_performante, model_urus_s, pricing_buy_now",TRUE,Variant,Visible Carbon,L6 333 56,0,shopify,2,deny,manual,11900.00,TRUE,TRUE,https://cdn.shopify.com/s/files/1/0701/4472/0949/files/Screenshot2026-01-05at22.47.43.png,1,Roof Spoiler - Lamborghini Urus S - L6 333 56 - Novitec,FALSE,active
novitec-urus-l6-333-56,,,,,,,,Forged Visible Carbon,L6 333 56-2,0,shopify,1,deny,manual,11900.00,TRUE,TRUE,,,,,
novitec-urus-l6-333-56,,,,,,,,,,,,,,,,,,https://cdn.shopify.com/s/files/1/0701/4472/0949/files/Screenshot2026-01-05at22.48.11.png,2,Roof Spoiler - Lamborghini Urus S - L6 333 56 - Novitec,,
novitec-urus-l6-333-56,,,,,,,,,,,,,,,,,,https://cdn.shopify.com/s/files/1/0701/4472/0949/files/Screenshot_2026-01-15_at_00.30.11_df9037c1-74d2-4b4b-b857-33ba5b67e150.png,3,Roof Spoiler - Lamborghini Urus S - L6 333 56 - Novitec,,
novitec-urus-l6-333-55,Rear Spoiler - Lamborghini Urus S & Performante - L6 333 55 - Novitec,"<p> </p> <h2>Description</h2> <p>The <strong>NOVITEC Rear Spoiler (Visible Carbon)</strong> for the <strong>Lamborghini Urus S and Lamborghini Urus Performante</strong>enhances the rear profile with a more aggressive and performance-focused appearance. Designed to integrate seamlessly with the factory tailgate, this aerodynamic component adds visual presence while complementing the Urus’ sporty character.</p> <p>Manufactured from premium <strong>carbon fiber</strong> and finished in <strong>visible carbon</strong>, the rear spoiler offers lightweight construction and a refined motorsport aesthetic consistent with NOVITEC’s high-performance design philosophy.</p> <h2>Compatibility</h2> <p>Lamborghini <strong>Urus S</strong><br>Lamborghini <strong>Urus Performante</strong></p> <h2>Key Features</h2> <ul> <li> <p>Rear spoiler for enhanced rear-end styling</p> </li> <li> <p>Manufactured from high-quality carbon fiber</p> </li> <li> <p>Visible carbon finish for a premium performance look</p> </li> <li> <p>Lightweight and durable construction</p> </li> <li> <p>OEM-level fitment and integration</p> </li> <li> <p>Complements other NOVITEC aerodynamic components</p> </li> </ul> <h2>Included Components</h2> <ul> <li> <p>Rear spoiler</p> </li> <li> <p>Required mounting / installation material (as supplied by NOVITEC)</p> </li> </ul> <h2>Technical Details</h2> <ul> <li> <p>Manufacturer: NOVITEC</p> </li> <li> <p>Product Type: Rear Spoiler</p> </li> <li> <p>Material: Carbon Fiber</p> </li> <li> <p>Finish: Visible Carbon</p> </li> </ul> <h2>Installation</h2> <p>Professional installation is strongly recommended to ensure proper alignment and secure mounting.</p> <h2>Part Number</h2> <ul> <li> <p><strong>L6 333 55</strong></p> </li> </ul> <h2>Special Order</h2> <p>Lead time approximately <strong>4–6 weeks</strong></p>",Novitec,Aerodynamics,"brand_novitec, car_lamborghini, category_aerodynamic, condition_new, install_available, model_urus_performante, model_urus_s, pricing_buy_now",TRUE,Variant,Visible Carbon,L6 333 55,0,shopify,6,deny,manual,9900.00,TRUE,TRUE,https://cdn.shopify.com/s/files/1/0701/4472/0949/files/Screenshot2026-01-05at22.46.25.png,1,Rear Spoiler - Lamborghini Urus S & Performante - L6 333 55 - Novitec,FALSE,active
novitec-urus-l6-333-55,,,,,,,,Forged Visible Carbon,L6 333 55-2,0,shopify,4,deny,manual,9900.00,TRUE,TRUE,,,,,
novitec-urus-l6-333-55,,,,,,,,,,,,,,,,,,https://cdn.shopify.com/s/files/1/0701/4472/0949/files/Screenshot2026-01-05at22.46.54.png,2,Rear Spoiler - Lamborghini Urus S & Performante - L6 333 55 - Novitec,,
novitec-urus-l6-333-55,,,,,,,,,,,,,,,,,,https://cdn.shopify.com/s/files/1/0701/4472/0949/files/Screenshot_2026-01-15_at_00.30.11_df9037c1-74d2-4b4b-b857-33ba5b67e150.png,3,Rear Spoiler - Lamborghini Urus S & Performante - L6 333 55 - Novitec,,
novitec-urus-l6-333-54,Fender Attachment - Lamborghini Urus S & Performante - L6 333 54 - Novitec,"<h2>Description</h2> <p>The <strong>NOVITEC Fender Attachment (Visible Carbon)</strong> for the <strong>Lamborghini Urus S and Lamborghini Urus Performante</strong> enhances the vehicle’s side profile with a sharper and more aggressive design. Developed to integrate seamlessly with the factory body lines, this component adds visual width and a distinctive performance-oriented touch.</p> <p>Manufactured from premium <strong>carbon fiber</strong> and finished in <strong>visible carbon</strong>, the fender attachment delivers lightweight construction combined with a refined motorsport aesthetic.</p> <h2>Compatibility</h2> <p>Lamborghini <strong>Urus S</strong><br>Lamborghini <strong>Urus Performante</strong></p> <h2>Key Features</h2> <ul> <li> <p>Fender attachment for enhanced side styling</p> </li> <li> <p>Manufactured from high-quality carbon fiber</p> </li> <li> <p>Visible carbon finish for a premium performance look</p> </li> <li> <p>Lightweight and durable construction</p> </li> <li> <p>OEM-level integration and precise fitment</p> </li> <li> <p>Designed to complement other NOVITEC aerodynamic components</p> </li> </ul> <h2>Included Components</h2> <ul> <li> <p>Fender attachment set</p> </li> <li> <p>Required mounting / installation material (as supplied by NOVITEC)</p> </li> </ul> <h2>Technical Details</h2> <ul> <li> <p>Manufacturer: NOVITEC</p> </li> <li> <p>Product Type: Fender Attachment</p> </li> <li> <p>Material: Carbon Fiber</p> </li> <li> <p>Finish: Visible Carbon</p> </li> </ul> <h2>Installation</h2> <p>Professional installation is strongly recommended to ensure precise alignment and secure mounting.</p> <h2>Part Number</h2> <ul> <li> <p><strong>L6 333 54</strong></p> </li> </ul> <h2>Special Order</h2> <p>Lead time approximately <strong>4–6 weeks</strong></p>",Novitec,Aerodynamics,"brand_novitec, car_lamborghini, category_aerodynamic, condition_new, install_available, model_urus_performante, model_urus_s, pricing_buy_now",TRUE,Variant,Visible Carbon,L6 333 54,0,shopify,1,deny,manual,6900.00,TRUE,TRUE,https://cdn.shopify.com/s/files/1/0701/4472/0949/files/Screenshot2026-01-05at22.45.24.png,1,Fender Attachment - Lamborghini Urus S & Performante - L6 333 54 - Novitec,FALSE,active
novitec-urus-l6-333-54,,,,,,,,Forged Visible Carbon,L6-333-54,0,shopify,6,deny,manual,6900.00,TRUE,TRUE,,,,,
novitec-urus-l6-333-54,,,,,,,,,,,,,,,,,,https://cdn.shopify.com/s/files/1/0701/4472/0949/files/Screenshot2026-01-05at22.46.04.png,2,Fender Attachment - Lamborghini Urus S & Performante - L6 333 54 - Novitec,,
novitec-urus-l6-333-54,,,,,,,,,,,,,,,,,,https://cdn.shopify.com/s/files/1/0701/4472/0949/files/Screenshot_2026-01-15_at_00.30.11_df9037c1-74d2-4b4b-b857-33ba5b67e150.png,3,Fender Attachment - Lamborghini Urus S & Performante - L6 333 54 - Novitec,,
novitec-urus-l6-333-53,Mirror Covers - Lamborghini Urus S & Performante - L6 333 53 - Novitec,"<h2>Description</h2> <p>The <strong>NOVITEC Mirror Covers (Visible Carbon)</strong> for the <strong>Lamborghini Urus S and Lamborghini Urus Performante</strong>provide a refined yet aggressive exterior upgrade, enhancing the vehicle’s side profile with a premium motorsport-inspired finish. Designed specifically for vehicles equipped with <strong>Blind Spot Assistant (PGU)</strong>, these covers ensure full compatibility while maintaining seamless OEM-level integration.</p> <p>Manufactured from high-quality <strong>carbon fiber</strong> and finished in <strong>visible carbon</strong>, they deliver lightweight performance styling with an unmistakable NOVITEC aesthetic.</p> <h2>Compatibility</h2> <p>Lamborghini <strong>Urus S</strong><br>Lamborghini <strong>Urus Performante</strong><br><em>(Only for vehicles equipped with Blind Spot Assistant – PGU)</em></p> <h2>Key Features</h2> <ul> <li> <p>Mirror covers designed for vehicles with Blind Spot Assistant (PGU)</p> </li> <li> <p>Manufactured from premium carbon fiber</p> </li> <li> <p>Visible carbon finish for a high-end performance look</p> </li> <li> <p>Lightweight and durable construction</p> </li> <li> <p>Precise OEM-level fitment and integration</p> </li> <li> <p>Enhances the side profile with a motorsport-inspired aesthetic</p> </li> </ul> <h2>Included Components</h2> <ul> <li> <p>Mirror covers (left &amp; right)</p> </li> <li> <p>Required mounting / installation components (as supplied by NOVITEC)</p> </li> </ul> <h2>Technical Details</h2> <ul> <li> <p>Manufacturer: NOVITEC</p> </li> <li> <p>Product Type: Mirror Covers</p> </li> <li> <p>Vehicle Requirement: Blind Spot Assistant (PGU)</p> </li> <li> <p>Material: Carbon Fiber</p> </li> <li> <p>Finish: Visible Carbon</p> </li> </ul> <h2>Installation</h2> <p>Professional installation is strongly recommended to ensure correct compatibility verification and proper mounting.</p> <h2>Part Number</h2> <ul> <li> <p><strong>L6 333 53</strong></p> </li> </ul> <h2>Special Order</h2> <p>Lead time approximately <strong>4–6 weeks</strong></p>",Novitec,Aerodynamics,"brand_novitec, car_lamborghini, category_aerodynamic, condition_new, install_available, model_urus_performante, model_urus_s, pricing_buy_now",TRUE,Variant,Visible Carbon,L6 333 53,0,shopify,4,deny,manual,5900.00,TRUE,TRUE,https://cdn.shopify.com/s/files/1/0701/4472/0949/files/Screenshot2026-01-05at22.44.24.png,1,Mirror Covers - Lamborghini Urus S & Performante - L6 333 53 - Novitec,FALSE,active
novitec-urus-l6-333-53,,,,,,,,Forged Visible Carbon,L6 333 53-2,0,shopify,4,deny,manual,5900.00,TRUE,TRUE,,,,,
novitec-urus-l6-333-53,,,,,,,,,,,,,,,,,,https://cdn.shopify.com/s/files/1/0701/4472/0949/files/Screenshot2026-01-05at22.44.55.png,2,Mirror Covers - Lamborghini Urus S & Performante - L6 333 53 - Novitec,,
novitec-urus-l6-333-53,,,,,,,,,,,,,,,,,,https://cdn.shopify.com/s/files/1/0701/4472/0949/files/Screenshot_2026-01-15_at_00.30.11_df9037c1-74d2-4b4b-b857-33ba5b67e150.png,3,Mirror Covers - Lamborghini Urus S & Performante - L6 333 53 - Novitec,,
novitec-urus-l6-333-88,Engine Bonnet Full Carbon - Lamborghini Urus S & Performante - L6 333 88 - Novitec,"<h2>Description</h2> <p>The <strong>NOVITEC Engine Bonnet (Full Visible Carbon)</strong> for the <strong>Lamborghini Urus S and Lamborghini Urus Performante</strong> delivers an uncompromising motorsport-inspired upgrade, combining aggressive styling with advanced lightweight construction. Designed for perfect OEM-level integration, this bonnet enhances both the visual presence and performance character of the Urus.</p> <p>Manufactured entirely from premium <strong>carbon fiber</strong> and finished in <strong>full visible carbon</strong>, it offers maximum weight reduction and a striking high-performance aesthetic straight from NOVITEC.</p> <h2>Compatibility</h2> <p>Lamborghini <strong>Urus S</strong><br>Lamborghini <strong>Urus Performante</strong></p> <h2>Key Features</h2> <ul> <li> <p>Complete engine bonnet replacement</p> </li> <li> <p>Full carbon fiber construction</p> </li> <li> <p>Visible carbon finish for a premium motorsport look</p> </li> <li> <p>Lightweight and high-strength design</p> </li> <li> <p>Aggressive performance-inspired styling</p> </li> <li> <p>OEM-level fitment and integration</p> </li> </ul> <h2>Included Components</h2> <ul> <li> <p>Engine bonnet – full visible carbon</p> </li> <li> <p>Required mounting / installation components (as supplied by NOVITEC)</p> </li> </ul> <h2>Technical Details</h2> <ul> <li> <p>Manufacturer: NOVITEC</p> </li> <li> <p>Product Type: Engine Bonnet</p> </li> <li> <p>Material: Carbon Fiber</p> </li> <li> <p>Finish: Full Visible Carbon</p> </li> </ul> <h2>Installation</h2> <p>Professional installation is strongly recommended. Proper alignment and fitting should be carried out by an experienced body specialist to ensure optimal results.</p> <h2>Part Number</h2> <ul> <li> <p><strong>L6 333 88</strong></p> </li> </ul> <h2>Special Order</h2> <p>Lead time approximately <strong>4–6 weeks</strong></p>",Novitec,Aerodynamics,"brand_novitec, car_lamborghini, category_aerodynamic, condition_new, install_available, model_urus_performante, model_urus_s, pricing_buy_now",TRUE,Variant,Visible Carbon,L6 333 88,0,shopify,4,deny,manual,35900.00,TRUE,TRUE,https://cdn.shopify.com/s/files/1/0701/4472/0949/files/Screenshot2026-01-05at23.00.06_e55dff33-2777-4ceb-9939-4e7507e25f60.png,1,Engine Bonnet Full Carbon - Lamborghini Urus S & Performante - L6 333 88 - Novitec,FALSE,active
novitec-urus-l6-333-88,,,,,,,,Forged Visible Carbon,L6 333 88-2,0,shopify,2,deny,manual,35900.00,TRUE,TRUE,,,,,
novitec-urus-l6-333-88,,,,,,,,,,,,,,,,,,https://cdn.shopify.com/s/files/1/0701/4472/0949/files/Screenshot2026-01-05at23.00.41_e2ed37e3-9eed-49ae-9a65-194c108dd081.png,2,Engine Bonnet Full Carbon - Lamborghini Urus S & Performante - L6 333 88 - Novitec,,
novitec-urus-l6-333-88,,,,,,,,,,,,,,,,,,https://cdn.shopify.com/s/files/1/0701/4472/0949/files/Screenshot_2026-01-15_at_00.30.11_df9037c1-74d2-4b4b-b857-33ba5b67e150.png,3,Engine Bonnet Full Carbon - Lamborghini Urus S & Performante - L6 333 88 - Novitec,,
novitec-urus-l6-333-87,Engine Bonnet Primed for Painting / Partial Visible Carbon  - Lamborghini Urus S & Performante - L6 333 87 - Novitec,"<h2>Description</h2> <p>The <strong>NOVITEC Engine Bonnet (Primed for Painting / Partial Visible Carbon)</strong> for the <strong>Lamborghini Urus S and Lamborghini Urus Performante</strong> delivers a dramatic visual upgrade while maintaining OEM-level integration and functionality. Designed to enhance the aggressive character of the Urus, this bonnet combines sculpted performance styling with premium lightweight construction.</p> <p>The component is supplied <strong>primed for painting</strong>, allowing it to be finished in full body color, while selected areas remain in <strong>visible carbon fiber</strong> to create a striking contrast and motorsport-inspired appearance.</p> <h2>Compatibility</h2> <p>Lamborghini <strong>Urus S</strong><br>Lamborghini <strong>Urus Performante</strong></p> <h2>Key Features</h2> <ul> <li> <p>Complete engine bonnet replacement</p> </li> <li> <p>Supplied primed for painting</p> </li> <li> <p>Partial visible carbon sections for a premium contrast finish</p> </li> <li> <p>Manufactured using high-quality lightweight materials</p> </li> <li> <p>Aggressive performance-inspired design</p> </li> <li> <p>OEM-level fitment and integration</p> </li> </ul> <h2>Included Components</h2> <ul> <li> <p>Engine bonnet</p> </li> <li> <p>Required mounting / installation components (as supplied by NOVITEC)</p> </li> </ul> <h2>Technical Details</h2> <ul> <li> <p>Manufacturer: NOVITEC</p> </li> <li> <p>Product Type: Engine Bonnet</p> </li> <li> <p>Material: Composite construction with visible carbon sections</p> </li> <li> <p>Finish: Primed for painting with partial visible carbon</p> </li> </ul> <h2>Installation</h2> <p>Professional installation and paint preparation are strongly recommended. Proper alignment and finishing should be carried out by an experienced body specialist.</p> <h2>Part Number</h2> <ul> <li> <p><strong>L6 333 87</strong></p> </li> </ul> <h2>Special Order</h2> <p>Lead time approximately <strong>4–6 weeks</strong></p>",Novitec,Aerodynamics,"brand_novitec, car_lamborghini, category_aerodynamic, condition_new, install_available, model_urus_performante, model_urus_s, pricing_buy_now",TRUE,Variant,Primed for painting / partial visible Carbon,L6-333-87,0,shopify,6,deny,manual,31900.00,TRUE,TRUE,https://cdn.shopify.com/s/files/1/0701/4472/0949/files/Screenshot2026-01-05at23.00.06.png,1,Engine Bonnet Primed for Painting / Partial Visible Carbon  - Lamborghini Urus S & Performante - L6 333 87 - Novitec,FALSE,active
novitec-urus-l6-333-87,,,,,,,,,,,,,,,,,,https://cdn.shopify.com/s/files/1/0701/4472/0949/files/Screenshot2026-01-05at23.00.41.png,2,Engine Bonnet Primed for Painting / Partial Visible Carbon  - Lamborghini Urus S & Performante - L6 333 87 - Novitec,,
novitec-urus-l6-333-87,,,,,,,,,,,,,,,,,,https://cdn.shopify.com/s/files/1/0701/4472/0949/files/Screenshot_2026-01-15_at_02.12.52.png,3,Engine Bonnet Primed for Painting / Partial Visible Carbon  - Lamborghini Urus S & Performante - L6 333 87 - Novitec,,
novitec-urus-l6-333-89,Front Spoiler Lip - Lamborghini Urus S - L6 333 89 - Novitec,"<h2>Description</h2> <p>The <strong>NOVITEC Front Spoiler (Visible Carbon)</strong> for the <strong>Lamborghini Urus S</strong> enhances the front-end appearance with a sharper, more aggressive design while maintaining seamless OEM-level integration. Developed specifically for Urus S models <strong>without the original factory front splitter</strong>, this component adds aerodynamic presence and a distinctive motorsport-inspired finish.</p> <p>Manufactured from premium <strong>carbon fiber</strong> and delivered in <strong>visible carbon</strong>, the spoiler offers lightweight performance and an unmistakably high-end aesthetic straight out of the box.</p> <h2>Compatibility</h2> <p>Lamborghini <strong>Urus S</strong><br><em>(Only for vehicles without the original factory front splitter)</em></p> <h2>Key Features</h2> <ul> <li> <p>Front spoiler designed specifically for Urus S</p> </li> <li> <p>Compatible only with vehicles <strong>without OEM front splitter</strong></p> </li> <li> <p>Manufactured from high-quality carbon fiber</p> </li> <li> <p>Visible carbon finish for a premium performance look</p> </li> <li> <p>Lightweight and durable construction</p> </li> <li> <p>OEM-level fitment and integration</p> </li> <li> <p>Enhances front-end aerodynamics and styling</p> </li> </ul> <h2>Included Components</h2> <ul> <li> <p>Front spoiler</p> </li> <li> <p>Required fixing / mounting material (as supplied by NOVITEC)</p> </li> </ul> <h2>Technical Details</h2> <ul> <li> <p>Manufacturer: NOVITEC</p> </li> <li> <p>Product Type: Front Spoiler</p> </li> <li> <p>Vehicle Application: Urus S (without OEM front splitter)</p> </li> <li> <p>Material: Carbon Fiber</p> </li> <li> <p>Finish: Visible Carbon</p> </li> </ul> <h2>Installation</h2> <p>Professional installation is strongly recommended to ensure correct compatibility verification, proper alignment, and secure mounting.</p> <h2>Part Number</h2> <ul> <li> <p><strong>L6 333 89</strong></p> </li> </ul> <h2>Special Order</h2> <p>Lead time approximately <strong>4–6 weeks</strong></p>",Novitec,Aerodynamics,"brand_novitec, car_lamborghini, category_aerodynamic, condition_new, install_available, model_urus_performante, model_urus_s, pricing_buy_now",TRUE,Title,Default Title,L6 333 89,0,shopify,6,deny,manual,14900.00,TRUE,TRUE,https://cdn.shopify.com/s/files/1/0701/4472/0949/files/Screenshot2026-01-05at23.01.38.png,1,Front Spoiler Lip - Lamborghini Urus S - L6 333 89 - Novitec,FALSE,active
novitec-urus-l6-333-83,Front Spoiler Lip - Lamborghini Urus Performante - L6 333 83 - Novitec,"<h2>Description</h2> <p>The <strong>NOVITEC Front Spoiler (Visible Carbon)</strong> for the <strong>Lamborghini Urus Performante</strong> enhances the aggressive character of the vehicle’s front end while improving aerodynamic balance at high speeds. Developed specifically for the Performante model, this component integrates seamlessly with the factory bumper design, delivering a sharper and more dynamic appearance.</p> <p>Manufactured from premium <strong>carbon fiber</strong> and finished in <strong>visible carbon</strong>, the front spoiler offers a lightweight construction combined with an unmistakable motorsport-inspired aesthetic.</p> <h2>Compatibility</h2> <p>Lamborghini <strong>Urus Performante</strong></p> <h2>Key Features</h2> <ul> <li> <p>Front spoiler designed specifically for Urus Performante</p> </li> <li> <p>Manufactured from high-quality carbon fiber</p> </li> <li> <p>Visible carbon finish for a premium performance look</p> </li> <li> <p>Lightweight and durable construction</p> </li> <li> <p>OEM-level integration and precise fitment</p> </li> <li> <p>Enhances front-end aerodynamics and visual presence</p> </li> </ul> <h2>Included Components</h2> <ul> <li> <p>Front spoiler</p> </li> <li> <p>Required fixing / mounting material (as supplied by NOVITEC)</p> </li> </ul> <h2>Technical Details</h2> <ul> <li> <p>Manufacturer: NOVITEC</p> </li> <li> <p>Product Type: Front Spoiler</p> </li> <li> <p>Vehicle Application: Urus Performante</p> </li> <li> <p>Material: Carbon Fiber</p> </li> <li> <p>Finish: Visible Carbon</p> </li> </ul> <h2>Installation</h2> <p>Professional installation is strongly recommended to ensure proper alignment and secure mounting.</p> <h2>Part Number</h2> <ul> <li> <p><strong>L6 333 83</strong></p> </li> </ul> <h2>Special Order</h2> <p data-is-last-node="""" data-is-only-node="""">Lead time approximately <strong data-is-last-node="""">4–6 weeks</strong></p> <p> </p>",Novitec,Aerodynamics,"brand_novitec, car_lamborghini, category_aerodynamic, condition_new, install_available, model_urus_performante, model_urus_s, pricing_buy_now",TRUE,Variant,Visible Carbon,L6 333 83,0,shopify,5,deny,manual,14900.00,TRUE,TRUE,https://cdn.shopify.com/s/files/1/0701/4472/0949/files/Screenshot2026-01-05at23.32.04.png,1,Front Spoiler Lip - Lamborghini Urus Performante - L6 333 83 - Novitec,FALSE,active
novitec-urus-l6-333-83,,,,,,,,Forged Visible Carbon,L6 333 83-2,0,shopify,3,deny,manual,14900.00,TRUE,TRUE,,,,,
novitec-urus-l6-333-83,,,,,,,,,,,,,,,,,,https://cdn.shopify.com/s/files/1/0701/4472/0949/files/Screenshot2026-01-05at23.32.31.png,2,Front Spoiler Lip - Lamborghini Urus Performante - L6 333 83 - Novitec,,
novitec-urus-l6-333-83,,,,,,,,,,,,,,,,,,https://cdn.shopify.com/s/files/1/0701/4472/0949/files/Screenshot_2026-01-15_at_00.30.11_df9037c1-74d2-4b4b-b857-33ba5b67e150.png,3,Front Spoiler Lip - Lamborghini Urus Performante - L6 333 83 - Novitec,,
novitec-urus-l6-333-82,Front Side Cover - Lamborghini Urus S & Performante - L6 333 82 - Novitec,"<h2>Description</h2> <p>The <strong>NOVITEC Front Side Covers (Visible Carbon)</strong> for the <strong>Lamborghini Urus S and Lamborghini Urus Performante</strong> add a sharper, more dynamic appearance to the vehicle’s front bumper area. Designed to complement other NOVITEC aerodynamic components, these elements enhance the side profile of the front fascia while maintaining seamless OEM-level integration.</p> <p>Manufactured from premium <strong>carbon fiber</strong> and finished in <strong>visible carbon</strong>, the covers provide a lightweight performance upgrade with a refined motorsport aesthetic.</p> <h2>Compatibility</h2> <p>Lamborghini <strong>Urus S</strong><br>Lamborghini <strong>Urus Performante</strong></p> <h2>Key Features</h2> <ul> <li> <p>Front side covers for enhanced front-end styling</p> </li> <li> <p>Manufactured from high-quality carbon fiber</p> </li> <li> <p>Visible carbon finish for a premium motorsport look</p> </li> <li> <p>Lightweight and durable construction</p> </li> <li> <p>OEM-level fitment and integration</p> </li> <li> <p>Designed to complement NOVITEC aerodynamic components</p> </li> </ul> <h2>Included Components</h2> <ul> <li> <p>Front side covers (left &amp; right)</p> </li> <li> <p>Required fixing / mounting material (as supplied by NOVITEC)</p> </li> </ul> <h2>Technical Details</h2> <ul> <li> <p>Manufacturer: NOVITEC</p> </li> <li> <p>Product Type: Front Side Covers</p> </li> <li> <p>Material: Carbon Fiber</p> </li> <li> <p>Finish: Visible Carbon</p> </li> </ul> <h2>Installation</h2> <p>Professional installation is strongly recommended to ensure precise alignment and secure mounting.</p> <h2>Part Number</h2> <ul> <li> <p><strong>L6 333 82</strong></p> </li> </ul> <h2>Special Order</h2> <p data-is-last-node="""" data-is-only-node="""">Lead time approximately <strong data-is-last-node="""">4–6 weeks</strong></p>",Novitec,Aerodynamics,"brand_novitec, car_lamborghini, category_aerodynamic, condition_new, install_available, model_urus_performante, model_urus_s, pricing_buy_now",TRUE,Title,Default Title,L6-333-82,0,shopify,4,deny,manual,5900.00,TRUE,TRUE,https://cdn.shopify.com/s/files/1/0701/4472/0949/files/Screenshot2026-01-05at22.55.08.png,1,Front Side Cover - Lamborghini Urus S & Performante - L6 333 82 - Novitec,FALSE,active
novitec-urus-l6-333-82,,,,,,,,,,,,,,,,,,https://cdn.shopify.com/s/files/1/0701/4472/0949/files/Screenshot2026-01-05at22.55.29.png,2,Front Side Cover - Lamborghini Urus S & Performante - L6 333 82 - Novitec,,
novitec-urus-l6-333-81,Carbon Front Lip Cover (Center Position – Short) - Lamborghini Urus S & Performante - L6 333 81 - Novitec,"<h2>Description</h2> <p>The <strong>NOVITEC Carbon Front Lip Cover (Center Position – Short / Visible Carbon)</strong> is engineered for the <strong>Lamborghini Urus S and Lamborghini Urus Performante</strong>, enhancing the vehicle’s front fascia with a sharper and more performance-focused appearance. Designed for precise OEM-level integration, this short center-position element adds definition and aerodynamic presence to the lower front bumper.</p> <p>Manufactured from premium <strong>carbon fiber</strong> and finished in <strong>visible carbon</strong>, it delivers a lightweight, high-performance upgrade with an unmistakable motorsport aesthetic.</p> <h2>Compatibility</h2> <p>Lamborghini <strong>Urus S</strong><br>Lamborghini <strong>Urus Performante</strong></p> <h2>Key Features</h2> <ul> <li> <p>Center position front lip cover (short version)</p> </li> <li> <p>Manufactured from high-quality carbon fiber</p> </li> <li> <p>Visible carbon finish for a premium motorsport look</p> </li> <li> <p>Lightweight and durable construction</p> </li> <li> <p>OEM-level fitment and integration</p> </li> <li> <p>Enhances front-end aerodynamics and styling</p> </li> </ul> <h2>Included Components</h2> <ul> <li> <p>Front lip cover – <strong>center position (short)</strong></p> </li> <li> <p>Required fixing / mounting material (as supplied by NOVITEC)</p> </li> </ul> <h2>Technical Details</h2> <ul> <li> <p>Manufacturer: NOVITEC</p> </li> <li> <p>Product Type: Front Lip Cover</p> </li> <li> <p>Position: Center</p> </li> <li> <p>Version: Short</p> </li> <li> <p>Material: Carbon Fiber</p> </li> <li> <p>Finish: Visible Carbon</p> </li> </ul> <h2>Installation</h2> <p>Professional installation is strongly recommended to ensure proper alignment and secure mounting.</p> <h2>Part Number</h2> <ul> <li> <p><strong>L6 333 81</strong></p> </li> </ul> <h2>Special Order</h2> <p>Lead time approximately <strong>4–6 weeks</strong></p>",Novitec,Aerodynamics,"brand_novitec, car_lamborghini, category_aerodynamic, condition_new, install_available, model_urus_performante, model_urus_s, pricing_buy_now",TRUE,Variant,Visible Carbon,L6 333 81,0,shopify,2,deny,manual,6900.00,TRUE,TRUE,https://cdn.shopify.com/s/files/1/0701/4472/0949/files/Screenshot2026-01-05at22.54.17.png,1,Carbon Front Lip Cover (Center Position – Short) - Lamborghini Urus S & Performante - L6 333 81 - Novitec,FALSE,active
novitec-urus-l6-333-81,,,,,,,,Forged Visible Carbon,L6 333 81-2,0,shopify,5,deny,manual,6900.00,TRUE,TRUE,,,,,
novitec-urus-l6-333-81,,,,,,,,,,,,,,,,,,https://cdn.shopify.com/s/files/1/0701/4472/0949/files/Screenshot2026-01-05at22.54.47.png,2,Carbon Front Lip Cover (Center Position – Short) - Lamborghini Urus S & Performante - L6 333 81 - Novitec,,
novitec-urus-l6-333-81,,,,,,,,,,,,,,,,,,https://cdn.shopify.com/s/files/1/0701/4472/0949/files/Screenshot_2026-01-15_at_00.30.11_df9037c1-74d2-4b4b-b857-33ba5b67e150.png,3,Carbon Front Lip Cover (Center Position – Short) - Lamborghini Urus S & Performante - L6 333 81 - Novitec,,
novitec-urus-l6-333-80,Carbon Front Lip Cover (Upper Position – Long) - Lamborghini Urus S & Performante - L6 333 05 - Novitec,"<h2>Description</h2> <p>The <strong>NOVITEC Carbon Front Lip Cover (Upper Position – Long / Visible Carbon)</strong> is designed for the <strong>Lamborghini Urus S and Lamborghini Urus Performante</strong>, adding a sharper, more aggressive front-end profile while maintaining OEM-level fitment. Crafted from high-quality <strong>carbon fiber</strong>, this long upper-position front lip cover enhances the Urus’ styling with a lightweight, motorsport-inspired finish.</p> <p>Finished in <strong>visible carbon</strong>, it delivers a premium performance look straight out of the box — perfect for customers who want a bold upgrade without painting.</p> <h2>Compatibility</h2> <p>Lamborghini <strong>Urus S</strong><br>Lamborghini <strong>Urus Performante</strong></p> <h2>Key Features</h2> <ul> <li> <p>Upper position front lip cover (long version)</p> </li> <li> <p>Manufactured from high-quality carbon fiber</p> </li> <li> <p>Visible carbon finish for a premium motorsport look</p> </li> <li> <p>Lightweight and durable construction</p> </li> <li> <p>OEM-level integration and fitment</p> </li> <li> <p>Enhances front-end styling and presence</p> </li> </ul> <h2>Included Components</h2> <ul> <li> <p>Front lip cover – <strong>upper position (long)</strong></p> </li> <li> <p>Required fixing / mounting material (as supplied by NOVITEC)</p> </li> </ul> <h2>Technical Details</h2> <ul> <li> <p>Manufacturer: NOVITEC</p> </li> <li> <p>Product Type: Front Lip Cover</p> </li> <li> <p>Position: Upper</p> </li> <li> <p>Version: Long</p> </li> <li> <p>Material: Carbon Fiber</p> </li> <li> <p>Finish: Visible Carbon</p> </li> </ul> <h2>Installation</h2> <p>Professional installation is strongly recommended to ensure correct alignment and secure mounting.</p> <h2>Part Number</h2> <ul> <li> <p><strong>L6 333 80</strong></p> </li> </ul> <h2>Special Order</h2> <p data-is-last-node="""" data-is-only-node="""">Lead time approximately <strong data-is-last-node="""">4–6 weeks</strong></p>",Novitec,Aerodynamics,"brand_novitec, car_lamborghini, category_aerodynamic, condition_new, install_available, model_urus_performante, model_urus_s, pricing_buy_now",TRUE,Variant,Visible Carbon,L6 333 80,0,shopify,3,deny,manual,5900.00,TRUE,TRUE,https://cdn.shopify.com/s/files/1/0701/4472/0949/files/Screenshot2026-01-05at22.53.17.png,1,Carbon Front Lip Cover (Upper Position – Long) - Lamborghini Urus S & Performante - L6 333 05 - Novitec,FALSE,active
novitec-urus-l6-333-80,,,,,,,,Forged Visible Carbon,L6 333 80-2,0,shopify,1,deny,manual,5900.00,TRUE,TRUE,,,,,
novitec-urus-l6-333-80,,,,,,,,,,,,,,,,,,https://cdn.shopify.com/s/files/1/0701/4472/0949/files/Screenshot2026-01-05at22.53.45.png,2,Carbon Front Lip Cover (Upper Position – Long) - Lamborghini Urus S & Performante - L6 333 05 - Novitec,,
novitec-urus-l6-333-80,,,,,,,,,,,,,,,,,,https://cdn.shopify.com/s/files/1/0701/4472/0949/files/Screenshot_2026-01-15_at_00.30.11.png,3,Carbon Front Lip Cover (Upper Position – Long) - Lamborghini Urus S & Performante - L6 333 05 - Novitec,,
novitec-urus-l6-333-05,ESTESO Widebody Kit - Lamborghini Urus S & Performante - L6 333 05 - Novitec,"<h4>Description</h4> <p>The <strong>NOVITEC ESTESO Widebody Kit</strong> for the <strong>Lamborghini Urus S and Lamborghini Urus Performante</strong>transforms the vehicle’s presence with a dramatically wider and more aggressive stance. Designed to enhance both aerodynamics and visual impact, the ESTESO package emphasizes the muscular proportions of the Urus while maintaining OEM-level integration.</p> <p>All components are manufactured from high-quality <strong>PU-RIM</strong>, ensuring durability, precise fitment, and the ability to be painted in vehicle body color or contrasting finishes.</p> <h4>Compatibility</h4> <p>Lamborghini <strong>Urus S</strong><br>Lamborghini <strong>Urus Performante</strong></p> <h4>Key Features</h4> <ul> <li> <p>Complete ESTESO widebody conversion</p> </li> <li> <p>Significantly wider and more aggressive stance</p> </li> <li> <p>Manufactured from high-quality PU-RIM</p> </li> <li> <p>Developed specifically for Urus S &amp; Performante</p> </li> <li> <p>OEM-level integration and fitment</p> </li> <li> <p>Designed for painting in vehicle color or custom finish</p> </li> </ul> <h4>Included Components</h4> <ul> <li> <p>Front bumper attachment</p> </li> <li> <p>Widebody set</p> </li> <li> <p>Side panels</p> </li> <li> <p>Rear bumper attachment</p> </li> <li> <p>Complete fixing material</p> </li> </ul> <p>(All parts made from PU-RIM)</p> <h4>Technical Details</h4> <ul> <li> <p>Manufacturer: NOVITEC</p> </li> <li> <p>Product Type: Widebody Conversion Kit</p> </li> <li> <p>Version: ESTESO Performante / S</p> </li> <li> <p>Material: PU-RIM</p> </li> <li> <p>Finish: Primed for painting</p> </li> </ul> <h4>Installation</h4> <p>Professional installation and bodywork preparation are strongly recommended.</p> <h4></h4> <h4>Part Number</h4> <ul> <li> <p>L6 333 05</p> </li> </ul> <h4></h4> <h4 d",Novitec,Aerodynamics,"brand_novitec, car_lamborghini, category_aerodynamic, condition_new, install_available, model_urus_performante, model_urus_s, pricing_buy_now",TRUE,Title,Default Title,L6 333 05,0,shopify,4,deny,manual,69900.00,TRUE,TRUE,https://cdn.shopify.com/s/files/1/0701/4472/0949/files/Screenshot2026-01-05at22.41.28.png,1,ESTESO Widebody Kit - Lamborghini Urus S & Performante - L6 333 05 - Novitec,FALSE,active
novitec-urus-l6-333-05,,,,,,,,,,,,,,,,,,https://cdn.shopify.com/s/files/1/0701/4472/0949/files/Screenshot2026-01-05at22.41.58.png,2,ESTESO Widebody Kit - Lamborghini Urus S & Performante - L6 333 05 - Novitec,,
novitec-nf9-wheel-set-purosangue,"NF9 Forged Aluminium Wheel Set - Ferrari Purosangue - F4 666 70, 00/01 - Novitec","<h4>Description</h4> <p>The <strong>NOVITEC NF9 Forged Aluminium Wheel Set</strong> for the Ferrari Purosangue combines lightweight forged construction with an aggressive, motorsport-inspired design. Manufactured using advanced forging technology, these wheels reduce unsprung mass while enhancing handling precision, stability, and overall driving dynamics.</p> <p>Finished in colors from the NOVITEC solid color range, the NF9 wheel set delivers a perfect balance of performance and visual impact.</p> <h4>Compatibility</h4> <p>Ferrari Purosangue</p> <h4>Key Features</h4> <ul> <li> <p>Forged aluminium wheel set</p> </li> <li> <p>Lightweight construction for improved handling and agility</p> </li> <li> <p>Developed specifically for the Ferrari Purosangue</p> </li> <li> <p>Precision fitment for front and rear axles</p> </li> <li> <p>Finished in colors from the NOVITEC solid color range</p> </li> <li> <p>Available with or without tyres</p> </li> </ul> <h4>Wheel Specifications</h4> <p><strong>Front Axle</strong></p> <ul> <li> <p>9.5J x 22""</p> </li> </ul> <p><strong>Rear Axle</strong></p> <ul> <li> <p>12J x 23""</p> </li> </ul> <h4>Tyre Options</h4> <p><strong>With Tyres</strong></p> <ul> <li> <p>Front: 255/35 R22</p> </li> <li> <p>Rear: 315/30 R23</p> </li> </ul> <p><strong>Without Tyres</strong></p> <ul> <li> <p>Wheels supplied without tyres</p> </li> </ul> <h4>Technical Details</h4> <ul> <li> <p>Manufacturer: NOVITEC</p> </li> <li> <p>Wheel Type: Forged Aluminium</p> </li> <li> <p>Model: NF9</p> </li> <li> <p>Finish: Solid color range</p> </li> <li> <p>Quantity: Complete wheel set (front and rear)</p> </li> </ul> <h4>Installation</h4> <p>Professional installation and wheel alignment are recommended.</p> <h4>Part Numbers</h4> <p><strong>With Tyres</s",Novitec,Wheels,"brand_novitec, car_ferrari, category_wheels, condition_new, install_available, model_purosangue, pricing_buy_now",TRUE,Variant,With Tyres,F4 666 70,0,shopify,1,deny,manual,74900.00,TRUE,TRUE,https://cdn.shopify.com/s/files/1/0701/4472/0949/files/Screenshot2026-01-04at06.42.26.png,1,"NF9 Forged Aluminium Wheel Set - Ferrari Purosangue - F4 666 70, 00/01 - Novitec",FALSE,active
novitec-nf9-wheel-set-purosangue,,,,,,,,Without Tyres,F4 666 00/01,0,shopify,2,deny,manual,62900.00,TRUE,TRUE,,,,,
novitec-nf9-wheel-set-purosangue,,,,,,,,,,,,,,,,,,https://cdn.shopify.com/s/files/1/0701/4472/0949/files/Screenshot_2026-02-14_at_15.47.43.png,2,"NF9 Forged Aluminium Wheel Set - Ferrari Purosangue - F4 666 70, 00/01 - Novitec",,
novitec-side-panels-visible-carbon-original-look-purosangue,Side Panels (Original Look) - Ferrari Purosangue - F6 666 53 - Novitec,"<h4>Description</h4> <p>The <strong>NOVITEC Side Panels (Original Look)</strong> for the Ferrari Purosangue enhance the vehicle’s side profile with a refined, motorsport-inspired carbon finish while preserving the factory design language. Designed to integrate seamlessly with the original bodywork, these panels add visual depth and exclusivity without altering OEM styling.</p> <p>Manufactured from visible carbon fiber, they combine lightweight construction with a premium high-gloss finish for a subtle yet high-end exterior upgrade.</p> <h4>Compatibility</h4> <p>Ferrari Purosangue</p> <h4>Key Features</h4> <ul> <li> <p>Side panels in original factory design</p> </li> <li> <p>Manufactured from visible carbon fiber</p> </li> <li> <p>Retains OEM styling with enhanced premium appearance</p> </li> <li> <p>Developed specifically for the Ferrari Purosangue</p> </li> <li> <p>Lightweight construction</p> </li> <li> <p>Precision-engineered for OEM-level fitment</p> </li> </ul> <h4>Technical Details</h4> <ul> <li> <p>Manufacturer: NOVITEC</p> </li> <li> <p>Product Type: Side Panels</p> </li> <li> <p>Design: Original Look</p> </li> <li> <p>Material: Visible Carbon Fiber</p> </li> </ul> <h4>Installation</h4> <p>Professional installation is recommended.</p> <h4>Part Number</h4> <ul> <li> <p>F6 666 53</p> </li> </ul> <h4>Special Order</h4> <p>Lead time approximately <strong>4–6 weeks</strong></p>",Novitec,Aerodynamics,"brand_novitec, car_ferrari, category_aerodynamic, condition_new, install_available, model_purosangue, pricing_buy_now",TRUE,Title,Default Title,F6 666 53,0,shopify,5,deny,manual,31900.00,TRUE,TRUE,https://cdn.shopify.com/s/files/1/0701/4472/0949/files/Screenshot2026-01-04at08.02.51.png,1,Side Panels (Original Look) - Ferrari Purosangue - F6 666 53 - Novitec,FALSE,active
novitec-wheel-arch-liners-visible-carbon-original-look-purosangue,Wheel Arch Liners (Original Look) - Ferrari Purosangue - F6 666 52 - Novitec,"<h4>Description</h4> <p>The <strong>NOVITEC Wheel Arch Liners (Original Look)</strong> for the Ferrari Purosangue enhance the wheel well area with a refined, motorsport-inspired finish while maintaining the vehicle’s factory design language. Designed to integrate seamlessly with the original wheel arch liners, these components add a premium visual upgrade without altering OEM fitment or functionality.</p> <p>Manufactured from visible carbon fiber, they provide lightweight construction and a high-gloss finish that complements the Purosangue’s performance-oriented design.</p> <h4>Compatibility</h4> <p>Ferrari Purosangue</p> <h4>Key Features</h4> <ul> <li> <p>Wheel arch liners in original factory design</p> </li> <li> <p>Manufactured from visible carbon fiber</p> </li> <li> <p>Retains OEM styling with enhanced premium appearance</p> </li> <li> <p>Developed specifically for the Ferrari Purosangue</p> </li> <li> <p>Lightweight construction</p> </li> <li> <p>Precision-engineered for OEM-level fitment</p> </li> </ul> <h4>Technical Details</h4> <ul> <li> <p>Manufacturer: NOVITEC</p> </li> <li> <p>Product Type: Wheel Arch Liners</p> </li> <li> <p>Design: Original Look</p> </li> <li> <p>Material: Visible Carbon Fiber</p> </li> </ul> <h4>Installation</h4> <p>Professional installation is recommended.</p> <h4>Part Number</h4> <ul> <li> <p>F6 666 52</p> </li> </ul> <h4>Special Order</h4> <p>Lead time approximately <strong>4–6 weeks</strong></p>",Novitec,Aerodynamics,"brand_novitec, car_ferrari, category_aerodynamic, condition_new, install_available, model_purosangue, pricing_buy_now",TRUE,Title,Default Title,F6 666 52,0,shopify,3,deny,manual,32900.00,TRUE,TRUE,https://cdn.shopify.com/s/files/1/0701/4472/0949/files/Screenshot2026-01-04at06.52.19.png,1,Wheel Arch Liners (Original Look) - Ferrari Purosangue - F6 666 52 - Novitec,FALSE,active
novitec-carbon-set-for-frontbumper-visible-carbon-original-look-purosangue,Carbon Set for Front Bumper (Original Look) - Ferrari Purosangue - F6 666 50 - Novitec,"<h4>Description</h4> <p>The <strong>NOVITEC Carbon Set for Front Bumper (Original Look)</strong> for the Ferrari Purosangue enhances the front-end styling while preserving the vehicle’s factory design language. Designed to integrate seamlessly with the original front bumper, this carbon set adds refined visual depth and a subtle motorsport-inspired character without altering the OEM appearance.</p> <p>Manufactured from visible carbon fiber, the components combine lightweight construction with a premium high-gloss finish for a sophisticated performance upgrade.</p> <h4>Compatibility</h4> <p>Ferrari Purosangue</p> <h4>Key Features</h4> <ul> <li> <p>Carbon set for front bumper in original factory design</p> </li> <li> <p>Manufactured from visible carbon fiber</p> </li> <li> <p>Retains OEM styling with enhanced premium appearance</p> </li> <li> <p>Developed specifically for the Ferrari Purosangue</p> </li> <li> <p>Lightweight construction</p> </li> <li> <p>Precision-engineered for OEM-level fitment</p> </li> </ul> <h4>Technical Details</h4> <ul> <li> <p>Manufacturer: NOVITEC</p> </li> <li> <p>Product Type: Front Bumper Carbon Set</p> </li> <li> <p>Design: Original Look</p> </li> <li> <p>Material: Visible Carbon Fiber</p> </li> </ul> <h4>Installation</h4> <p>Professional installation is recommended.</p> <h4>Part Number</h4> <ul> <li> <p>F6 666 50</p> </li> </ul> <h4>Special Order</h4> <p>Lead time approximately <strong>4–6 weeks</strong></p>",Novitec,Aerodynamics,"brand_novitec, car_ferrari, category_aerodynamic, condition_new, install_available, model_purosangue, pricing_buy_now",TRUE,Title,Default Title,F6 666 50,0,shopify,6,deny,manual,24900.00,TRUE,TRUE,https://cdn.shopify.com/s/files/1/0701/4472/0949/files/Screenshot2026-01-04at07.10.06.png,1,Carbon Set for Front Bumper (Original Look) - Ferrari Purosangue - F6 666 50 - Novitec,FALSE,active
novitec-carbon-set-for-frontbumper-visible-carbon-original-look-purosangue,,,,,,,,,,,,,,,,,,https://cdn.shopify.com/s/files/1/0701/4472/0949/files/Screenshot2026-01-04at07.11.01.png,2,Carbon Set for Front Bumper (Original Look) - Ferrari Purosangue - F6 666 50 - Novitec,,
novitec-airfilter-housing-visible-carbon-original-look-purosangue,Air Filter Housing (Original Look) - Ferrari Purosangue - F6 666 71 - Novitec,"<h4>Description</h4> <p>The <strong>NOVITEC Air Filter Housing (Original Look)</strong> for the Ferrari Purosangue enhances the engine bay with a refined, performance-oriented upgrade while preserving the factory design language. Developed to integrate seamlessly with the original intake system, this component adds a premium visual enhancement without altering OEM functionality.</p> <p>Manufactured from visible carbon fiber, it offers lightweight construction and a high-gloss finish that complements the Purosangue’s high-performance character.</p> <h4>Compatibility</h4> <p>Ferrari Purosangue</p> <h4>Key Features</h4> <ul> <li> <p>Air filter housing in original factory design</p> </li> <li> <p>Manufactured from visible carbon fiber</p> </li> <li> <p>Retains OEM styling with enhanced premium appearance</p> </li> <li> <p>Developed specifically for the Ferrari Purosangue</p> </li> <li> <p>Lightweight construction</p> </li> <li> <p>Precision-engineered for OEM-level fitment</p> </li> </ul> <h4>Technical Details</h4> <ul> <li> <p>Manufacturer: NOVITEC</p> </li> <li> <p>Product Type: Air Filter Housing</p> </li> <li> <p>Design: Original Look</p> </li> <li> <p>Material: Visible Carbon Fiber</p> </li> </ul> <h4>Installation</h4> <p>Professional installation is recommended.</p> <h4>Part Number</h4> <ul> <li> <p>F6 666 71</p> </li> </ul> <h4>Special Order</h4> <p>Lead time approximately <strong>4–6 weeks</strong></p>",Novitec,Aerodynamics,"brand_novitec, car_ferrari, category_aerodynamic, condition_new, install_available, model_purosangue, pricing_buy_now",TRUE,Title,Default Title,F6 666 71,0,shopify,2,deny,manual,9900.00,TRUE,TRUE,https://cdn.shopify.com/s/files/1/0701/4472/0949/files/Screenshot2026-01-04at07.19.22.png,1,Air Filter Housing (Original Look) - Ferrari Purosangue - F6 666 71 - Novitec,FALSE,active
novitec-airfilter-housing-visible-carbon-original-look-purosangue,,,,,,,,,,,,,,,,,,https://cdn.shopify.com/s/files/1/0701/4472/0949/files/Screenshot2026-01-04at07.19.51.png,2,Air Filter Housing (Original Look) - Ferrari Purosangue - F6 666 71 - Novitec,,
novitec-cover-engine-compartment-visible-carbon-original-look-purosangue,Engine Compartment Cover (Original Look) - Ferrari Purosangue - F6 666 70 - Novitec,"<h4>Description</h4> <p>The <strong>NOVITEC Engine Compartment Cover (Original Look)</strong> for the Ferrari Purosangue enhances the engine bay with a refined, performance-inspired finish while preserving the vehicle’s factory design language. Developed to integrate seamlessly with the original components, this cover adds a premium visual upgrade without altering the OEM appearance.</p> <p>Manufactured from visible carbon fiber, it delivers lightweight construction and a high-gloss finish that complements the Purosangue’s high-performance character.</p> <h4>Compatibility</h4> <p>Ferrari Purosangue</p> <h4>Key Features</h4> <ul> <li> <p>Engine compartment cover in original factory design</p> </li> <li> <p>Manufactured from visible carbon fiber</p> </li> <li> <p>Retains OEM styling with enhanced premium appearance</p> </li> <li> <p>Developed specifically for the Ferrari Purosangue</p> </li> <li> <p>Lightweight construction</p> </li> <li> <p>Precision-engineered for OEM-level fitment</p> </li> </ul> <h4>Technical Details</h4> <ul> <li> <p>Manufacturer: NOVITEC</p> </li> <li> <p>Product Type: Engine Compartment Cover</p> </li> <li> <p>Design: Original Look</p> </li> <li> <p>Material: Visible Carbon Fiber</p> </li> </ul> <h4>Installation</h4> <p>Professional installation is recommended.</p> <h4>Part Number</h4> <ul> <li> <p>F6 666 70</p> </li> </ul> <h4>Special Order</h4> <p>Lead time approximately <strong>4–6 weeks</strong></p>",Novitec,Aerodynamics,"brand_novitec, car_ferrari, category_aerodynamic, condition_new, install_available, model_purosangue, pricing_buy_now",TRUE,Title,Default Title,F6 666 70,0,shopify,2,deny,manual,15900.00,TRUE,TRUE,https://cdn.shopify.com/s/files/1/0701/4472/0949/files/Screenshot2026-01-04at07.18.15.png,1,Engine Compartment Cover (Original Look) - Ferrari Purosangue - F6 666 70 - Novitec,FALSE,active
novitec-cover-engine-compartment-visible-carbon-original-look-purosangue,,,,,,,,,,,,,,,,,,https://cdn.shopify.com/s/files/1/0701/4472/0949/files/Screenshot2026-01-04at07.18.49.png,2,Engine Compartment Cover (Original Look) - Ferrari Purosangue - F6 666 70 - Novitec,,
novitec-diffuser-visible-carbon-original-look-purosangue,Rear Diffuser (Original Look) - Ferrari Purosangue - F6 666 54 - Novitec,"<h4>Description</h4> <p>The <strong>NOVITEC Rear Diffuser (Original Look)</strong> for the Ferrari Purosangue enhances the rear design while preserving the vehicle’s factory styling language. Developed to integrate seamlessly with the original rear bumper, this diffuser adds a refined motorsport-inspired detail without altering the OEM appearance.</p> <p>Manufactured from visible carbon fiber, it combines lightweight construction with a premium high-gloss finish for a subtle yet performance-oriented upgrade.</p> <h4>Compatibility</h4> <p>Ferrari Purosangue</p> <h4>Key Features</h4> <ul> <li> <p>Rear diffuser in original factory design</p> </li> <li> <p>Manufactured from visible carbon fiber</p> </li> <li> <p>Retains OEM styling with enhanced premium appearance</p> </li> <li> <p>Developed specifically for the Ferrari Purosangue</p> </li> <li> <p>Lightweight construction</p> </li> <li> <p>Precision-engineered for OEM-level fitment</p> </li> </ul> <h4>Technical Details</h4> <ul> <li> <p>Manufacturer: NOVITEC</p> </li> <li> <p>Product Type: Rear Diffuser</p> </li> <li> <p>Design: Original Look</p> </li> <li> <p>Material: Visible Carbon Fiber</p> </li> </ul> <h4>Installation</h4> <p>Professional installation is recommended.</p> <h4>Part Number</h4> <ul> <li> <p>F6 666 54</p> </li> </ul> <h4>Special Order</h4> <p>Lead time approximately <strong>4–6 weeks</strong></p>",Novitec,Aerodynamics,"brand_novitec, car_ferrari, category_aerodynamic, condition_new, install_available, model_purosangue, pricing_buy_now",TRUE,Title,Default Title,F6 666 54,0,shopify,6,deny,manual,37900.00,TRUE,TRUE,https://cdn.shopify.com/s/files/1/0701/4472/0949/files/Screenshot2026-01-04at07.15.28.png,1,Rear Diffuser (Original Look) - Ferrari Purosangue - F6 666 54 - Novitec,FALSE,active
novitec-diffuser-visible-carbon-original-look-purosangue,,,,,,,,,,,,,,,,,,https://cdn.shopify.com/s/files/1/0701/4472/0949/files/Screenshot2026-01-04at07.16.35.png,2,Rear Diffuser (Original Look) - Ferrari Purosangue - F6 666 54 - Novitec,,
novitec-esteso-roofspoiler-race-visible-carbon-not-with-electric-inside-rear-mirror-purosangue,ESTESO Roof Spoiler RACE - Ferrari Purosangue - F6 666 82 - Novitec,"<h4>Description</h4> <p>The <strong>NOVITEC ESTESO Roof Spoiler RACE</strong> for the Ferrari Purosangue enhances rear aerodynamics while adding a distinctive motorsport-inspired design element. Developed as part of the ESTESO widebody program, the RACE roof spoiler improves airflow over the rear section and emphasizes the vehicle’s aggressive performance character.</p> <p>Manufactured from visible carbon fiber, the spoiler combines lightweight construction with a high-gloss, race-inspired finish.</p> <h4>Compatibility</h4> <p>Ferrari Purosangue<br><strong>Not compatible with vehicles equipped with electric inside rear mirror</strong><br><strong>Only in combination with the NOVITEC ESTESO widebody kit</strong></p> <h4>Key Features</h4> <ul> <li> <p>ESTESO roof spoiler RACE design</p> </li> <li> <p>Manufactured from visible carbon fiber</p> </li> <li> <p>Enhances rear aerodynamics and high-speed stability</p> </li> <li> <p>Developed specifically for the Ferrari Purosangue</p> </li> <li> <p>Motorsport-inspired styling</p> </li> <li> <p>Precision-engineered for OEM-level fitment</p> </li> </ul> <h4>Technical Details</h4> <ul> <li> <p>Manufacturer: NOVITEC</p> </li> <li> <p>Product Type: Roof Spoiler</p> </li> <li> <p>Program: ESTESO</p> </li> <li> <p>Design: RACE</p> </li> <li> <p>Material: Visible Carbon Fiber</p> </li> </ul> <h4>Installation</h4> <p>Professional installation is recommended.<br>Only to be installed in combination with the NOVITEC ESTESO widebody kit.<br>Not suitable for vehicles with electric inside rear mirror.</p> <h4>Part Number</h4> <ul> <li> <p>F6 666 82</p> </li> </ul> <h4>Special Order</h4> <p>Lead time approximately <strong>4–6 weeks</strong></p>",Novitec,Aerodynamics,"brand_novitec, car_ferrari, category_aerodynamic, condition_new, install_available, model_purosangue, pricing_buy_now",TRUE,Title,Default Title,F6 666 82,0,shopify,4,deny,manual,14900.00,TRUE,TRUE,https://cdn.shopify.com/s/files/1/0701/4472/0949/files/Screenshot2026-01-04at07.30.12.png,1,ESTESO Roof Spoiler RACE - Ferrari Purosangue - F6 666 82 - Novitec,FALSE,active
novitec-esteso-roofspoiler-race-visible-carbon-not-with-electric-inside-rear-mirror-purosangue,,,,,,,,,,,,,,,,,,https://cdn.shopify.com/s/files/1/0701/4472/0949/files/Screenshot2026-01-04at07.30.42.png,2,ESTESO Roof Spoiler RACE - Ferrari Purosangue - F6 666 82 - Novitec,,
novitec-rearspoiler-visible-carbon-purosangue,Rear Spoiler - Ferrari Purosangue - F6 666 28 - Novitec,"<h4>Description</h4> <p>The <strong>NOVITEC Rear Spoiler</strong> for the Ferrari Purosangue enhances the vehicle’s rear profile with a refined motorsport-inspired design. Developed to improve aerodynamic balance and visual presence, the spoiler integrates seamlessly with the factory bodywork while maintaining precise OEM-level fitment.</p> <p>Manufactured from visible carbon fiber, it combines lightweight construction with a premium high-gloss finish, emphasizing the Purosangue’s performance character.</p> <h4>Compatibility</h4> <p>Ferrari Purosangue</p> <h4>Key Features</h4> <ul> <li> <p>Rear spoiler</p> </li> <li> <p>Manufactured from visible carbon fiber</p> </li> <li> <p>Enhances rear styling and aerodynamic performance</p> </li> <li> <p>Developed specifically for the Ferrari Purosangue</p> </li> <li> <p>Lightweight construction</p> </li> <li> <p>Precision-engineered for OEM-level fitment</p> </li> </ul> <h4>Technical Details</h4> <ul> <li> <p>Manufacturer: NOVITEC</p> </li> <li> <p>Product Type: Rear Spoiler</p> </li> <li> <p>Material: Visible Carbon Fiber</p> </li> </ul> <h4>Installation</h4> <p>Professional installation is recommended.</p> <h4>Part Number</h4> <ul> <li> <p>F6 666 28</p> </li> </ul> <h4>Special Order</h4> <p>Lead time approximately <strong>4–6 weeks</strong></p>",Novitec,Aerodynamics,"brand_novitec, car_ferrari, category_aerodynamic, condition_new, install_available, model_purosangue, pricing_buy_now",TRUE,Title,Default Title,F6 666 28,0,shopify,4,deny,manual,12900.00,TRUE,TRUE,https://cdn.shopify.com/s/files/1/0701/4472/0949/files/Screenshot2026-01-04at07.08.43.png,1,Rear Spoiler - Ferrari Purosangue - F6 666 28 - Novitec,FALSE,active
novitec-rearspoiler-visible-carbon-purosangue,,,,,,,,,,,,,,,,,,https://cdn.shopify.com/s/files/1/0701/4472/0949/files/Screenshot2026-01-04at07.09.11.png,2,Rear Spoiler - Ferrari Purosangue - F6 666 28 - Novitec,,
novitec-mirror-covers-visible-carbon-original-look-purosangue,Mirror Covers  - Ferrari Purosangue - F6 666 51 - Novitec,"<h4>Description</h4> <p>The <strong>NOVITEC Mirror Covers (Original Look)</strong> for the Ferrari Purosangue enhance the vehicle’s exterior with a subtle yet refined motorsport-inspired upgrade. Designed to retain the original factory styling while adding a high-end finish, these mirror covers integrate seamlessly with the vehicle’s existing design.</p> <p>Manufactured from visible carbon fiber, they provide lightweight construction and a premium high-gloss appearance without altering the OEM look.</p> <h4>Compatibility</h4> <p>Ferrari Purosangue</p> <h4>Key Features</h4> <ul> <li> <p>Mirror covers in original factory design</p> </li> <li> <p>Manufactured from visible carbon fiber</p> </li> <li> <p>Retains OEM look with enhanced premium appearance</p> </li> <li> <p>Developed specifically for the Ferrari Purosangue</p> </li> <li> <p>Lightweight construction</p> </li> <li> <p>Precision-engineered for OEM-level fitment</p> </li> </ul> <h4>Technical Details</h4> <ul> <li> <p>Manufacturer: NOVITEC</p> </li> <li> <p>Product Type: Mirror Covers</p> </li> <li> <p>Design: Original Look</p> </li> <li> <p>Material: Visible Carbon Fiber</p> </li> </ul> <h4>Installation</h4> <p>Professional installation is recommended.</p> <h4>Part Number</h4> <ul> <li> <p>F6 666 51</p> </li> </ul> <h4>Special Order</h4> <p>Lead time approximately <strong>4–6 weeks</strong></p>",Novitec,Aerodynamics,"brand_novitec, car_ferrari, category_aerodynamic, condition_new, install_available, model_purosangue, pricing_buy_now",TRUE,Title,Default Title,F6 666 51,0,shopify,2,deny,manual,7900.00,TRUE,TRUE,https://cdn.shopify.com/s/files/1/0701/4472/0949/files/Screenshot2026-01-04at07.11.43.png,1,Mirror Covers  - Ferrari Purosangue - F6 666 51 - Novitec,FALSE,active
novitec-mirror-covers-visible-carbon-original-look-purosangue,,,,,,,,,,,,,,,,,,https://cdn.shopify.com/s/files/1/0701/4472/0949/files/Screenshot2026-01-04at07.12.18.png,2,Mirror Covers  - Ferrari Purosangue - F6 666 51 - Novitec,,
novitec-inserts-front-fenders-visible-carbon-purosangue,Inserts Front Fenders  - Ferrari Purosangue - F6 666 27 - Novitec,"<h4>Description</h4> <p>The <strong>NOVITEC Front Fender Inserts</strong> for the Ferrari Purosangue refine the side profile with a sharper and more dynamic appearance. Designed to integrate seamlessly into the factory front fenders, these inserts enhance visual detail while complementing the vehicle’s performance-oriented design.</p> <p>Manufactured from visible carbon fiber, they combine lightweight construction with a premium high-gloss finish and precise OEM-level fitment.</p> <h4>Compatibility</h4> <p>Ferrari Purosangue</p> <h4>Key Features</h4> <ul> <li> <p>Front fender inserts</p> </li> <li> <p>Manufactured from visible carbon fiber</p> </li> <li> <p>Enhances side profile and styling detail</p> </li> <li> <p>Developed specifically for the Ferrari Purosangue</p> </li> <li> <p>Lightweight construction</p> </li> <li> <p>Precision-engineered for OEM-level fitment</p> </li> </ul> <h4>Technical Details</h4> <ul> <li> <p>Manufacturer: NOVITEC</p> </li> <li> <p>Product Type: Front Fender Inserts</p> </li> <li> <p>Material: Visible Carbon Fiber</p> </li> </ul> <h4>Installation</h4> <p>Professional installation is recommended.</p> <h4>Part Number</h4> <ul> <li> <p>F6 666 27</p> </li> </ul> <h4>Special Order</h4> <p>Lead time approximately <strong>4–6 weeks</strong></p>",Novitec,Aerodynamics,"brand_novitec, car_ferrari, category_aerodynamic, condition_new, install_available, model_purosangue, pricing_buy_now",TRUE,Title,Default Title,F6 666 27,0,shopify,3,deny,manual,11900.00,TRUE,TRUE,https://cdn.shopify.com/s/files/1/0701/4472/0949/files/Screenshot2026-01-04at07.05.45.png,1,Inserts Front Fenders  - Ferrari Purosangue - F6 666 27 - Novitec,FALSE,active
novitec-inserts-front-fenders-visible-carbon-purosangue,,,,,,,,,,,,,,,,,,https://cdn.shopify.com/s/files/1/0701/4472/0949/files/Screenshot2026-01-04at07.06.25.png,2,Inserts Front Fenders  - Ferrari Purosangue - F6 666 27 - Novitec,,
novitec-insert-engine-bonnet-visible-carbon-purosangue,Insert Engine Bonnet - Ferrari Purosangue - F6 666 26 - Novitec,"<h4>Description</h4> <p>The <strong>NOVITEC Engine Bonnet Insert</strong> for the Ferrari Purosangue enhances the vehicle’s front-end design with a refined motorsport-inspired detail. Designed to integrate seamlessly into the factory bonnet, this insert adds visual depth while maintaining precise OEM-level fitment.</p> <p>Manufactured from visible carbon fiber, it delivers lightweight construction and a premium high-gloss finish that complements the Purosangue’s performance-focused design.</p> <h4>Compatibility</h4> <p>Ferrari Purosangue</p> <h4>Key Features</h4> <ul> <li> <p>Engine bonnet insert</p> </li> <li> <p>Manufactured from visible carbon fiber</p> </li> <li> <p>Enhances front-end styling and visual detail</p> </li> <li> <p>Developed specifically for the Ferrari Purosangue</p> </li> <li> <p>Lightweight construction</p> </li> <li> <p>Precision-engineered for OEM-level fitment</p> </li> </ul> <h4>Technical Details</h4> <ul> <li> <p>Manufacturer: NOVITEC</p> </li> <li> <p>Product Type: Engine Bonnet Insert</p> </li> <li> <p>Material: Visible Carbon Fiber</p> </li> </ul> <h4>Installation</h4> <p>Professional installation is recommended.</p> <h4>Part Number</h4> <ul> <li> <p>F6 666 26</p> </li> </ul> <h4>Special Order</h4> <p>Lead time approximately <strong>4–6 weeks</strong></p>",Novitec,Aerodynamics,"brand_novitec, car_ferrari, category_aerodynamic, condition_new, install_available, model_purosangue, pricing_buy_now",TRUE,Title,Default Title,F6 666 26,0,shopify,3,deny,manual,9900.00,TRUE,TRUE,https://cdn.shopify.com/s/files/1/0701/4472/0949/files/Screenshot2026-01-04at07.04.36.png,1,Insert Engine Bonnet - Ferrari Purosangue - F6 666 26 - Novitec,FALSE,active
novitec-insert-engine-bonnet-visible-carbon-purosangue,,,,,,,,,,,,,,,,,,https://cdn.shopify.com/s/files/1/0701/4472/0949/files/Screenshot2026-01-04at07.05.06.png,2,Insert Engine Bonnet - Ferrari Purosangue - F6 666 26 - Novitec,,
novitec-engine-bonnet-air-intake-visible-carbon-purosangue,Engine Bonnet Air-Intake - Ferrari Purosangue - F6 666 25 - Novitec,"<h4>Description</h4> <p>The <strong>NOVITEC Engine Bonnet Air-Intake</strong> for the Ferrari Purosangue enhances both aerodynamic efficiency and visual impact. Designed to integrate seamlessly into the factory bonnet, this component emphasizes the vehicle’s high-performance character while improving airflow management.</p> <p>Manufactured from visible carbon fiber, the air-intake combines lightweight construction with a premium high-gloss finish, delivering a refined motorsport-inspired appearance.</p> <h4>Compatibility</h4> <p>Ferrari Purosangue</p> <h4>Key Features</h4> <ul> <li> <p>Engine bonnet air-intake</p> </li> <li> <p>Manufactured from visible carbon fiber</p> </li> <li> <p>Enhances aerodynamic airflow and styling</p> </li> <li> <p>Developed specifically for the Ferrari Purosangue</p> </li> <li> <p>Lightweight construction</p> </li> <li> <p>Precision-engineered for OEM-level fitment</p> </li> </ul> <h4>Technical Details</h4> <ul> <li> <p>Manufacturer: NOVITEC</p> </li> <li> <p>Product Type: Engine Bonnet Air-Intake</p> </li> <li> <p>Material: Visible Carbon Fiber</p> </li> </ul> <h4>Installation</h4> <p>Professional installation is recommended.</p> <h4>Part Number</h4> <ul> <li> <p>F6 666 25</p> </li> </ul> <h4>Special Order</h4> <p>Lead time approximately <strong>4–6 weeks</strong></p>",Novitec,Aerodynamics,"brand_novitec, car_ferrari, category_aerodynamic, condition_new, install_available, model_purosangue, pricing_buy_now",TRUE,Title,Default Title,F6 666 25,0,shopify,3,deny,manual,9900.00,TRUE,TRUE,https://cdn.shopify.com/s/files/1/0701/4472/0949/files/Screenshot2026-01-04at07.03.07.png,1,Engine Bonnet Air-Intake - Ferrari Purosangue - F6 666 25 - Novitec,FALSE,active
novitec-engine-bonnet-air-intake-visible-carbon-purosangue,,,,,,,,,,,,,,,,,,https://cdn.shopify.com/s/files/1/0701/4472/0949/files/Screenshot2026-01-04at07.03.44.png,2,Engine Bonnet Air-Intake - Ferrari Purosangue - F6 666 25 - Novitec,,
novitec-cover-engine-bonnet-frontbumper-visible-carbon-purosangue,Cover Engine Bonnet Front Bumper - Ferrari Purosangue - F6 666 24 - Novitec,"<h4>Description</h4> <p>The <strong>NOVITEC Engine Bonnet / Front Bumper Cover</strong> for the Ferrari Purosangue enhances the vehicle’s front-end design with a distinctive motorsport-inspired appearance. Designed to integrate seamlessly with the factory bodywork, this component adds visual depth while maintaining aerodynamic harmony and OEM-level fitment.</p> <p>Manufactured from visible carbon fiber, it combines lightweight construction with a premium high-gloss finish for a refined performance look.</p> <h4>Compatibility</h4> <p>Ferrari Purosangue</p> <h4>Key Features</h4> <ul> <li> <p>Engine bonnet / front bumper cover</p> </li> <li> <p>Manufactured from visible carbon fiber</p> </li> <li> <p>Enhances front-end styling and visual presence</p> </li> <li> <p>Developed specifically for the Ferrari Purosangue</p> </li> <li> <p>Lightweight construction</p> </li> <li> <p>Precision-engineered for OEM-level fitment</p> </li> </ul> <h4>Technical Details</h4> <ul> <li> <p>Manufacturer: NOVITEC</p> </li> <li> <p>Product Type: Engine Bonnet / Front Bumper Cover</p> </li> <li> <p>Material: Visible Carbon Fiber</p> </li> </ul> <h4>Installation</h4> <p>Professional installation is recommended.</p> <h4>Part Number</h4> <ul> <li> <p>F6 666 24</p> </li> </ul> <h4>Special Order</h4> <p>Lead time approximately <strong>4–6 weeks</strong></p>",Novitec,Aerodynamics,"brand_novitec, car_ferrari, category_aerodynamic, condition_new, install_available, model_purosangue, pricing_buy_now",TRUE,Title,Default Title,F6 666 24,0,shopify,4,deny,manual,4900.00,TRUE,TRUE,https://cdn.shopify.com/s/files/1/0701/4472/0949/files/Screenshot2026-01-04at07.01.41.png,1,Cover Engine Bonnet Front Bumper - Ferrari Purosangue - F6 666 24 - Novitec,FALSE,active
novitec-cover-engine-bonnet-frontbumper-visible-carbon-purosangue,,,,,,,,,,,,,,,,,,https://cdn.shopify.com/s/files/1/0701/4472/0949/files/Screenshot2026-01-04at07.02.30.png,2,Cover Engine Bonnet Front Bumper - Ferrari Purosangue - F6 666 24 - Novitec,,
novitec-spoiler-engine-bonnet-visible-carbon-purosangue,Spoiler Engine Bonnet - Ferrari Purosangue - F6 666 23 - Novitec,"<h4>Description</h4> <p>The <strong>NOVITEC Engine Bonnet Spoiler</strong> for the Ferrari Purosangue enhances the front-end aerodynamics while adding a refined motorsport-inspired design element. Designed to integrate seamlessly with the factory bonnet, this spoiler improves airflow and visual presence without compromising OEM-level fitment.</p> <p>Manufactured from visible carbon fiber, it combines lightweight construction with a high-gloss, performance-oriented finish.</p> <h4>Compatibility</h4> <p>Ferrari Purosangue</p> <h4>Key Features</h4> <ul> <li> <p>Engine bonnet spoiler</p> </li> <li> <p>Manufactured from visible carbon fiber</p> </li> <li> <p>Enhances aerodynamic performance and styling</p> </li> <li> <p>Developed specifically for the Ferrari Purosangue</p> </li> <li> <p>Lightweight construction</p> </li> <li> <p>Precision-engineered for OEM-level fitment</p> </li> </ul> <h4>Technical Details</h4> <ul> <li> <p>Manufacturer: NOVITEC</p> </li> <li> <p>Product Type: Engine Bonnet Spoiler</p> </li> <li> <p>Material: Visible Carbon Fiber</p> </li> </ul> <h4>Installation</h4> <p>Professional installation is recommended.</p> <h4>Part Number</h4> <ul> <li> <p>F6 666 23</p> </li> </ul> <h4>Special Order</h4> <p>Lead time approximately <strong>4–6 weeks</strong></p>",Novitec,Aerodynamics,"brand_novitec, car_ferrari, category_aerodynamic, condition_new, install_available, model_purosangue, pricing_buy_now",TRUE,Title,Default Title,F6-666-23,0,shopify,3,deny,manual,4900.00,TRUE,TRUE,https://cdn.shopify.com/s/files/1/0701/4472/0949/files/Screenshot2026-01-04at06.57.53.png,1,Spoiler Engine Bonnet - Ferrari Purosangue - F6 666 23 - Novitec,FALSE,active
novitec-spoiler-engine-bonnet-visible-carbon-purosangue,,,,,,,,,,,,,,,,,,https://cdn.shopify.com/s/files/1/0701/4472/0949/files/Screenshot2026-01-04at06.59.52.png,2,Spoiler Engine Bonnet - Ferrari Purosangue - F6 666 23 - Novitec,,
novitec-frontbumper-attachment-visible-carbon-purosangue,Front Bumper Attachment - Ferrari Purosangue - F6 666 22 - Novitec,"<h4>Description</h4> <p>The <strong>NOVITEC Front Bumper Attachment</strong> for the Ferrari Purosangue enhances the front-end appearance with a sharper and more dynamic design. Developed to complement the vehicle’s factory lines, this component improves aerodynamic flow while adding a distinctive motorsport-inspired character.</p> <p>Manufactured from visible carbon fiber, the attachment combines lightweight construction with a premium high-gloss finish and precise OEM-level fitment.</p> <h4>Compatibility</h4> <p>Ferrari Purosangue</p> <h4>Key Features</h4> <ul> <li> <p>Front bumper attachment</p> </li> <li> <p>Manufactured from visible carbon fiber</p> </li> <li> <p>Enhances front-end styling and aerodynamic presence</p> </li> <li> <p>Developed specifically for the Ferrari Purosangue</p> </li> <li> <p>Lightweight construction</p> </li> <li> <p>Precision-engineered for OEM-level fitment</p> </li> </ul> <h4>Technical Details</h4> <ul> <li> <p>Manufacturer: NOVITEC</p> </li> <li> <p>Product Type: Front Bumper Attachment</p> </li> <li> <p>Material: Visible Carbon Fiber</p> </li> </ul> <h4>Installation</h4> <p>Professional installation is recommended.</p> <h4>Part Number</h4> <ul> <li> <p>F6 666 22</p> </li> </ul> <h4>Special Order</h4> <p>Lead time approximately <strong>4–6 weeks</strong></p>",Novitec,Aerodynamics,"brand_novitec, car_ferrari, category_aerodynamic, condition_new, install_available, model_purosangue, pricing_buy_now",TRUE,Title,Default Title,F6 666 22,0,shopify,3,deny,manual,9900.00,TRUE,TRUE,https://cdn.shopify.com/s/files/1/0701/4472/0949/files/Screenshot2026-01-04at06.56.56.png,1,Front Bumper Attachment - Ferrari Purosangue - F6 666 22 - Novitec,FALSE,active
novitec-frontbumper-attachment-visible-carbon-purosangue,,,,,,,,,,,,,,,,,,https://cdn.shopify.com/s/files/1/0701/4472/0949/files/Screenshot2026-01-04at06.57.35.png,2,Front Bumper Attachment - Ferrari Purosangue - F6 666 22 - Novitec,,
novitec-frontlip-attachment-side-visible-carbon-purosangue,Front Lip Attachment Side Sections - Ferrari Purosangue - F1 666 21 - Novitec,"<h4>Description</h4> <p>The <strong>NOVITEC Front Lip Attachment – Side Sections</strong> for the Ferrari Purosangue refine the front-end design with a sharper and more dynamic appearance. Designed to complement the NOVITEC front lip center section, these side attachments enhance aerodynamic flow while giving the vehicle a more aggressive and sporty stance.</p> <p>Manufactured from visible carbon fiber, they combine lightweight construction with a premium high-gloss finish and precise OEM-level fitment.</p> <h4>Compatibility</h4> <p>Ferrari Purosangue</p> <h4>Key Features</h4> <ul> <li> <p>Front lip side attachments</p> </li> <li> <p>Manufactured from visible carbon fiber</p> </li> <li> <p>Enhances front-end styling and aerodynamic presence</p> </li> <li> <p>Developed specifically for the Ferrari Purosangue</p> </li> <li> <p>Lightweight construction</p> </li> <li> <p>Precision-engineered for OEM-level fitment</p> </li> </ul> <h4>Technical Details</h4> <ul> <li> <p>Manufacturer: NOVITEC</p> </li> <li> <p>Product Type: Front Lip Attachment – Side Sections</p> </li> <li> <p>Material: Visible Carbon Fiber</p> </li> </ul> <h4>Installation</h4> <p>Professional installation is recommended.</p> <h4>Part Number</h4> <ul> <li> <p>F6 666 21</p> </li> </ul> <h4>Special Order</h4> <p>Lead time approximately <strong>4–6 weeks</strong></p>",Novitec,Aerodynamics,"brand_novitec, car_ferrari, category_aerodynamic, condition_new, install_available, model_purosangue, pricing_buy_now",TRUE,Title,Default Title,F6 666 21,0,shopify,5,deny,manual,7900.00,TRUE,TRUE,https://cdn.shopify.com/s/files/1/0701/4472/0949/files/Screenshot2026-01-04at06.56.12.png,1,Front Lip Attachment Side Sections - Ferrari Purosangue - F1 666 21 - Novitec,FALSE,active
novitec-frontlip-attachment-side-visible-carbon-purosangue,,,,,,,,,,,,,,,,,,https://cdn.shopify.com/s/files/1/0701/4472/0949/files/Screenshot2026-01-04at07.31.57.png,2,Front Lip Attachment Side Sections - Ferrari Purosangue - F1 666 21 - Novitec,,
novitec-frontlip-center-position-visible-carbon-purosangue,Front Lip Center Section - Ferrari Purosangue - F6 666 20 - Novitec,"<h4>Description</h4> <p>The <strong>NOVITEC Front Lip – Center Section</strong> for the Ferrari Purosangue enhances the front-end appearance with a sharper and more dynamic design. Developed to improve aerodynamic efficiency and visual presence, the center front lip adds a subtle yet aggressive motorsport-inspired touch.</p> <p>Manufactured from visible carbon fiber, it combines lightweight construction with a premium high-gloss finish while maintaining precise OEM-level fitment.</p> <h4>Compatibility</h4> <p>Ferrari Purosangue</p> <h4>Key Features</h4> <ul> <li> <p>Front lip center section</p> </li> <li> <p>Manufactured from visible carbon fiber</p> </li> <li> <p>Enhances front-end styling and aerodynamic performance</p> </li> <li> <p>Developed specifically for the Ferrari Purosangue</p> </li> <li> <p>Lightweight construction</p> </li> <li> <p>Precision-engineered for OEM-level fitment</p> </li> </ul> <h4>Technical Details</h4> <ul> <li> <p>Manufacturer: NOVITEC</p> </li> <li> <p>Product Type: Front Lip – Center Section</p> </li> <li> <p>Material: Visible Carbon Fiber</p> </li> </ul> <h4>Installation</h4> <p>Professional installation is recommended.</p> <h4>Part Number</h4> <ul> <li> <p>F6 666 20</p> </li> </ul> <h4>Special Order</h4> <p>Lead time approximately <strong>4–6 weeks</strong></p>",Novitec,Aerodynamics,"brand_novitec, car_ferrari, category_aerodynamic, condition_new, install_available, model_purosangue, pricing_buy_now",TRUE,Title,Default Title,F6 666 20,0,shopify,4,deny,manual,8900.00,TRUE,TRUE,https://cdn.shopify.com/s/files/1/0701/4472/0949/files/Screenshot2026-01-04at06.54.46.png,1,Front Lip Center Section - Ferrari Purosangue - F6 666 20 - Novitec,FALSE,active
novitec-frontlip-center-position-visible-carbon-purosangue,,,,,,,,,,,,,,,,,,https://cdn.shopify.com/s/files/1/0701/4472/0949/files/Screenshot2026-01-04at06.55.32.png,2,Front Lip Center Section - Ferrari Purosangue - F6 666 20 - Novitec,,
novitec-esteso-side-panel-inserts-rear-visible-carbon-factory-carbon-side-panels-purosangue,ESTESO Rear Side Panel Inserts - Ferrari Purosangue - F6 666 86 - Novitec,"<h4>Description</h4> <p>The <strong>NOVITEC ESTESO Rear Side Panel Inserts</strong> for the Ferrari Purosangue refine the rear side profile with a sharper, motorsport-inspired appearance. Designed specifically for vehicles equipped with factory carbon side panels, these inserts integrate seamlessly into the ESTESO widebody program while enhancing both visual depth and aerodynamic detail.</p> <p>Manufactured from visible carbon fiber, they offer a lightweight construction and a high-end finish that complements the vehicle’s factory carbon elements.</p> <h4>Compatibility</h4> <p>Ferrari Purosangue<br>For vehicles <strong>equipped with factory carbon side panels</strong><br><strong>Only in combination with the NOVITEC ESTESO widebody kit</strong></p> <h4>Key Features</h4> <ul> <li> <p>ESTESO rear side panel inserts</p> </li> <li> <p>Manufactured from visible carbon fiber</p> </li> <li> <p>Designed for vehicles with factory carbon side panels</p> </li> <li> <p>Enhances rear side styling and aerodynamic presence</p> </li> <li> <p>Developed specifically for the Ferrari Purosangue</p> </li> <li> <p>Precision-engineered for OEM-level fitment</p> </li> </ul> <h4>Technical Details</h4> <ul> <li> <p>Manufacturer: NOVITEC</p> </li> <li> <p>Product Type: Rear Side Panel Inserts</p> </li> <li> <p>Program: ESTESO</p> </li> <li> <p>Material: Visible Carbon Fiber</p> </li> </ul> <h4>Installation</h4> <p>Professional installation is recommended.<br>Only to be installed in combination with the NOVITEC ESTESO widebody kit and factory carbon side panels.</p> <h4>Part Number</h4> <ul> <li> <p>F6 666 86</p> </li> </ul> <h4>Special Order</h4> <p>Lead time approximately <strong>4–6 weeks</strong></p>",Novitec,Aerodynamics,"brand_novitec, car_ferrari, category_aerodynamic, condition_new, install_available, model_purosangue, pricing_buy_now",TRUE,Title,Default Title,F6 666 86,0,shopify,6,deny,manual,13900.00,TRUE,TRUE,https://cdn.shopify.com/s/files/1/0701/4472/0949/files/Screenshot2026-01-04at07.32.24.png,1,ESTESO Rear Side Panel Inserts - Ferrari Purosangue - F6 666 86 - Novitec,FALSE,active
novitec-esteso-side-panel-inserts-rear-visible-carbon-factory-carbon-side-panels-purosangue,,,,,,,,,,,,,,,,,,https://cdn.shopify.com/s/files/1/0701/4472/0949/files/Screenshot2026-01-04at07.33.14.png,2,ESTESO Rear Side Panel Inserts - Ferrari Purosangue - F6 666 86 - Novitec,,
novitec-esteso-side-panels-visible-carbon-esteso-kit-only-purosangue,ESTESO Side Panels - Ferrari Purosangue - F1 666 85 - Novitec,"<h4>Description</h4> <p>The <strong>NOVITEC ESTESO Side Panels</strong> for the Ferrari Purosangue enhance the vehicle’s profile with a more aggressive and aerodynamic appearance. Developed as part of the ESTESO widebody program, these side panels visually emphasize the widened stance while maintaining precise OEM-level fitment.</p> <p>Manufactured from visible carbon fiber, they add a lightweight, motorsport-inspired design element that integrates seamlessly with the complete ESTESO conversion.</p> <h4>Compatibility</h4> <p>Ferrari Purosangue<br><strong>Only in combination with the NOVITEC ESTESO widebody kit</strong></p> <h4>Key Features</h4> <ul> <li> <p>ESTESO side panels</p> </li> <li> <p>Manufactured from visible carbon fiber</p> </li> <li> <p>Enhances side profile and aerodynamic presence</p> </li> <li> <p>Developed specifically for the Ferrari Purosangue</p> </li> <li> <p>Designed exclusively for use with the ESTESO widebody kit</p> </li> <li> <p>Precision-engineered for OEM-level fitment</p> </li> </ul> <h4>Technical Details</h4> <ul> <li> <p>Manufacturer: NOVITEC</p> </li> <li> <p>Product Type: Side Panels</p> </li> <li> <p>Program: ESTESO</p> </li> <li> <p>Material: Visible Carbon Fiber</p> </li> </ul> <p> </p> <h4>Installation</h4> <p>Professional installation is recommended.<br>Only to be installed in combination with the NOVITEC ESTESO widebody kit.</p> <h4>Part Number</h4> <ul> <li> <p>F6 666 85</p> </li> </ul> <h4>Special Order</h4> <p>Lead time approximately <strong>4–6 weeks</strong></p>",Novitec,Aerodynamics,"brand_novitec, car_ferrari, category_aerodynamic, condition_new, install_available, model_purosangue, pricing_buy_now",TRUE,Title,Default Title,F6 666 85,0,shopify,4,deny,manual,34900.00,TRUE,TRUE,https://cdn.shopify.com/s/files/1/0701/4472/0949/files/Screenshot2026-01-01at22.10.56.png,1,ESTESO Side Panels - Ferrari Purosangue - F1 666 85 - Novitec,FALSE,active
novitec-esteso-side-panels-visible-carbon-esteso-kit-only-purosangue,,,,,,,,,,,,,,,,,,https://cdn.shopify.com/s/files/1/0701/4472/0949/files/Screenshot2026-01-01at22.12.01.png,2,ESTESO Side Panels - Ferrari Purosangue - F1 666 85 - Novitec,,
novitec-esteso-frontlip-attachment-side-visible-carbon-esteso-kit-only-purosangue,ESTESO Front Lip Attachment Side Sections - Ferrari Purosangue - F1 666 84 - Novitec,"<h4>Description</h4> <p>The <strong>NOVITEC ESTESO Front Lip Attachment – Side Sections</strong> for the Ferrari Purosangue add a sharper, more aggressive design to the front end while enhancing aerodynamic efficiency. Developed exclusively for the ESTESO widebody program, these side attachments integrate seamlessly with the front lip to accentuate the vehicle’s widened stance.</p> <p>Manufactured from visible carbon fiber, they provide a motorsport-inspired appearance with reduced weight and high-end finish.</p> <h4>Compatibility</h4> <p>Ferrari Purosangue<br><strong>Only in combination with the NOVITEC ESTESO widebody kit</strong></p> <h4>Key Features</h4> <ul> <li> <p>ESTESO front lip side attachments</p> </li> <li> <p>Manufactured from visible carbon fiber</p> </li> <li> <p>Enhances front-end styling and aerodynamic presence</p> </li> <li> <p>Developed specifically for the Ferrari Purosangue</p> </li> <li> <p>Designed exclusively for use with the ESTESO widebody kit</p> </li> <li> <p>Precision-engineered for OEM-level fitment</p> </li> </ul> <h4>Technical Details</h4> <ul> <li> <p>Manufacturer: NOVITEC</p> </li> <li> <p>Product Type: Front Lip Attachment (Side Sections)</p> </li> <li> <p>Program: ESTESO</p> </li> <li> <p>Material: Visible Carbon Fiber</p> </li> </ul> <h4>Installation</h4> <p>Professional installation is recommended.<br>Only to be installed in combination with the NOVITEC ESTESO widebody kit.</p> <h4>Part Number</h4> <ul> <li> <p>F6 666 84</p> </li> </ul> <h4>Special Order</h4> <p>Lead time approximately <strong>4–6 weeks</strong></p>",Novitec,Aerodynamics,"brand_novitec, car_ferrari, category_aerodynamic, condition_new, install_available, model_purosangue, pricing_buy_now",TRUE,Title,Default Title,F6 666 84,0,shopify,3,deny,manual,8900.00,TRUE,TRUE,https://cdn.shopify.com/s/files/1/0701/4472/0949/files/Screenshot2026-01-04at07.31.14.png,1,ESTESO Front Lip Attachment Side Sections - Ferrari Purosangue - F1 666 84 - Novitec,FALSE,active
novitec-esteso-frontlip-attachment-side-visible-carbon-esteso-kit-only-purosangue,,,,,,,,,,,,,,,,,,https://cdn.shopify.com/s/files/1/0701/4472/0949/files/Screenshot2026-01-04at07.31.57_a8c52081-8e38-46bf-8048-dbd52031840b.png,2,ESTESO Front Lip Attachment Side Sections - Ferrari Purosangue - F1 666 84 - Novitec,,
novitec-titanium-wheel-bolts-purosangue,Titanium Wheel Bolts Set (10 Pieces) - Ferrari Purosangue - F5 666 15 - Novitec,"<h4>Description</h4> <p>The <strong>NOVITEC Titanium Wheel Bolts Set (10 Pieces)</strong> for the Ferrari Purosangue is engineered to combine maximum strength with significant weight reduction. Manufactured from high-grade titanium, these wheel bolts offer superior durability while enhancing overall performance and visual detail.</p> <p>Designed specifically for use with NOVITEC wheel spacers, the bolts feature an inner octagonal head for precise installation and secure fitment.</p> <h4>Compatibility</h4> <p>Ferrari Purosangue<br>For use with <strong>NOVITEC wheel spacers (10 mm and 15 mm)</strong></p> <h4>Key Features</h4> <ul> <li> <p>Titanium wheel bolts set (10 pieces)</p> </li> <li> <p>High-strength, lightweight titanium construction</p> </li> <li> <p>Inner octagonal head design</p> </li> <li> <p>Developed specifically for NOVITEC wheel spacers</p> </li> <li> <p>Suitable for spacer sizes 10 mm and 15 mm</p> </li> <li> <p>Precision-engineered for secure and reliable fitment</p> </li> </ul> <h4>Technical Details</h4> <ul> <li> <p>Manufacturer: NOVITEC</p> </li> <li> <p>Product Type: Wheel Bolts</p> </li> <li> <p>Material: Titanium</p> </li> <li> <p>Quantity: Set of 10 pieces</p> </li> <li> <p>Head Type: Inner octagonal</p> </li> </ul> <h4>Installation</h4> <p>Professional installation is recommended.<br>Only for use with NOVITEC wheel spacers (10 mm and 15 mm).</p> <h4>Part Number</h4> <ul> <li> <p>F5 666 15</p> </li> </ul> <h4>Special Order</h4> <p>Lead time approximately <strong>4–6 weeks</strong></p>",Novitec,Suspension,"brand_novitec, car_ferrari, category_suspension, condition_new, install_available, model_purosangue, pricing_buy_now",TRUE,Title,Default Title,F5 666 15,0,shopify,1,deny,manual,3900.00,TRUE,TRUE,https://cdn.shopify.com/s/files/1/0701/4472/0949/files/Screenshot2026-01-04at06.51.02.png,1,Titanium Wheel Bolts Set (10 Pieces) - Ferrari Purosangue - F5 666 15 - Novitec,FALSE,active
novitec-esteso-spacer-set-novitec-wheels-purosangue,Aluminium Wheel Spacers for ESTESO Widebody Kit  - Ferrari Purosangue - F5 666 40/ 50 - Novitec,"<h4>Description</h4> <p>The <strong>NOVITEC Aluminium Wheel Spacers</strong> for the Ferrari Purosangue are engineered to optimize wheel fitment and enhance stance, handling stability, and visual presence. Manufactured from high-strength aluminium and protected against corrosion through anodizing, these spacers deliver durability and precision fitment under demanding driving conditions.</p> <p>Each set includes all required mounting material and is specifically developed for use with the NOVITEC ESTESO widebody kit.</p> <h4>Compatibility</h4> <p>Ferrari Purosangue<br>For vehicles equipped with the <strong>NOVITEC ESTESO widebody kit</strong></p> <h4>Key Features</h4> <ul> <li> <p>Aluminium wheel spacers set (2 pieces)</p> </li> <li> <p>High-strength aluminium construction</p> </li> <li> <p>Corrosion-protected through anodized finish</p> </li> <li> <p>Improves stance, stability, and wheel fitment</p> </li> <li> <p>Precision-engineered for front and rear axles</p> </li> <li> <p>Includes complete mounting hardware</p> </li> <li> <p>Available for use with NOVITEC wheels or original wheels</p> </li> </ul> <h4>Available Versions</h4> <p><strong>For ESTESO Widebody Kit with NOVITEC Wheels</strong></p> <ul> <li> <p>Spacer set for front and rear axles</p> </li> <li> <p>Optimized for NOVITEC wheel fitment</p> </li> </ul> <p><strong>For ESTESO Widebody Kit with Original Wheels</strong></p> <ul> <li> <p>Spacer set for front and rear axles</p> </li> <li> <p>Designed for use with factory Ferrari wheels</p> </li> </ul> <h4>Technical Details</h4> <ul> <li> <p>Manufacturer: NOVITEC</p> </li> <li> <p>Product Type: Wheel Spacers</p> </li> <li> <p>Material: High-strength aluminium</p> </li> <li> <p>Finish: Anodized</p> </li> <li> <p>Quantity: Set of 2 pieces (including mounting material)</p> </li> </ul> <h4>Installation</h4> <p>Professional installation is recommended.</p> <h4>Part Numbers</h4> <p><strong>For ESTESO Widebody Kit with NOVITEC Wheels</strong></p> <ul data-end=""1",Novitec,Suspension,"brand_novitec, car_ferrari, category_suspension, condition_new, install_available, model_purosangue, pricing_buy_now",TRUE,Variant,For Novitec Wheels,F5 666 40,0,shopify,2,deny,manual,2900.00,TRUE,TRUE,https://cdn.shopify.com/s/files/1/0701/4472/0949/files/Screenshot2026-01-04at06.50.03_2e130ac0-7f14-46c2-afe7-fa8c375046a0.png,1,Aluminium Wheel Spacers for ESTESO Widebody Kit  - Ferrari Purosangue - F5 666 40/ 50 - Novitec,FALSE,active
novitec-esteso-spacer-set-novitec-wheels-purosangue,,,,,,,,For Original Wheels,F5-666-50,0,shopify,6,deny,manual,2900.00,TRUE,TRUE,,,,,
novitec-aluminium-spacers-10mm-purosangue,Aluminium Wheel Spacers - Ferrari Purosangue - F5 666 10/ 11/ 12 - Novitec,"<h4>Description</h4> <p>The <strong>NOVITEC Aluminium Wheel Spacers</strong> for the Ferrari Purosangue are engineered to enhance vehicle stance, stability, and handling precision. Manufactured from high-strength aluminium and corrosion-protected through anodizing, these spacers ensure durability, precise fitment, and long-term reliability.</p> <p>Designed to widen the track width for improved driving dynamics and a more aggressive appearance, each spacer set includes the required mounting material for secure installation.</p> <h4>Compatibility</h4> <p>Ferrari Purosangue</p> <h4>Key Features</h4> <ul> <li> <p>Aluminium wheel spacers set (2 pieces)</p> </li> <li> <p>High-strength aluminium construction</p> </li> <li> <p>Corrosion-protected through anodized finish</p> </li> <li> <p>Enlarged track width for improved stability and stance</p> </li> <li> <p>Precision-engineered for OEM-level fitment</p> </li> <li> <p>Includes mounting material</p> </li> <li> <p>Available in 10 mm, 15 mm, and 20 mm versions</p> </li> </ul> <h4>Available Versions</h4> <p><strong>Spacer 10 mm</strong></p> <ul> <li> <p>Enlarged track width by 20 mm per axle</p> </li> <li> <p>Includes chromed wheel bolts</p> </li> </ul> <p><strong>Spacer 15 mm</strong></p> <ul> <li> <p>Enlarged track width by 30 mm per axle</p> </li> <li> <p>Includes chromed wheel bolts</p> </li> </ul> <p><strong>Spacer 20 mm</strong></p> <ul> <li> <p>Enlarged track width by 40 mm per axle</p> </li> </ul> <h4>Technical Details</h4> <ul> <li> <p>Manufacturer: NOVITEC</p> </li> <li> <p>Product Type: Wheel Spacers</p> </li> <li> <p>Material: High-strength aluminium</p> </li> <li> <p>Finish: Anodized</p> </li> <li> <p>Quantity: Set of 2 pieces (including mounting material)</p> </li> </ul> <h4>Installation</h4> <p>Professional installation and wheel alignment are recommended.</p> <h4>Part Numbers</h4> <p><strong data-end=""",Novitec,Suspension,"brand_novitec, car_ferrari, category_suspension, condition_new, install_available, model_purosangue, pricing_buy_now",TRUE,Variant,Spacer 10mm,F5 666 10,0,shopify,2,deny,manual,1900.00,TRUE,TRUE,https://cdn.shopify.com/s/files/1/0701/4472/0949/files/Screenshot2026-01-04at06.50.03_afec4788-94a5-469e-9d13-d7211ea81687.png,1,Aluminium Wheel Spacers - Ferrari Purosangue - F5 666 10/ 11/ 12 - Novitec,FALSE,active
novitec-aluminium-spacers-10mm-purosangue,,,,,,,,Spacer 15mm,F5 666 11,0,shopify,3,deny,manual,2100.00,TRUE,TRUE,,,,,
novitec-aluminium-spacers-10mm-purosangue,,,,,,,,Spacer 20mm,F5 666 12,0,shopify,2,deny,manual,2200.00,TRUE,TRUE,,,,,
novitec-switchtronic-purosangue,SWITCHTRONIC Module - Ferrari Purosangue - F1 666 90 - Novitec,"<h4>Description</h4> <p>The <strong>NOVITEC SWITCHTRONIC Module</strong> for the Ferrari Purosangue allows convenient control of exhaust systems equipped with flap regulation. The system enables the driver to open or close the exhaust valves directly from the cockpit via radio remote control, providing instant adjustment of the exhaust sound.</p> <p>Designed for seamless integration with NOVITEC valved exhaust systems, SWITCHTRONIC enhances driving experience while maintaining OEM-level functionality.</p> <h4>Compatibility</h4> <p>Ferrari Purosangue<br>For use with <strong>NOVITEC exhaust systems with flap regulation</strong></p> <h4>Key Features</h4> <ul> <li> <p>Remote control operation via radio signal</p> </li> <li> <p>Open and close exhaust flaps directly from the cockpit</p> </li> <li> <p>Designed for NOVITEC valved exhaust systems</p> </li> <li> <p>Enhances sound customization and driving experience</p> </li> <li> <p>Seamless integration with factory electronics</p> </li> </ul> <h4>Technical Details</h4> <ul> <li> <p>Manufacturer: NOVITEC</p> </li> <li> <p>Product Type: Exhaust Valve Control Module</p> </li> <li> <p>Function: Remote flap control</p> </li> <li> <p>Operation: Radio remote control</p> </li> </ul> <h4>Installation</h4> <p>Professional installation is recommended.<br>To be installed in combination with NOVITEC exhaust systems with flap regulation.</p> <h4>Part Number</h4> <ul> <li> <p>F1 666 90</p> </li> </ul> <h4>Special Order</h4> <p>Lead time approximately 4 weeks</p>",Novitec,Exhaust,"brand_novitec, car_ferrari, category_exhaust, condition_new, install_available, model_purosangue, pricing_buy_now",TRUE,Title,Default Title,F1 666 90,0,shopify,1,deny,manual,4900.00,TRUE,TRUE,https://cdn.shopify.com/s/files/1/0701/4472/0949/files/Screenshot_2026-02-14_at_14.30.40.png,1,SWITCHTRONIC Module - Ferrari Purosangue - F1 666 90 - Novitec,FALSE,active
novitec-tectronic-with-cats-purosangue,TECTRONIC Module - Ferrari Purosangue - F1 666 80 - Novitec,"<h4>Description</h4> <p>The <strong>NOVITEC TECTRONIC Module</strong> for the Ferrari Purosangue is developed to ensure proper engine management when upgrading the exhaust system with NOVITEC sport metal catalysts. The module prevents error indications and maintains seamless communication with the vehicle’s factory electronics.</p> <p>Engineered specifically for the Ferrari Purosangue, TECTRONIC supports enhanced exhaust performance while preserving OEM-level functionality and drivability.</p> <h4>Compatibility</h4> <p>Ferrari Purosangue<br>For use with <strong>NOVITEC Sport Metal Catalysts</strong></p> <h4>Key Features</h4> <ul> <li> <p>Prevents error indications related to exhaust modifications</p> </li> <li> <p>Optimized for use with NOVITEC sport metal catalysts</p> </li> <li> <p>Seamless integration with factory electronics</p> </li> <li> <p>Maintains OEM-level drivability and functionality</p> </li> <li> <p>Developed specifically for the Ferrari Purosangue</p> </li> </ul> <h4>Technical Details</h4> <ul> <li> <p>Manufacturer: NOVITEC</p> </li> <li> <p>Product Type: Electronic Control Module</p> </li> <li> <p>Application: Error indication prevention</p> </li> <li> <p>Requirement: Must be installed with NOVITEC sport metal catalysts</p> </li> </ul> <h4>Installation</h4> <p>Professional installation is strongly recommended.<br>Only to be installed in combination with NOVITEC sport metal catalysts.</p> <h4>Part Number</h4> <ul> <li> <p>F1 666 80</p> </li> </ul> <h4>Special Order</h4> <p>Lead time approximately 4 weeks</p>",Novitec,Exhaust,"brand_novitec, car_ferrari, category_exhaust, condition_new, install_available, model_purosangue, pricing_buy_now",TRUE,Title,Default Title,F1 666 80,0,shopify,1,deny,manual,4900.00,TRUE,TRUE,https://cdn.shopify.com/s/files/1/0701/4472/0949/files/tempImageSC1Wyu.jpg,1,TECTRONIC Module - Ferrari Purosangue - F1 666 80 - Novitec,FALSE,active
novitec-gtronic-with-cats-purosangue,GTRONIC Module - Ferrari Purosangue - F1 666 88 - Novitec,"<h4>Description</h4> <p>The <strong>NOVITEC GTRONIC Module</strong> for the Ferrari Purosangue is developed for use in combination with NOVITEC exhaust systems and sport metal catalysts. The system ensures proper engine management communication and prevents error indications related to the OPF (Otto Particulate Filter) when upgrading the exhaust system.</p> <p>Engineered specifically for seamless integration, GTRONIC maintains factory-level functionality while supporting enhanced exhaust performance.</p> <h4>Compatibility</h4> <p>Ferrari Purosangue<br>For use with <strong>NOVITEC exhaust systems</strong><br>Only in combination with <strong>NOVITEC Sport Metal Catalysts (Set of 2)</strong></p> <h4>Key Features</h4> <ul> <li> <p>Designed to prevent OPF-related error indications</p> </li> <li> <p>Optimized for use with NOVITEC exhaust systems</p> </li> <li> <p>Required when installing NOVITEC sport metal catalysts</p> </li> <li> <p>Seamless integration with factory electronics</p> </li> <li> <p>Developed specifically for the Ferrari Purosangue</p> </li> </ul> <h4>Technical Details</h4> <ul> <li> <p>Manufacturer: NOVITEC</p> </li> <li> <p>Product Type: Electronic Control Module</p> </li> <li> <p>Application: OPF error prevention</p> </li> <li> <p>Requirement: Must be installed together with NOVITEC Sport Metal Catalysts (Set of 2)</p> </li> </ul> <h4>Installation</h4> <p>Professional installation is strongly recommended.<br>Only to be installed in combination with NOVITEC sport metal catalysts.</p> <h4>Part Number</h4> <ul> <li> <p>F1 666 88</p> </li> </ul> <h4>Special Order</h4> <p>Lead time approximately 4 weeks</p>",Novitec,Exhaust,"brand_novitec, car_ferrari, category_exhaust, condition_new, install_available, model_purosangue, pricing_buy_now",TRUE,Title,Default Title,F1 666 88,0,shopify,6,deny,manual,9900.00,TRUE,TRUE,https://cdn.shopify.com/s/files/1/0701/4472/0949/files/Screenshot2026-01-02at23.40.19.png,1,GTRONIC Module - Ferrari Purosangue - F1 666 88 - Novitec,FALSE,active
novitec-sport-metal-catalysts-set-purosangue,Sport Metal Catalysts (Set) - Ferrari Purosangue - F1 666 15 - Novitec,"<h4>Description</h4> <p>The <strong>NOVITEC Sport Metal Catalysts (Set)</strong> for the Ferrari Purosangue are engineered to improve exhaust flow and enhance overall engine responsiveness. Designed for use with both NOVITEC and the original factory exhaust system, these high-performance catalysts reduce backpressure while maintaining precise fitment and long-term durability.</p> <p>Manufactured with high-grade materials and fully covered with high-temperature heat protection, the system ensures optimal thermal management and reliability under demanding conditions.</p> <h4>Compatibility</h4> <p>Ferrari Purosangue<br>Compatible with <strong>NOVITEC exhaust systems</strong> and <strong>original factory exhaust</strong></p> <h4>Key Features</h4> <ul> <li> <p>High-performance sport metal catalysts (set)</p> </li> <li> <p>Optimized exhaust flow and reduced backpressure</p> </li> <li> <p>Improved throttle response</p> </li> <li> <p>Designed for use with NOVITEC and original exhaust systems</p> </li> <li> <p>High-grade construction</p> </li> <li> <p>Complete high-temperature heat protection</p> </li> <li> <p>Direct replacement using factory mounting points</p> </li> </ul> <h4>Technical Details</h4> <ul> <li> <p>Manufacturer: NOVITEC</p> </li> <li> <p>Product Type: Sport Metal Catalysts</p> </li> <li> <p>Quantity: Set</p> </li> <li> <p>Heat Protection: High-temperature heat-protected system</p> </li> </ul> <h4>Installation</h4> <p>Professional installation is recommended.<br>Direct replacement using factory mounting points.</p> <h4>Part Number</h4> <ul> <li> <p>F1 666 15</p> </li> </ul> <h4>Special Order</h4> <p>Lead time approximately 4 weeks</p>",Novitec,Exhaust,"brand_novitec, car_ferrari, category_exhaust, condition_new, install_available, model_purosangue, pricing_buy_now",TRUE,Title,Default Title,F1 666 15,0,shopify,3,deny,manual,37900.00,TRUE,TRUE,https://cdn.shopify.com/s/files/1/0701/4472/0949/files/Screenshot2026-01-02at23.35.35.png,1,Sport Metal Catalysts (Set) - Ferrari Purosangue - F1 666 15 - Novitec,FALSE,active
novitec-x-pipe-system-purosangue,Exhaust Replacement X-Pipe System - Ferrari Purosangue - F1 666 16 - Novitec,"<h4>Description</h4> <p>The <strong>NOVITEC Exhaust Replacement X-Pipe System</strong> for the Ferrari Purosangue is designed to optimize exhaust flow and enhance the overall exhaust sound characteristics. By replacing the factory mid-section with a high-performance X-pipe configuration, this system improves throttle response and delivers a sharper, more dynamic exhaust note while maintaining OEM-level fitment.</p> <p>Manufactured from high-grade stainless steel and fully covered with high-temperature heat protection, the system ensures durability, thermal efficiency, and long-term performance.</p> <h4>Compatibility</h4> <p>Ferrari Purosangue</p> <h4>Key Features</h4> <ul> <li> <p>High-performance exhaust replacement X-pipe system</p> </li> <li> <p>Optimized exhaust flow through X-pipe design</p> </li> <li> <p>Improved throttle response and exhaust sound characteristics</p> </li> <li> <p>Developed specifically for the Ferrari Purosangue</p> </li> <li> <p>High-grade stainless steel construction</p> </li> <li> <p>Complete high-temperature heat protection</p> </li> <li> <p>Direct replacement using factory mounting points</p> </li> </ul> <h4>Technical Details</h4> <ul> <li> <p>Manufacturer: NOVITEC</p> </li> <li> <p>Product Type: Exhaust Replacement Pipe / X-Pipe System</p> </li> <li> <p>Material: Stainless Steel</p> </li> <li> <p>Heat Protection: High-temperature heat-protected system</p> </li> </ul> <h4>Installation</h4> <p>Professional installation is recommended.<br>Direct replacement using factory mounting points.</p> <h4>Part Number</h4> <ul> <li> <p>F1 666 16</p> </li> </ul> <h4>Special Order</h4> <p>Lead time approximately 4 weeks</p>",Novitec,Exhaust,"brand_novitec, car_ferrari, category_exhaust, condition_new, install_available, model_purosangue, pricing_buy_now",TRUE,Title,Default Title,F1 666 16,0,shopify,3,deny,manual,15900.00,TRUE,TRUE,https://cdn.shopify.com/s/files/1/0701/4472/0949/files/Screenshot2026-01-02at23.36.08.png,1,Exhaust Replacement X-Pipe System - Ferrari Purosangue - F1 666 16 - Novitec,FALSE,active
novitec-tailpipes-black-2pcs-purosangue,Tailpipes Stainless Steel (2-Piece Set) - Ferrari Purosangue - F1 666 17/ 18 - Novitec,"<h4>Description</h4> <p>The <strong>NOVITEC Stainless Steel Tailpipes (2-Piece Set)</strong> for the Ferrari Purosangue enhance the rear appearance with a refined, motorsport-inspired finish. Designed to fit both NOVITEC exhaust systems and the original factory exhaust, these tailpipes provide a direct visual upgrade while maintaining perfect OEM-level fitment.</p> <p>Available in multiple finishes, each version offers a distinct aesthetic to complement the vehicle’s overall design.</p> <h4>Compatibility</h4> <p>Ferrari Purosangue<br>Compatible with <strong>NOVITEC exhaust systems</strong> and <strong>original factory exhaust</strong></p> <h4>Key Features</h4> <ul> <li> <p>Tailpipes set (2 pieces)</p> </li> <li> <p>Designed for NOVITEC and original Ferrari exhaust systems</p> </li> <li> <p>Precision-engineered for perfect fitment</p> </li> <li> <p>High-quality stainless steel construction</p> </li> <li> <p>Available in Black or Gold-Plated finish</p> </li> <li> <p>Direct replacement using factory mounting points</p> </li> </ul> <h4>Variants</h4> <h4>Black Tailpipes</h4> <ul> <li> <p>Stainless steel construction</p> </li> <li> <p>Black-coated finish</p> </li> <li> <p>Sporty, understated appearance</p> </li> </ul> <h4>Gold-Plated Tailpipes</h4> <ul> <li> <p>Stainless steel construction</p> </li> <li> <p>Coated with 999 fine gold</p> </li> <li> <p>Premium appearance with reduced heat discoloration</p> </li> </ul> <h4>Technical Details</h4> <ul> <li> <p>Manufacturer: NOVITEC</p> </li> <li> <p>Product Type: Tailpipes</p> </li> <li> <p>Quantity: 2 pieces</p> </li> <li> <p>Material: Stainless Steel</p> </li> <li> <p>Finish: Depending on selected variant</p> </li> </ul> <h4>Installation</h4> <p>Professional installation is recommended.<br>Direct replacement using factory mounting points.</p> <h4>Part Numbers</h4> <p><",Novitec,Exhaust,"brand_novitec, car_ferrari, category_exhaust, condition_new, install_available, model_purosangue, pricing_buy_now",TRUE,Variant,Stainless steel,F1 666 17,0,shopify,6,deny,manual,15900.00,TRUE,TRUE,https://cdn.shopify.com/s/files/1/0701/4472/0949/files/Screenshot2026-01-02at23.36.53.png,1,Tailpipes Stainless Steel (2-Piece Set) - Ferrari Purosangue - F1 666 17/ 18 - Novitec,FALSE,active
novitec-tailpipes-black-2pcs-purosangue,,,,,,,,Gold 999,F1 666 18,0,shopify,4,deny,manual,20900.00,TRUE,TRUE,,,,,
novitec-tailpipes-black-2pcs-purosangue,,,,,,,,,,,,,,,,,,https://cdn.shopify.com/s/files/1/0701/4472/0949/files/Screenshot2026-01-02at23.37.57.png,2,Tailpipes Stainless Steel (2-Piece Set) - Ferrari Purosangue - F1 666 17/ 18 - Novitec,,
novitec-tailpipes-black-2pcs-purosangue,,,,,,,,,,,,,,,,,,https://cdn.shopify.com/s/files/1/0701/4472/0949/files/Screenshot2026-01-02at23.38.26.png,3,Tailpipes Stainless Steel (2-Piece Set) - Ferrari Purosangue - F1 666 17/ 18 - Novitec,,
novitec-sport-exhaust-with-flap-ss-purosangue,Exhaust system with flap regulation - Ferrari Purosangue - F1 666 12/ 13/ 14 - Novitec,"<h4>Description</h4> <p>The <strong>NOVITEC Power-Optimized Exhaust System with Flap Regulation</strong> for the Ferrari Purosangue enhances performance while maintaining refined sound control. Designed specifically for Ferrari’s naturally aspirated V12, this system improves exhaust flow and throttle response while allowing adjustable sound characteristics through the integrated valve control.</p> <p>Engineered for perfect OEM-level fitment, it combines performance gains with everyday usability.</p> <h4>Compatibility</h4> <p>Ferrari Purosangue</p> <h4>Key Features</h4> <ul> <li> <p>Power-optimized exhaust system</p> </li> <li> <p>Integrated flap regulation (valved system)</p> </li> <li> <p>Adjustable exhaust sound characteristics</p> </li> <li> <p>Improved exhaust flow and throttle response</p> </li> <li> <p>Developed specifically for the Ferrari Purosangue</p> </li> <li> <p>Direct replacement using factory mounting points</p> </li> <li> <p>Available in Stainless Steel, INCONEL, or Gold-Plated INCONEL</p> </li> </ul> <h4>Variants</h4> <h4>Stainless Steel</h4> <ul> <li> <p>Durable high-grade stainless steel construction</p> </li> <li> <p>Balanced performance and refined sound control</p> </li> </ul> <h4>INCONEL</h4> <ul> <li> <p>Lightweight high-performance alloy</p> </li> <li> <p>Reduced overall system weight</p> </li> <li> <p>Enhanced performance and sharper exhaust tone</p> </li> </ul> <h4>Gold-Plated INCONEL</h4> <ul> <li> <p>Lightweight INCONEL construction</p> </li> <li> <p>Coated with 999 fine gold</p> </li> <li> <p>Significantly reduced heat radiation</p> </li> <li> <p>Maximum thermal efficiency and premium appearance</p> </li> </ul> <h4>Technical Details</h4> <ul> <li> <p>Manufacturer: NOVITEC</p> </li> <li> <p>Product Type: Exhaust System</p> </li> <li> <p>Version: Power-Optimized with flap regulation</p> </li> <li> <p>Heat Protection: Complete heat-protected system</p>",Novitec,Exhaust,"brand_novitec, car_ferrari, category_exhaust, condition_new, install_available, model_purosangue, pricing_buy_now",TRUE,Variant,Stainless steel,F1 666 12,0,shopify,4,deny,manual,35900.00,TRUE,TRUE,https://cdn.shopify.com/s/files/1/0701/4472/0949/files/Screenshot2026-01-02at23.34.31_425411b6-6dc4-4890-939f-b7b527ec4c28.png,1,Exhaust system with flap regulation - Ferrari Purosangue - F1 666 12/ 13/ 14 - Novitec,FALSE,active
novitec-sport-exhaust-with-flap-ss-purosangue,,,,,,,,Inconel,F1 666 13,0,shopify,2,deny,manual,44900.00,TRUE,TRUE,,,,,
novitec-sport-exhaust-with-flap-ss-purosangue,,,,,,,,Inconel Gold 999,F1 666 14,0,shopify,1,deny,manual,59900.00,TRUE,TRUE,,,,,
novitec-sport-exhaust-with-flap-ss-purosangue,,,,,,,,,,,,,,,,,,https://cdn.shopify.com/s/files/1/0701/4472/0949/files/Screenshot2026-01-02at23.35.02.png,2,Exhaust system with flap regulation - Ferrari Purosangue - F1 666 12/ 13/ 14 - Novitec,,
novitec-race-exhaust-with-flap-ss-purosangue,Exhaust system RACE with flap regulation - Ferrari Purosangue - F1 666 11/ 21/ 31 - Novitec,"<h4 class=""MsoNormal""><b><span>Description</span></b></h4> <p class=""MsoNormal""><span>The <b>NOVITEC RACE Exhaust System with Flap Regulation</b> for the Ferrari Purosangue is engineered to enhance performance, reduce backpressure, and deliver a sharper, more aggressive exhaust note. Designed specifically for Ferrari’s naturally aspirated V12, this system improves exhaust flow while maintaining OEM-level fitment and reliability.</span></p> <p class=""MsoNormal""><span>Available in multiple material configurations, each version offers a unique balance of performance, weight reduction, and thermal efficiency.</span></p> <h6 class=""MsoNormal""><span> </span></h6> <h4 class=""MsoNormal""><b><span>Compatibility</span></b></h4> <ul type=""disc""> <li class=""MsoNormal""><span>Ferrari Purosangue</span></li> </ul> <h6 class=""MsoNormal""><span> </span></h6> <h4 class=""MsoNormal""><b><span>Key Features</span></b></h4> <ul type=""disc""> <li class=""MsoNormal""><span>Power-optimized RACE exhaust system</span></li> <li class=""MsoNormal""><span>Integrated flap regulation (valved system)</span></li> <li class=""MsoNormal""><span>Improved exhaust flow and throttle response</span></li> <li class=""MsoNormal""><span>Developed specifically for the Ferrari Purosangue</span></li> <li class=""MsoNormal""><span>Direct replacement using factory mounting points</span></li> <li class=""MsoNormal""><span>Available in Stainless Steel, INCONEL, or Gold-Plated INCONEL</span></li> </ul> <h6 class=""MsoNormal""><span> </span></h6> <h4 class=""MsoNormal""> <b><span>Variants:</span></b><span></span> </h4> <p class=""MsoNormal""><b><span>Stainless Steel</span></b><span></span></p> <ul type=""disc""> <li class=""MsoNormal""><span>Durable high-grade stainless steel construction</span></li> <li class=""MsoNormal""><span>Optimized performance and sound enhancement</span></li> </ul> <p class=""MsoNormal""><b><span>INCONEL</span></b><span></span></p> <ul type=""disc""> <li class=""MsoNormal""><span>Lightweight high-performance alloy</span></li> <li class=""MsoNormal""><span>Reduced overall system weight</span></li> <li class=""MsoNormal""><span>Sharper, motorsport-inspired sound</span></li> </ul> <p class=""MsoNormal""><b><span>Gold-Plated INCONEL</span></b><span></span></p> <ul type=""disc""> <li class=""MsoNormal""><span>Lightweight INCONEL construction</span></li> <li class=""MsoNormal""><span>Coated with 999 fine gold</span></li> <li class=""MsoNormal""><span>Significantly reduced heat radiation</span></li> <li class=""MsoNormal""><span>Maximum thermal efficiency and premium appearance</span></li> </ul> <h6 class=""MsoNormal""><b><span> </span></b></h6> <h4 class=""MsoNormal""><b><span>Technical Details</span></b></h4> <ul type=""disc""> <li class=""MsoNormal""><span>Manufacturer: NOVITEC</span></li> <li class=""MsoNormal""><span>Product Type: Exhaust System</span></li> <li class=""MsoNormal""><span>Version: RACE with flap regulation</span></li> <li class=""MsoNormal""><span>Heat Protection: Complete heat-protected system</span></li> <li class=""MsoNormal""><span>Material: Depending on selected variant</span></li> </ul> <h6 class=""MsoNormal""><span> </span></h6> <h4 class=""MsoNormal""> <b><span>Installation</span></b><span></span> </h4> <p class=""MsoNormal""><span>Professional installation is recommended.<br>No permanent modifications required.</span></p> <h6 class=""MsoNormal""><span> </span></h6> <h4> <b><span>Part Numbers</span></b><span></span> </h4> <p><strong>Stainless Steel</strong></p> <ul> <li> <p>F1 666 11</p> </li> </ul> <p><strong>INCONEL</strong></p> <ul> <li>F1 666 21</li> </ul> <p><strong>Gold-Plated INCONEL</strong></p> <ul> <li>F1 666 31</li> </ul> <h6 class=""MsoNormal""><span> </span></h6>",Novitec,Exhaust,"brand_novitec, car_ferrari, category_exhaust, condition_new, install_available, model_purosangue, pricing_buy_now",TRUE,Variant,Stainless Steel,F1 666 11,0,shopify,5,deny,manual,30900.00,TRUE,TRUE,https://cdn.shopify.com/s/files/1/0701/4472/0949/files/Screenshot2026-01-02at23.32.38.png,1,Exhaust system RACE with flap regulation - Ferrari Purosangue - F1 666 11/ 21/ 31 - Novitec,FALSE,active
novitec-race-exhaust-with-flap-ss-purosangue,,,,,,,,Inconel,F1 666 21,0,shopify,1,deny,manual,38900.00,TRUE,TRUE,,,,,
novitec-race-exhaust-with-flap-ss-purosangue,,,,,,,,Inconel Gold 999,F1 666 31,0,shopify,3,deny,manual,49900.00,TRUE,TRUE,,,,,
novitec-race-exhaust-with-flap-ss-purosangue,,,,,,,,,,,,,,,,,,https://cdn.shopify.com/s/files/1/0701/4472/0949/files/ChatGPTImageJan3_2026at12_36_02AM.png,2,Exhaust system RACE with flap regulation - Ferrari Purosangue - F1 666 11/ 21/ 31 - Novitec,,
